state,joint_action,q
A0:9:1:1|A1:0:0:1|A2:8:1:1|A3:9:2:1$P4:5:5:2:0|P5:8:3:1:0|P6:2:7:3:0|P7:10:6:1:0,"2,1,2,1",0.0
A0:9:1:1|A1:0:0:1|A2:8:1:1|A3:9:2:1$P4:5:5:2:0|P5:8:3:1:0|P6:2:7:3:0|P7:10:6:1:0,"2,3,3,3",0.0
A0:9:1:1|A1:0:0:1|A2:8:1:1|A3:9:2:1$P4:5:5:2:0|P5:8:3:1:0|P6:2:7:3:0|P7:10:6:1:0,"1,3,2,2",0.0
A0:9:1:1|A1:0:0:1|A2:8:1:1|A3:9:2:1$P4:5:5:2:0|P5:8:3:1:0|P6:2:7:3:0|P7:10:6:1:0,"0,1,3,3",0.0
A0:9:1:1|A1:0:0:1|A2:8:1:1|A3:9:2:1$P4:5:5:2:0|P5:8:3:1:0|P6:2:7:3:0|P7:10:6:1:0,"1,3,2,1",0.0
A0:9:1:1|A1:0:0:1|A2:8:1:1|A3:9:2:1$P4:5:5:2:0|P5:8:3:1:0|P6:2:7:3:0|P7:10:6:1:0,"0,0,3,0",0.0
A0:9:0:1|A1:1:0:1|A2:7:1:1|A3:8:2:1$P4:5:5:2:0|P5:8:3:1:0|P6:2:7:3:0|P7:10:6:1:0,"2,2,0,3",0.0
A0:9:0:1|A1:1:0:1|A2:7:1:1|A3:8:2:1$P4:5:5:2:0|P5:8:3:1:0|P6:2:7:3:0|P7:10:6:1:0,"2,1,2,0",0.0
A0:9:0:1|A1:1:0:1|A2:7:1:1|A3:8:2:1$P4:5:5:2:0|P5:8:3:1:0|P6:2:7:3:0|P7:10:6:1:0,"1,3,0,1",0.0
A0:9:0:1|A1:1:0:1|A2:7:1:1|A3:8:2:1$P4:5:5:2:0|P5:8:3:1:0|P6:2:7:3:0|P7:10:6:1:0,"1,1,1,2",0.0
A0:9:0:1|A1:1:0:1|A2:7:1:1|A3:8:2:1$P4:5:5:2:0|P5:8:3:1:0|P6:2:7:3:0|P7:10:6:1:0,"1,3,1,0",0.1
A0:9:0:1|A1:1:0:1|A2:7:1:1|A3:8:2:2$P4:5:5:2:0|P5:8:3:1:1|P6:2:7:3:0|P7:10:6:1:0,"3,2,0,1",0.0
A0:9:0:1|A1:1:0:1|A2:7:1:1|A3:8:2:2$P4:5:5:2:0|P5:8:3:1:1|P6:2:7:3:0|P7:10:6:1:0,"3,0,1,2",0.0
A0:9:0:1|A1:1:0:1|A2:7:1:1|A3:8:2:2$P4:5:5:2:0|P5:8:3:1:1|P6:2:7:3:0|P7:10:6:1:0,"1,3,1,1",0.0
A0:9:0:1|A1:1:0:1|A2:7:1:1|A3:8:2:2$P4:5:5:2:0|P5:8:3:1:1|P6:2:7:3:0|P7:10:6:1:0,"1,2,2,0",0.0
A0:9:0:1|A1:1:0:1|A2:7:1:1|A3:8:2:2$P4:5:5:2:0|P5:8:3:1:1|P6:2:7:3:0|P7:10:6:1:0,"1,1,1,2",0.0
A0:9:0:1|A1:1:0:1|A2:7:2:1|A3:8:1:2$P4:5:5:2:0|P5:8:3:1:1|P6:2:7:3:0|P7:10:6:1:0,"1,3,2,2",0.0
A0:10:0:1|A1:0:0:1|A2:7:2:1|A3:8:1:2$P4:5:5:2:0|P5:8:3:1:1|P6:2:7:3:0|P7:10:6:1:0,"2,0,0,1",0.0
A0:10:0:1|A1:0:0:1|A2:7:2:1|A3:8:1:2$P4:5:5:2:0|P5:8:3:1:1|P6:2:7:3:0|P7:10:6:1:0,"1,1,3,0",0.0
A0:10:0:1|A1:0:0:1|A2:7:2:1|A3:8:1:2$P4:5:5:2:0|P5:8:3:1:1|P6:2:7:3:0|P7:10:6:1:0,"1,2,0,0",0.0
A0:10:0:1|A1:0:0:1|A2:7:2:1|A3:8:1:2$P4:5:5:2:0|P5:8:3:1:1|P6:2:7:3:0|P7:10:6:1:0,"2,2,0,2",0.0
A0:10:0:1|A1:0:0:1|A2:7:2:1|A3:8:1:2$P4:5:5:2:0|P5:8:3:1:1|P6:2:7:3:0|P7:10:6:1:0,"0,3,0,1",0.0
A0:10:0:1|A1:0:0:1|A2:7:2:1|A3:8:1:2$P4:5:5:2:0|P5:8:3:1:1|P6:2:7:3:0|P7:10:6:1:0,"1,0,2,1",0.0
A0:10:0:1|A1:0:0:1|A2:7:2:1|A3:8:1:2$P4:5:5:2:0|P5:8:3:1:1|P6:2:7:3:0|P7:10:6:1:0,"2,0,2,2",0.0
A0:10:0:1|A1:0:0:1|A2:7:2:1|A3:8:1:2$P4:5:5:2:0|P5:8:3:1:1|P6:2:7:3:0|P7:10:6:1:0,"0,0,3,0",0.0
A0:10:0:1|A1:0:0:1|A2:7:2:1|A3:8:1:2$P4:5:5:2:0|P5:8:3:1:1|P6:2:7:3:0|P7:10:6:1:0,"3,3,0,0",0.0
A0:10:0:1|A1:0:0:1|A2:7:3:1|A3:8:1:2$P4:5:5:2:0|P5:8:3:1:1|P6:2:7:3:0|P7:10:6:1:0,"0,0,0,1",0.0
A0:10:1:1|A1:1:0:1|A2:7:3:1|A3:8:0:2$P4:5:5:2:0|P5:8:3:1:1|P6:2:7:3:0|P7:10:6:1:0,"1,3,1,3",0.0
A0:10:1:1|A1:1:0:1|A2:7:3:1|A3:8:0:2$P4:5:5:2:0|P5:8:3:1:1|P6:2:7:3:0|P7:10:6:1:0,"2,2,0,1",0.0
A0:10:1:1|A1:1:0:1|A2:7:3:1|A3:8:0:2$P4:5:5:2:0|P5:8:3:1:1|P6:2:7:3:0|P7:10:6:1:0,"1,2,2,1",0.0
A0:10:1:1|A1:1:0:1|A2:7:3:1|A3:8:0:2$P4:5:5:2:0|P5:8:3:1:1|P6:2:7:3:0|P7:10:6:1:0,"2,2,3,2",0.0
A0:10:1:1|A1:1:0:1|A2:7:3:1|A3:8:0:2$P4:5:5:2:0|P5:8:3:1:1|P6:2:7:3:0|P7:10:6:1:0,"0,2,3,3",0.0
A0:10:1:1|A1:1:0:1|A2:7:3:1|A3:8:0:2$P4:5:5:2:0|P5:8:3:1:1|P6:2:7:3:0|P7:10:6:1:0,"3,1,0,0",0.0
A0:10:1:1|A1:1:0:1|A2:7:3:1|A3:8:0:2$P4:5:5:2:0|P5:8:3:1:1|P6:2:7:3:0|P7:10:6:1:0,"1,1,1,2",0.0
A0:10:1:1|A1:1:0:1|A2:7:3:1|A3:8:0:2$P4:5:5:2:0|P5:8:3:1:1|P6:2:7:3:0|P7:10:6:1:0,"3,2,3,0",0.0
A0:10:1:1|A1:1:0:1|A2:7:3:1|A3:8:0:2$P4:5:5:2:0|P5:8:3:1:1|P6:2:7:3:0|P7:10:6:1:0,"0,0,3,2",0.0
A0:10:1:1|A1:2:0:1|A2:7:4:1|A3:8:0:2$P4:5:5:2:0|P5:8:3:1:1|P6:2:7:3:0|P7:10:6:1:0,"2,2,2,2",0.0
A0:11:1:1|A1:2:0:1|A2:7:4:1|A3:8:1:2$P4:5:5:2:0|P5:8:3:1:1|P6:2:7:3:0|P7:10:6:1:0,"3,0,2,1",0.0
A0:11:1:1|A1:2:0:1|A2:7:4:1|A3:8:1:2$P4:5:5:2:0|P5:8:3:1:1|P6:2:7:3:0|P7:10:6:1:0,"2,1,0,1",0.0
A0:11:1:1|A1:2:0:1|A2:7:4:1|A3:8:1:2$P4:5:5:2:0|P5:8:3:1:1|P6:2:7:3:0|P7:10:6:1:0,"0,1,1,1",0.0
A0:11:1:1|A1:2:0:1|A2:7:4:1|A3:8:1:2$P4:5:5:2:0|P5:8:3:1:1|P6:2:7:3:0|P7:10:6:1:0,"2,1,1,2",0.0
A0:11:1:1|A1:2:0:1|A2:7:4:1|A3:8:1:2$P4:5:5:2:0|P5:8:3:1:1|P6:2:7:3:0|P7:10:6:1:0,"2,0,3,1",0.0
A0:11:1:1|A1:2:0:1|A2:7:4:1|A3:8:1:2$P4:5:5:2:0|P5:8:3:1:1|P6:2:7:3:0|P7:10:6:1:0,"3,3,2,0",0.0
A0:11:1:1|A1:2:0:1|A2:7:4:1|A3:8:1:2$P4:5:5:2:0|P5:8:3:1:1|P6:2:7:3:0|P7:10:6:1:0,"0,1,0,0",0.0
A0:11:1:1|A1:2:0:1|A2:7:4:1|A3:8:1:2$P4:5:5:2:0|P5:8:3:1:1|P6:2:7:3:0|P7:10:6:1:0,"0,1,2,2",0.0
A0:11:1:1|A1:2:0:1|A2:7:4:1|A3:8:1:2$P4:5:5:2:0|P5:8:3:1:1|P6:2:7:3:0|P7:10:6:1:0,"1,2,2,3",0.0
A0:11:1:1|A1:2:0:1|A2:7:4:1|A3:8:1:2$P4:5:5:2:0|P5:8:3:1:1|P6:2:7:3:0|P7:10:6:1:0,"1,0,1,2",0.0
A0:11:1:1|A1:3:0:1|A2:7:4:1|A3:8:2:2$P4:5:5:2:0|P5:8:3:1:1|P6:2:7:3:0|P7:10:6:1:0,"1,1,1,1",0.0
A0:12:1:1|A1:3:0:1|A2:6:4:1|A3:8:2:2$P4:5:5:2:0|P5:8:3:1:1|P6:2:7:3:0|P7:10:6:1:0,"2,2,2,0",0.0
A0:12:1:1|A1:3:0:1|A2:6:4:1|A3:8:2:2$P4:5:5:2:0|P5:8:3:1:1|P6:2:7:3:0|P7:10:6:1:0,"0,3,1,3",0.0
A0:12:1:1|A1:3:0:1|A2:6:4:1|A3:8:2:2$P4:5:5:2:0|P5:8:3:1:1|P6:2:7:3:0|P7:10:6:1:0,"0,0,1,2",0.0
A0:12:1:1|A1:3:0:1|A2:6:4:1|A3:8:2:2$P4:5:5:2:0|P5:8:3:1:1|P6:2:7:3:0|P7:10:6:1:0,"2,3,1,1",0.0
A0:12:1:1|A1:3:0:1|A2:6:4:1|A3:8:2:2$P4:5:5:2:0|P5:8:3:1:1|P6:2:7:3:0|P7:10:6:1:0,"0,1,2,1",0.0
A0:12:1:1|A1:3:0:1|A2:6:4:1|A3:8:2:2$P4:5:5:2:0|P5:8:3:1:1|P6:2:7:3:0|P7:10:6:1:0,"1,1,2,2",0.0
A0:12:1:1|A1:3:0:1|A2:6:4:1|A3:8:2:2$P4:5:5:2:0|P5:8:3:1:1|P6:2:7:3:0|P7:10:6:1:0,"3,2,0,0",0.0
A0:12:1:1|A1:3:0:1|A2:6:4:1|A3:8:2:2$P4:5:5:2:0|P5:8:3:1:1|P6:2:7:3:0|P7:10:6:1:0,"3,3,0,3",0.0
A0:12:1:1|A1:3:0:1|A2:6:4:1|A3:8:2:2$P4:5:5:2:0|P5:8:3:1:1|P6:2:7:3:0|P7:10:6:1:0,"2,3,3,0",0.0
A0:12:1:1|A1:3:0:1|A2:6:4:1|A3:8:2:2$P4:5:5:2:0|P5:8:3:1:1|P6:2:7:3:0|P7:10:6:1:0,"2,3,3,1",0.0
A0:12:1:1|A1:2:0:1|A2:6:4:1|A3:8:2:2$P4:5:5:2:0|P5:8:3:1:1|P6:2:7:3:0|P7:10:6:1:0,"0,2,3,3",0.0
A0:12:0:1|A1:2:0:1|A2:5:4:1|A3:7:2:2$P4:5:5:2:0|P5:8:3:1:1|P6:2:7:3:0|P7:10:6:1:0,"3,1,0,3",0.0
A0:12:0:1|A1:2:0:1|A2:5:4:1|A3:7:2:2$P4:5:5:2:0|P5:8:3:1:1|P6:2:7:3:0|P7:10:6:1:0,"3,0,1,1",0.0
A0:12:0:1|A1:2:0:1|A2:5:4:1|A3:7:2:2$P4:5:5:2:0|P5:8:3:1:1|P6:2:7:3:0|P7:10:6:1:0,"0,2,2,2",0.0
A0:12:0:1|A1:2:0:1|A2:5:4:1|A3:7:2:2$P4:5:5:2:0|P5:8:3:1:1|P6:2:7:3:0|P7:10:6:1:0,"0,3,2,3",0.0
A0:12:0:1|A1:2:0:1|A2:5:4:1|A3:7:2:2$P4:5:5:2:0|P5:8:3:1:1|P6:2:7:3:0|P7:10:6:1:0,"3,0,0,0",0.0
A0:12:0:1|A1:2:0:1|A2:5:4:1|A3:7:2:2$P4:5:5:2:0|P5:8:3:1:1|P6:2:7:3:0|P7:10:6:1:0,"3,3,0,3",0.0
A0:12:0:1|A1:2:0:1|A2:5:4:1|A3:7:2:2$P4:5:5:2:0|P5:8:3:1:1|P6:2:7:3:0|P7:10:6:1:0,"1,1,3,1",0.0
A0:12:0:1|A1:2:0:1|A2:5:4:1|A3:7:2:2$P4:5:5:2:0|P5:8:3:1:1|P6:2:7:3:0|P7:10:6:1:0,"3,0,0,1",0.0
A0:12:0:1|A1:2:0:1|A2:5:4:1|A3:7:2:2$P4:5:5:2:0|P5:8:3:1:1|P6:2:7:3:0|P7:10:6:1:0,"3,2,0,2",0.0
A0:12:0:1|A1:2:0:1|A2:5:4:1|A3:7:2:2$P4:5:5:2:0|P5:8:3:1:1|P6:2:7:3:0|P7:10:6:1:0,"0,3,1,1",0.0
A0:12:0:1|A1:3:0:1|A2:5:3:1|A3:7:2:2$P4:5:5:2:0|P5:8:3:1:1|P6:2:7:3:0|P7:10:6:1:0,"1,0,1,0",0.0
A0:11:0:1|A1:3:0:1|A2:5:3:1|A3:8:2:2$P4:5:5:2:0|P5:8:3:1:1|P6:2:7:3:0|P7:10:6:1:0,"3,0,0,3",0.0
A0:11:0:1|A1:3:0:1|A2:5:3:1|A3:8:2:2$P4:5:5:2:0|P5:8:3:1:1|P6:2:7:3:0|P7:10:6:1:0,"2,3,2,1",0.0
A0:11:0:1|A1:3:0:1|A2:5:3:1|A3:8:2:2$P4:5:5:2:0|P5:8:3:1:1|P6:2:7:3:0|P7:10:6:1:0,"1,0,3,0",0.0
A0:11:0:1|A1:3:0:1|A2:5:3:1|A3:8:2:2$P4:5:5:2:0|P5:8:3:1:1|P6:2:7:3:0|P7:10:6:1:0,"3,0,0,2",0.0
A0:11:0:1|A1:3:0:1|A2:5:3:1|A3:8:2:2$P4:5:5:2:0|P5:8:3:1:1|P6:2:7:3:0|P7:10:6:1:0,"3,2,3,1",0.0
A0:11:0:1|A1:3:0:1|A2:5:3:1|A3:8:2:2$P4:5:5:2:0|P5:8:3:1:1|P6:2:7:3:0|P7:10:6:1:0,"3,2,2,2",0.0
A0:11:0:1|A1:3:0:1|A2:5:3:1|A3:8:2:2$P4:5:5:2:0|P5:8:3:1:1|P6:2:7:3:0|P7:10:6:1:0,"3,1,2,2",0.0
A0:11:0:1|A1:3:0:1|A2:5:3:1|A3:8:2:2$P4:5:5:2:0|P5:8:3:1:1|P6:2:7:3:0|P7:10:6:1:0,"2,3,1,2",0.0
A0:11:0:1|A1:3:0:1|A2:5:3:1|A3:8:2:2$P4:5:5:2:0|P5:8:3:1:1|P6:2:7:3:0|P7:10:6:1:0,"1,2,3,3",0.0
A0:11:0:1|A1:2:0:1|A2:5:3:1|A3:8:2:2$P4:5:5:2:0|P5:8:3:1:1|P6:2:7:3:0|P7:10:6:1:0,"1,1,3,3",0.0
A0:12:0:1|A1:2:0:1|A2:4:3:1|A3:7:2:2$P4:5:5:2:0|P5:8:3:1:1|P6:2:7:3:0|P7:10:6:1:0,"0,3,1,0",0.0
A0:12:0:1|A1:2:0:1|A2:4:3:1|A3:7:2:2$P4:5:5:2:0|P5:8:3:1:1|P6:2:7:3:0|P7:10:6:1:0,"1,0,3,2",0.0
A0:12:0:1|A1:2:0:1|A2:4:3:1|A3:7:2:2$P4:5:5:2:0|P5:8:3:1:1|P6:2:7:3:0|P7:10:6:1:0,"0,3,3,0",0.0
A0:12:0:1|A1:2:0:1|A2:4:3:1|A3:7:2:2$P4:5:5:2:0|P5:8:3:1:1|P6:2:7:3:0|P7:10:6:1:0,"3,0,1,1",0.0
A0:12:0:1|A1:2:0:1|A2:4:3:1|A3:7:2:2$P4:5:5:2:0|P5:8:3:1:1|P6:2:7:3:0|P7:10:6:1:0,"3,1,0,1",0.0
A0:12:0:1|A1:2:0:1|A2:4:3:1|A3:7:2:2$P4:5:5:2:0|P5:8:3:1:1|P6:2:7:3:0|P7:10:6:1:0,"0,1,3,1",0.0
A0:12:0:1|A1:2:0:1|A2:4:3:1|A3:7:2:2$P4:5:5:2:0|P5:8:3:1:1|P6:2:7:3:0|P7:10:6:1:0,"1,3,1,3",0.0
A0:12:0:1|A1:2:0:1|A2:4:3:1|A3:7:2:2$P4:5:5:2:0|P5:8:3:1:1|P6:2:7:3:0|P7:10:6:1:0,"2,3,3,1",0.0
A0:12:0:1|A1:2:0:1|A2:4:3:1|A3:7:2:2$P4:5:5:2:0|P5:8:3:1:1|P6:2:7:3:0|P7:10:6:1:0,"1,2,2,0",0.0
A0:12:0:1|A1:2:0:1|A2:4:3:1|A3:7:2:2$P4:5:5:2:0|P5:8:3:1:1|P6:2:7:3:0|P7:10:6:1:0,"1,2,1,1",0.0
A0:12:0:1|A1:1:0:1|A2:4:3:1|A3:7:1:2$P4:5:5:2:0|P5:8:3:1:1|P6:2:7:3:0|P7:10:6:1:0,"2,1,2,1",0.0
A0:12:1:1|A1:1:0:1|A2:5:3:1|A3:7:1:2$P4:5:5:2:0|P5:8:3:1:1|P6:2:7:3:0|P7:10:6:1:0,"3,0,3,3",0.0
A0:12:1:1|A1:1:0:1|A2:5:3:1|A3:7:1:2$P4:5:5:2:0|P5:8:3:1:1|P6:2:7:3:0|P7:10:6:1:0,"0,3,0,3",0.0
A0:12:1:1|A1:1:0:1|A2:5:3:1|A3:7:1:2$P4:5:5:2:0|P5:8:3:1:1|P6:2:7:3:0|P7:10:6:1:0,"2,3,2,2",0.0
A0:12:1:1|A1:1:0:1|A2:5:3:1|A3:7:1:2$P4:5:5:2:0|P5:8:3:1:1|P6:2:7:3:0|P7:10:6:1:0,"2,2,3,3",0.0
A0:12:1:1|A1:1:0:1|A2:5:3:1|A3:7:1:2$P4:5:5:2:0|P5:8:3:1:1|P6:2:7:3:0|P7:10:6:1:0,"1,1,3,2",0.0
A0:12:1:1|A1:1:0:1|A2:5:3:1|A3:7:1:2$P4:5:5:2:0|P5:8:3:1:1|P6:2:7:3:0|P7:10:6:1:0,"1,0,2,0",0.0
A0:12:1:1|A1:1:0:1|A2:5:3:1|A3:7:1:2$P4:5:5:2:0|P5:8:3:1:1|P6:2:7:3:0|P7:10:6:1:0,"3,0,3,2",0.0
A0:12:1:1|A1:1:0:1|A2:5:3:1|A3:7:1:2$P4:5:5:2:0|P5:8:3:1:1|P6:2:7:3:0|P7:10:6:1:0,"3,2,3,1",0.0
A0:12:1:1|A1:1:0:1|A2:5:3:1|A3:7:1:2$P4:5:5:2:0|P5:8:3:1:1|P6:2:7:3:0|P7:10:6:1:0,"3,2,3,2",0.0
A0:12:1:1|A1:1:0:1|A2:5:3:1|A3:7:1:2$P4:5:5:2:0|P5:8:3:1:1|P6:2:7:3:0|P7:10:6:1:0,"0,3,0,1",0.0
A0:12:1:1|A1:1:0:1|A2:5:3:1|A3:7:2:2$P4:5:5:2:0|P5:8:3:1:1|P6:2:7:3:0|P7:10:6:1:0,"1,3,0,3",0.0
A0:12:0:1|A1:1:1:1|A2:4:3:1|A3:7:2:2$P4:5:5:2:0|P5:8:3:1:1|P6:2:7:3:0|P7:10:6:1:0,"0,2,1,3",0.0
A0:12:0:1|A1:1:1:1|A2:4:3:1|A3:7:2:2$P4:5:5:2:0|P5:8:3:1:1|P6:2:7:3:0|P7:10:6:1:0,"3,3,3,1",0.0
A0:12:0:1|A1:1:1:1|A2:4:3:1|A3:7:2:2$P4:5:5:2:0|P5:8:3:1:1|P6:2:7:3:0|P7:10:6:1:0,"2,1,1,2",0.0
A0:12:0:1|A1:1:1:1|A2:4:3:1|A3:7:2:2$P4:5:5:2:0|P5:8:3:1:1|P6:2:7:3:0|P7:10:6:1:0,"1,3,3,1",0.0
A0:12:0:1|A1:1:1:1|A2:4:3:1|A3:7:2:2$P4:5:5:2:0|P5:8:3:1:1|P6:2:7:3:0|P7:10:6:1:0,"3,0,0,0",0.0
A0:12:0:1|A1:1:1:1|A2:4:3:1|A3:7:2:2$P4:5:5:2:0|P5:8:3:1:1|P6:2:7:3:0|P7:10:6:1:0,"3,2,3,3",0.0
A0:12:0:1|A1:1:1:1|A2:4:3:1|A3:7:2:2$P4:5:5:2:0|P5:8:3:1:1|P6:2:7:3:0|P7:10:6:1:0,"3,1,0,0",0.0
A0:12:0:1|A1:1:1:1|A2:4:3:1|A3:7:2:2$P4:5:5:2:0|P5:8:3:1:1|P6:2:7:3:0|P7:10:6:1:0,"2,0,0,0",0.0
A0:12:0:1|A1:1:1:1|A2:4:3:1|A3:7:2:2$P4:5:5:2:0|P5:8:3:1:1|P6:2:7:3:0|P7:10:6:1:0,"0,2,0,2",0.0
A0:12:0:1|A1:1:1:1|A2:4:3:1|A3:7:2:2$P4:5:5:2:0|P5:8:3:1:1|P6:2:7:3:0|P7:10:6:1:0,"2,0,2,1",0.0
A0:12:0:1|A1:1:1:1|A2:4:3:1|A3:7:2:2$P4:5:5:2:0|P5:8:3:1:1|P6:2:7:3:0|P7:10:6:1:0,"2,2,2,3",0.0
A0:11:0:1|A1:0:1:1|A2:5:3:1|A3:8:2:2$P4:5:5:2:0|P5:8:3:1:1|P6:2:7:3:0|P7:10:6:1:0,"3,3,2,1",0.0
A0:11:0:1|A1:0:1:1|A2:5:3:1|A3:8:2:2$P4:5:5:2:0|P5:8:3:1:1|P6:2:7:3:0|P7:10:6:1:0,"3,2,3,0",0.0
A0:11:0:1|A1:0:1:1|A2:5:3:1|A3:8:2:2$P4:5:5:2:0|P5:8:3:1:1|P6:2:7:3:0|P7:10:6:1:0,"1,3,0,2",0.0
A0:11:0:1|A1:0:1:1|A2:5:3:1|A3:8:2:2$P4:5:5:2:0|P5:8:3:1:1|P6:2:7:3:0|P7:10:6:1:0,"3,1,1,1",0.0
A0:11:0:1|A1:0:1:1|A2:5:3:1|A3:8:2:2$P4:5:5:2:0|P5:8:3:1:1|P6:2:7:3:0|P7:10:6:1:0,"3,1,3,1",0.0
A0:11:0:1|A1:0:1:1|A2:5:3:1|A3:8:2:2$P4:5:5:2:0|P5:8:3:1:1|P6:2:7:3:0|P7:10:6:1:0,"3,0,0,0",0.0
A0:11:0:1|A1:0:1:1|A2:5:3:1|A3:8:2:2$P4:5:5:2:0|P5:8:3:1:1|P6:2:7:3:0|P7:10:6:1:0,"0,1,1,2",0.0
A0:11:0:1|A1:0:1:1|A2:5:3:1|A3:8:2:2$P4:5:5:2:0|P5:8:3:1:1|P6:2:7:3:0|P7:10:6:1:0,"0,2,3,3",0.0
A0:11:0:1|A1:0:1:1|A2:5:3:1|A3:8:2:2$P4:5:5:2:0|P5:8:3:1:1|P6:2:7:3:0|P7:10:6:1:0,"0,3,3,1",0.0
A0:11:0:1|A1:0:1:1|A2:5:3:1|A3:8:2:2$P4:5:5:2:0|P5:8:3:1:1|P6:2:7:3:0|P7:10:6:1:0,"2,2,1,0",0.0
A0:11:0:1|A1:0:2:1|A2:5:4:1|A3:8:3:2$P4:5:5:2:0|P5:8:3:1:1|P6:2:7:3:0|P7:10:6:1:0,"1,2,1,0",0.0
A0:12:0:1|A1:0:2:1|A2:5:4:1|A3:8:3:2$P4:5:5:2:0|P5:8:3:1:1|P6:2:7:3:0|P7:10:6:1:0,"3,0,1,2",0.0
A0:12:0:1|A1:0:2:1|A2:5:4:1|A3:8:3:2$P4:5:5:2:0|P5:8:3:1:1|P6:2:7:3:0|P7:10:6:1:0,"3,0,1,0",0.0
A0:12:0:1|A1:0:2:1|A2:5:4:1|A3:8:3:2$P4:5:5:2:0|P5:8:3:1:1|P6:2:7:3:0|P7:10:6:1:0,"3,1,0,2",0.0
A0:12:0:1|A1:0:2:1|A2:5:4:1|A3:8:3:2$P4:5:5:2:0|P5:8:3:1:1|P6:2:7:3:0|P7:10:6:1:0,"3,1,1,0",0.0
A0:12:0:1|A1:0:2:1|A2:5:4:1|A3:8:3:2$P4:5:5:2:0|P5:8:3:1:1|P6:2:7:3:0|P7:10:6:1:0,"2,3,2,0",0.0
A0:12:0:1|A1:0:2:1|A2:5:4:1|A3:8:3:2$P4:5:5:2:0|P5:8:3:1:1|P6:2:7:3:0|P7:10:6:1:0,"2,1,3,1",0.0
A0:12:0:1|A1:0:2:1|A2:5:4:1|A3:8:3:2$P4:5:5:2:0|P5:8:3:1:1|P6:2:7:3:0|P7:10:6:1:0,"1,3,1,1",0.0
A0:12:0:1|A1:0:2:1|A2:5:4:1|A3:8:3:2$P4:5:5:2:0|P5:8:3:1:1|P6:2:7:3:0|P7:10:6:1:0,"0,1,2,2",0.0
A0:12:0:1|A1:0:2:1|A2:5:4:1|A3:8:3:2$P4:5:5:2:0|P5:8:3:1:1|P6:2:7:3:0|P7:10:6:1:0,"1,1,2,3",0.0
A0:12:0:1|A1:0:2:1|A2:5:4:1|A3:8:3:2$P4:5:5:2:0|P5:8:3:1:1|P6:2:7:3:0|P7:10:6:1:0,"2,0,3,2",0.0
A0:12:0:1|A1:0:1:1|A2:5:4:1|A3:8:2:2$P4:5:5:2:0|P5:8:3:1:1|P6:2:7:3:0|P7:10:6:1:0,"1,3,0,1",0.0
A0:11:0:1|A1:0:1:1|A2:6:4:1|A3:8:2:2$P4:5:5:2:0|P5:8:3:1:1|P6:2:7:3:0|P7:10:6:1:0,"3,2,1,1",0.0
A0:11:0:1|A1:0:1:1|A2:6:4:1|A3:8:2:2$P4:5:5:2:0|P5:8:3:1:1|P6:2:7:3:0|P7:10:6:1:0,"3,3,0,2",0.0
A0:11:0:1|A1:0:1:1|A2:6:4:1|A3:8:2:2$P4:5:5:2:0|P5:8:3:1:1|P6:2:7:3:0|P7:10:6:1:0,"3,1,0,0",0.0
A0:11:0:1|A1:0:1:1|A2:6:4:1|A3:8:2:2$P4:5:5:2:0|P5:8:3:1:1|P6:2:7:3:0|P7:10:6:1:0,"1,3,3,1",0.0
A0:11:0:1|A1:0:1:1|A2:6:4:1|A3:8:2:2$P4:5:5:2:0|P5:8:3:1:1|P6:2:7:3:0|P7:10:6:1:0,"1,3,1,0",0.0
A0:11:0:1|A1:0:1:1|A2:6:4:1|A3:8:2:2$P4:5:5:2:0|P5:8:3:1:1|P6:2:7:3:0|P7:10:6:1:0,"2,0,3,1",0.0
A0:11:0:1|A1:0:1:1|A2:6:4:1|A3:8:2:2$P4:5:5:2:0|P5:8:3:1:1|P6:2:7:3:0|P7:10:6:1:0,"0,2,3,1",0.0
A0:11:0:1|A1:0:1:1|A2:6:4:1|A3:8:2:2$P4:5:5:2:0|P5:8:3:1:1|P6:2:7:3:0|P7:10:6:1:0,"0,2,3,0",0.0
A0:11:0:1|A1:0:1:1|A2:6:4:1|A3:8:2:2$P4:5:5:2:0|P5:8:3:1:1|P6:2:7:3:0|P7:10:6:1:0,"2,1,1,3",0.0
A0:11:0:1|A1:0:1:1|A2:6:4:1|A3:8:2:2$P4:5:5:2:0|P5:8:3:1:1|P6:2:7:3:0|P7:10:6:1:0,"1,0,1,0",0.0
A0:11:0:1|A1:0:2:1|A2:6:4:1|A3:8:1:2$P4:5:5:2:0|P5:8:3:1:1|P6:2:7:3:0|P7:10:6:1:0,"1,1,2,0",0.0
A0:10:0:1|A1:0:2:1|A2:7:4:1|A3:8:1:2$P4:5:5:2:0|P5:8:3:1:1|P6:2:7:3:0|P7:10:6:1:0,"1,3,2,0",0.0
A0:10:0:1|A1:0:2:1|A2:7:4:1|A3:8:1:2$P4:5:5:2:0|P5:8:3:1:1|P6:2:7:3:0|P7:10:6:1:0,"3,3,2,1",0.0
A0:10:0:1|A1:0:2:1|A2:7:4:1|A3:8:1:2$P4:5:5:2:0|P5:8:3:1:1|P6:2:7:3:0|P7:10:6:1:0,"1,1,1,1",0.0
A0:10:0:1|A1:0:2:1|A2:7:4:1|A3:8:1:2$P4:5:5:2:0|P5:8:3:1:1|P6:2:7:3:0|P7:10:6:1:0,"1,3,0,0",0.0
A0:10:0:1|A1:0:2:1|A2:7:4:1|A3:8:1:2$P4:5:5:2:0|P5:8:3:1:1|P6:2:7:3:0|P7:10:6:1:0,"3,2,3,3",0.0
A0:10:0:1|A1:0:2:1|A2:7:4:1|A3:8:1:2$P4:5:5:2:0|P5:8:3:1:1|P6:2:7:3:0|P7:10:6:1:0,"1,2,1,2",0.0
A0:10:0:1|A1:0:2:1|A2:7:4:1|A3:8:1:2$P4:5:5:2:0|P5:8:3:1:1|P6:2:7:3:0|P7:10:6:1:0,"3,0,3,2",0.0
A0:10:0:1|A1:0:2:1|A2:7:4:1|A3:8:1:2$P4:5:5:2:0|P5:8:3:1:1|P6:2:7:3:0|P7:10:6:1:0,"1,1,1,3",0.0
A0:10:0:1|A1:0:2:1|A2:7:4:1|A3:8:1:2$P4:5:5:2:0|P5:8:3:1:1|P6:2:7:3:0|P7:10:6:1:0,"3,2,0,3",0.0
A0:10:0:1|A1:0:2:1|A2:7:4:1|A3:8:1:2$P4:5:5:2:0|P5:8:3:1:1|P6:2:7:3:0|P7:10:6:1:0,"0,0,1,2",0.0
A0:10:0:1|A1:0:3:1|A2:7:3:1|A3:8:1:2$P4:5:5:2:0|P5:8:3:1:1|P6:2:7:3:0|P7:10:6:1:0,"2,2,2,0",0.0
A0:11:0:1|A1:0:3:1|A2:7:3:1|A3:7:1:2$P4:5:5:2:0|P5:8:3:1:1|P6:2:7:3:0|P7:10:6:1:0,"1,1,2,0",0.0
A0:11:0:1|A1:0:3:1|A2:7:3:1|A3:7:1:2$P4:5:5:2:0|P5:8:3:1:1|P6:2:7:3:0|P7:10:6:1:0,"2,2,1,3",0.0
A0:11:0:1|A1:0:3:1|A2:7:3:1|A3:7:1:2$P4:5:5:2:0|P5:8:3:1:1|P6:2:7:3:0|P7:10:6:1:0,"3,1,2,0",0.0
A0:11:0:1|A1:0:3:1|A2:7:3:1|A3:7:1:2$P4:5:5:2:0|P5:8:3:1:1|P6:2:7:3:0|P7:10:6:1:0,"2,3,3,0",0.0
A0:11:0:1|A1:0:3:1|A2:7:3:1|A3:7:1:2$P4:5:5:2:0|P5:8:3:1:1|P6:2:7:3:0|P7:10:6:1:0,"3,0,0,0",0.0
A0:11:0:1|A1:0:3:1|A2:7:3:1|A3:7:1:2$P4:5:5:2:0|P5:8:3:1:1|P6:2:7:3:0|P7:10:6:1:0,"1,2,1,1",0.0
A0:11:0:1|A1:0:3:1|A2:7:3:1|A3:7:1:2$P4:5:5:2:0|P5:8:3:1:1|P6:2:7:3:0|P7:10:6:1:0,"3,1,0,2",0.0
A0:11:0:1|A1:0:3:1|A2:7:3:1|A3:7:1:2$P4:5:5:2:0|P5:8:3:1:1|P6:2:7:3:0|P7:10:6:1:0,"2,0,2,1",0.0
A0:11:0:1|A1:0:3:1|A2:7:3:1|A3:7:1:2$P4:5:5:2:0|P5:8:3:1:1|P6:2:7:3:0|P7:10:6:1:0,"2,1,0,2",0.0
A0:11:0:1|A1:0:3:1|A2:7:3:1|A3:7:1:2$P4:5:5:2:0|P5:8:3:1:1|P6:2:7:3:0|P7:10:6:1:0,"2,1,3,2",0.0
A0:11:0:1|A1:0:4:1|A2:7:2:1|A3:7:1:2$P4:5:5:2:0|P5:8:3:1:1|P6:2:7:3:0|P7:10:6:1:0,"2,0,0,1",0.0
A0:10:0:1|A1:0:4:1|A2:7:2:1|A3:7:0:2$P4:5:5:2:0|P5:8:3:1:1|P6:2:7:3:0|P7:10:6:1:0,"3,0,2,1",0.0
A0:10:0:1|A1:0:4:1|A2:7:2:1|A3:7:0:2$P4:5:5:2:0|P5:8:3:1:1|P6:2:7:3:0|P7:10:6:1:0,"2,2,2,3",0.0
A0:10:0:1|A1:0:4:1|A2:7:2:1|A3:7:0:2$P4:5:5:2:0|P5:8:3:1:1|P6:2:7:3:0|P7:10:6:1:0,"2,1,2,1",0.0
A0:10:0:1|A1:0:4:1|A2:7:2:1|A3:7:0:2$P4:5:5:2:0|P5:8:3:1:1|P6:2:7:3:0|P7:10:6:1:0,"0,2,2,0",0.0
A0:10:0:1|A1:0:4:1|A2:7:2:1|A3:7:0:2$P4:5:5:2:0|P5:8:3:1:1|P6:2:7:3:0|P7:10:6:1:0,"0,0,3,3",0.0
A0:10:0:1|A1:0:4:1|A2:7:2:1|A3:7:0:2$P4:5:5:2:0|P5:8:3:1:1|P6:2:7:3:0|P7:10:6:1:0,"0,1,0,1",0.0
A0:10:0:1|A1:0:4:1|A2:7:2:1|A3:7:0:2$P4:5:5:2:0|P5:8:3:1:1|P6:2:7:3:0|P7:10:6:1:0,"3,2,0,0",0.0
A0:10:0:1|A1:0:4:1|A2:7:2:1|A3:7:0:2$P4:5:5:2:0|P5:8:3:1:1|P6:2:7:3:0|P7:10:6:1:0,"2,3,1,3",0.0
A0:10:0:1|A1:0:4:1|A2:7:2:1|A3:7:0:2$P4:5:5:2:0|P5:8:3:1:1|P6:2:7:3:0|P7:10:6:1:0,"0,0,1,2",0.0
A0:10:0:1|A1:0:4:1|A2:7:2:1|A3:7:0:2$P4:5:5:2:0|P5:8:3:1:1|P6:2:7:3:0|P7:10:6:1:0,"3,1,1,0",0.0
A0:10:0:1|A1:0:3:1|A2:7:3:1|A3:7:0:2$P4:5:5:2:0|P5:8:3:1:1|P6:2:7:3:0|P7:10:6:1:0,"3,1,3,1",0.0
A0:10:1:1|A1:0:3:1|A2:7:3:1|A3:8:0:2$P4:5:5:2:0|P5:8:3:1:1|P6:2:7:3:0|P7:10:6:1:0,"2,1,1,0",0.0
A0:10:1:1|A1:0:3:1|A2:7:3:1|A3:8:0:2$P4:5:5:2:0|P5:8:3:1:1|P6:2:7:3:0|P7:10:6:1:0,"3,2,2,3",0.0
A0:10:1:1|A1:0:3:1|A2:7:3:1|A3:8:0:2$P4:5:5:2:0|P5:8:3:1:1|P6:2:7:3:0|P7:10:6:1:0,"3,3,1,2",0.0
A0:10:1:1|A1:0:3:1|A2:7:3:1|A3:8:0:2$P4:5:5:2:0|P5:8:3:1:1|P6:2:7:3:0|P7:10:6:1:0,"3,2,2,1",0.0
A0:10:1:1|A1:0:3:1|A2:7:3:1|A3:8:0:2$P4:5:5:2:0|P5:8:3:1:1|P6:2:7:3:0|P7:10:6:1:0,"1,0,3,3",0.0
A0:10:1:1|A1:0:3:1|A2:7:3:1|A3:8:0:2$P4:5:5:2:0|P5:8:3:1:1|P6:2:7:3:0|P7:10:6:1:0,"1,0,2,3",0.0
A0:10:1:1|A1:0:3:1|A2:7:3:1|A3:8:0:2$P4:5:5:2:0|P5:8:3:1:1|P6:2:7:3:0|P7:10:6:1:0,"0,2,3,3",0.0
A0:10:1:1|A1:0:3:1|A2:7:3:1|A3:8:0:2$P4:5:5:2:0|P5:8:3:1:1|P6:2:7:3:0|P7:10:6:1:0,"2,3,2,2",0.0
A0:10:1:1|A1:0:3:1|A2:7:3:1|A3:8:0:2$P4:5:5:2:0|P5:8:3:1:1|P6:2:7:3:0|P7:10:6:1:0,"0,0,0,1",0.0
A0:10:1:1|A1:0:3:1|A2:7:3:1|A3:8:0:2$P4:5:5:2:0|P5:8:3:1:1|P6:2:7:3:0|P7:10:6:1:0,"1,0,3,1",0.0
A0:10:1:1|A1:0:4:1|A2:7:3:1|A3:8:0:2$P4:5:5:2:0|P5:8:3:1:1|P6:2:7:3:0|P7:10:6:1:0,"2,2,2,0",0.0
A0:10:0:1|A1:0:4:1|A2:6:3:1|A3:9:0:2$P4:5:5:2:0|P5:8:3:1:1|P6:2:7:3:0|P7:10:6:1:0,"2,1,3,2",0.0
A0:10:0:1|A1:0:4:1|A2:6:3:1|A3:9:0:2$P4:5:5:2:0|P5:8:3:1:1|P6:2:7:3:0|P7:10:6:1:0,"1,1,2,1",0.0
A0:10:0:1|A1:0:4:1|A2:6:3:1|A3:9:0:2$P4:5:5:2:0|P5:8:3:1:1|P6:2:7:3:0|P7:10:6:1:0,"1,0,0,1",0.0
A0:10:0:1|A1:0:4:1|A2:6:3:1|A3:9:0:2$P4:5:5:2:0|P5:8:3:1:1|P6:2:7:3:0|P7:10:6:1:0,"0,1,1,2",0.0
A0:10:0:1|A1:0:4:1|A2:6:3:1|A3:9:0:2$P4:5:5:2:0|P5:8:3:1:1|P6:2:7:3:0|P7:10:6:1:0,"3,1,1,1",0.0
A0:10:0:1|A1:0:4:1|A2:6:3:1|A3:9:0:2$P4:5:5:2:0|P5:8:3:1:1|P6:2:7:3:0|P7:10:6:1:0,"3,1,3,2",0.0
A0:10:0:1|A1:0:4:1|A2:6:3:1|A3:9:0:2$P4:5:5:2:0|P5:8:3:1:1|P6:2:7:3:0|P7:10:6:1:0,"3,2,0,1",0.0
A0:10:0:1|A1:0:4:1|A2:6:3:1|A3:9:0:2$P4:5:5:2:0|P5:8:3:1:1|P6:2:7:3:0|P7:10:6:1:0,"1,2,0,3",0.0
A0:10:0:1|A1:0:4:1|A2:6:3:1|A3:9:0:2$P4:5:5:2:0|P5:8:3:1:1|P6:2:7:3:0|P7:10:6:1:0,"3,3,1,0",0.0
A0:10:0:1|A1:0:3:1|A2:6:3:1|A3:9:0:2$P4:5:5:2:0|P5:8:3:1:1|P6:2:7:3:0|P7:10:6:1:0,"0,2,2,3",0.0
A0:11:0:1|A1:0:3:1|A2:7:3:1|A3:8:0:2$P4:5:5:2:0|P5:8:3:1:1|P6:2:7:3:0|P7:10:6:1:0,"2,3,1,2",0.0
A0:11:0:1|A1:0:3:1|A2:7:3:1|A3:8:0:2$P4:5:5:2:0|P5:8:3:1:1|P6:2:7:3:0|P7:10:6:1:0,"1,0,0,0",0.0
A0:11:0:1|A1:0:3:1|A2:7:3:1|A3:8:0:2$P4:5:5:2:0|P5:8:3:1:1|P6:2:7:3:0|P7:10:6:1:0,"2,0,1,1",0.0
A0:11:0:1|A1:0:3:1|A2:7:3:1|A3:8:0:2$P4:5:5:2:0|P5:8:3:1:1|P6:2:7:3:0|P7:10:6:1:0,"2,1,2,3",0.0
A0:11:0:1|A1:0:3:1|A2:7:3:1|A3:8:0:2$P4:5:5:2:0|P5:8:3:1:1|P6:2:7:3:0|P7:10:6:1:0,"2,2,2,3",0.0
A0:11:0:1|A1:0:3:1|A2:7:3:1|A3:8:0:2$P4:5:5:2:0|P5:8:3:1:1|P6:2:7:3:0|P7:10:6:1:0,"3,1,3,1",0.0
A0:11:0:1|A1:0:3:1|A2:7:3:1|A3:8:0:2$P4:5:5:2:0|P5:8:3:1:1|P6:2:7:3:0|P7:10:6:1:0,"2,1,1,2",0.0
A0:11:0:1|A1:0:3:1|A2:7:3:1|A3:8:0:2$P4:5:5:2:0|P5:8:3:1:1|P6:2:7:3:0|P7:10:6:1:0,"1,2,0,0",0.0
A0:11:0:1|A1:0:3:1|A2:7:3:1|A3:8:0:2$P4:5:5:2:0|P5:8:3:1:1|P6:2:7:3:0|P7:10:6:1:0,"3,2,2,3",0.0
A0:11:0:1|A1:0:3:1|A2:7:3:1|A3:8:0:2$P4:5:5:2:0|P5:8:3:1:1|P6:2:7:3:0|P7:10:6:1:0,"0,2,2,3",0.0
A0:11:0:1|A1:0:2:1|A2:7:3:1|A3:8:0:2$P4:5:5:2:0|P5:8:3:1:1|P6:2:7:3:0|P7:10:6:1:0,"1,2,1,3",0.0
A0:12:0:1|A1:0:2:1|A2:8:3:1|A3:9:0:2$P4:5:5:2:0|P5:8:3:1:1|P6:2:7:3:0|P7:10:6:1:0,"2,1,2,1",0.0
A0:12:0:1|A1:0:2:1|A2:8:3:1|A3:9:0:2$P4:5:5:2:0|P5:8:3:1:1|P6:2:7:3:0|P7:10:6:1:0,"1,0,0,3",0.0
A0:12:0:1|A1:0:2:1|A2:8:3:1|A3:9:0:2$P4:5:5:2:0|P5:8:3:1:1|P6:2:7:3:0|P7:10:6:1:0,"0,0,1,1",0.0
A0:12:0:1|A1:0:2:1|A2:8:3:1|A3:9:0:2$P4:5:5:2:0|P5:8:3:1:1|P6:2:7:3:0|P7:10:6:1:0,"1,2,1,2",0.0
A0:12:0:1|A1:0:2:1|A2:8:3:1|A3:9:0:2$P4:5:5:2:0|P5:8:3:1:1|P6:2:7:3:0|P7:10:6:1:0,"1,0,2,1",0.0
A0:12:0:1|A1:0:2:1|A2:8:3:1|A3:9:0:2$P4:5:5:2:0|P5:8:3:1:1|P6:2:7:3:0|P7:10:6:1:0,"2,0,1,2",0.0
A0:12:0:1|A1:0:2:1|A2:8:3:1|A3:9:0:2$P4:5:5:2:0|P5:8:3:1:1|P6:2:7:3:0|P7:10:6:1:0,"1,0,3,2",0.0
A0:12:0:1|A1:0:2:1|A2:8:3:1|A3:9:0:2$P4:5:5:2:0|P5:8:3:1:1|P6:2:7:3:0|P7:10:6:1:0,"1,1,3,0",0.0
A0:12:0:1|A1:0:2:1|A2:8:3:1|A3:9:0:2$P4:5:5:2:0|P5:8:3:1:1|P6:2:7:3:0|P7:10:6:1:0,"0,0,0,0",0.0
A0:12:0:1|A1:0:2:1|A2:8:3:1|A3:9:0:2$P4:5:5:2:0|P5:8:3:1:1|P6:2:7:3:0|P7:10:6:1:0,"2,2,0,0",0.0
A0:12:0:1|A1:0:3:1|A2:8:2:1|A3:9:0:2$P4:5:5:2:0|P5:8:3:1:1|P6:2:7:3:0|P7:10:6:1:0,"1,2,3,0",0.0
A0:11:0:1|A1:0:3:1|A2:8:2:1|A3:8:0:2$P4:5:5:2:0|P5:8:3:1:1|P6:2:7:3:0|P7:10:6:1:0,"2,0,0,3",0.0
A0:11:0:1|A1:0:3:1|A2:8:2:1|A3:8:0:2$P4:5:5:2:0|P5:8:3:1:1|P6:2:7:3:0|P7:10:6:1:0,"1,2,1,1",0.0
A0:11:0:1|A1:0:3:1|A2:8:2:1|A3:8:0:2$P4:5:5:2:0|P5:8:3:1:1|P6:2:7:3:0|P7:10:6:1:0,"0,1,0,3",0.0
A0:11:0:1|A1:0:3:1|A2:8:2:1|A3:8:0:2$P4:5:5:2:0|P5:8:3:1:1|P6:2:7:3:0|P7:10:6:1:0,"0,3,1,0",0.0
A0:11:0:1|A1:0:3:1|A2:8:2:1|A3:8:0:2$P4:5:5:2:0|P5:8:3:1:1|P6:2:7:3:0|P7:10:6:1:0,"3,0,0,1",0.0
A0:11:0:1|A1:0:3:1|A2:8:2:1|A3:8:0:2$P4:5:5:2:0|P5:8:3:1:1|P6:2:7:3:0|P7:10:6:1:0,"0,1,3,0",0.0
A0:11:0:1|A1:0:3:1|A2:8:2:1|A3:8:0:2$P4:5:5:2:0|P5:8:3:1:1|P6:2:7:3:0|P7:10:6:1:0,"1,0,3,3",0.0
A0:11:0:1|A1:0:3:1|A2:8:2:1|A3:8:0:2$P4:5:5:2:0|P5:8:3:1:1|P6:2:7:3:0|P7:10:6:1:0,"1,2,0,3",0.0
A0:11:0:1|A1:0:3:1|A2:8:2:1|A3:8:0:2$P4:5:5:2:0|P5:8:3:1:1|P6:2:7:3:0|P7:10:6:1:0,"3,3,3,0",0.0
A0:11:0:1|A1:0:2:1|A2:8:2:1|A3:8:0:2$P4:5:5:2:0|P5:8:3:1:1|P6:2:7:3:0|P7:10:6:1:0,"1,2,2,1",0.0
A0:11:1:1|A1:0:2:1|A2:9:2:1|A3:8:1:2$P4:5:5:2:0|P5:8:3:1:1|P6:2:7:3:0|P7:10:6:1:0,"0,3,1,0",0.0
A0:11:1:1|A1:0:2:1|A2:9:2:1|A3:8:1:2$P4:5:5:2:0|P5:8:3:1:1|P6:2:7:3:0|P7:10:6:1:0,"0,3,3,2",0.0
A0:11:1:1|A1:0:2:1|A2:9:2:1|A3:8:1:2$P4:5:5:2:0|P5:8:3:1:1|P6:2:7:3:0|P7:10:6:1:0,"0,3,2,3",0.0
A0:11:1:1|A1:0:2:1|A2:9:2:1|A3:8:1:2$P4:5:5:2:0|P5:8:3:1:1|P6:2:7:3:0|P7:10:6:1:0,"0,0,3,0",0.0
A0:11:1:1|A1:0:2:1|A2:9:2:1|A3:8:1:2$P4:5:5:2:0|P5:8:3:1:1|P6:2:7:3:0|P7:10:6:1:0,"0,0,1,1",0.0
A0:11:1:1|A1:0:2:1|A2:9:2:1|A3:8:1:2$P4:5:5:2:0|P5:8:3:1:1|P6:2:7:3:0|P7:10:6:1:0,"3,2,1,2",0.0
A0:11:1:1|A1:0:2:1|A2:9:2:1|A3:8:1:2$P4:5:5:2:0|P5:8:3:1:1|P6:2:7:3:0|P7:10:6:1:0,"0,0,2,0",0.0
A0:11:1:1|A1:0:2:1|A2:9:2:1|A3:8:1:2$P4:5:5:2:0|P5:8:3:1:1|P6:2:7:3:0|P7:10:6:1:0,"3,0,2,2",0.0
A0:11:1:1|A1:0:2:1|A2:9:2:1|A3:8:1:2$P4:5:5:2:0|P5:8:3:1:1|P6:2:7:3:0|P7:10:6:1:0,"0,0,3,2",0.0
A0:11:1:1|A1:0:2:1|A2:9:2:1|A3:8:1:2$P4:5:5:2:0|P5:8:3:1:1|P6:2:7:3:0|P7:10:6:1:0,"0,1,2,0",0.0
A0:11:1:1|A1:0:3:1|A2:9:1:1|A3:8:1:2$P4:5:5:2:0|P5:8:3:1:1|P6:2:7:3:0|P7:10:6:1:0,"0,0,1,2",0.0
A0:12:1:1|A1:0:3:1|A2:9:1:1|A3:7:1:2$P4:5:5:2:0|P5:8:3:1:1|P6:2:7:3:0|P7:10:6:1:0,"3,0,0,3",0.0
A0:12:1:1|A1:0:3:1|A2:9:1:1|A3:7:1:2$P4:5:5:2:0|P5:8:3:1:1|P6:2:7:3:0|P7:10:6:1:0,"2,0,1,1",0.0
A0:12:1:1|A1:0:3:1|A2:9:1:1|A3:7:1:2$P4:5:5:2:0|P5:8:3:1:1|P6:2:7:3:0|P7:10:6:1:0,"3,1,3,0",0.0
A0:12:1:1|A1:0:3:1|A2:9:1:1|A3:7:1:2$P4:5:5:2:0|P5:8:3:1:1|P6:2:7:3:0|P7:10:6:1:0,"0,0,3,0",0.0
A0:12:1:1|A1:0:3:1|A2:9:1:1|A3:7:1:2$P4:5:5:2:0|P5:8:3:1:1|P6:2:7:3:0|P7:10:6:1:0,"3,3,1,1",0.0
A0:12:1:1|A1:0:3:1|A2:9:1:1|A3:7:1:2$P4:5:5:2:0|P5:8:3:1:1|P6:2:7:3:0|P7:10:6:1:0,"2,3,2,0",0.0
A0:12:1:1|A1:0:3:1|A2:9:1:1|A3:7:1:2$P4:5:5:2:0|P5:8:3:1:1|P6:2:7:3:0|P7:10:6:1:0,"2,1,3,0",0.0
A0:12:1:1|A1:0:3:1|A2:9:1:1|A3:7:1:2$P4:5:5:2:0|P5:8:3:1:1|P6:2:7:3:0|P7:10:6:1:0,"1,1,0,3",0.0
A0:12:1:1|A1:0:3:1|A2:9:1:1|A3:7:1:2$P4:5:5:2:0|P5:8:3:1:1|P6:2:7:3:0|P7:10:6:1:0,"1,3,2,2",0.0
A0:12:1:1|A1:0:3:1|A2:9:1:1|A3:7:1:2$P4:5:5:2:0|P5:8:3:1:1|P6:2:7:3:0|P7:10:6:1:0,"1,3,3,2",0.0
A0:12:1:1|A1:0:3:1|A2:9:1:1|A3:7:2:2$P4:5:5:2:0|P5:8:3:1:1|P6:2:7:3:0|P7:10:6:1:0,"3,0,0,2",0.0
A0:11:1:1|A1:1:3:1|A2:8:1:1|A3:7:2:2$P4:5:5:2:0|P5:8:3:1:1|P6:2:7:3:0|P7:10:6:1:0,"3,2,0,1",0.0
A0:11:1:1|A1:1:3:1|A2:8:1:1|A3:7:2:2$P4:5:5:2:0|P5:8:3:1:1|P6:2:7:3:0|P7:10:6:1:0,"2,2,2,3",0.0
A0:11:1:1|A1:1:3:1|A2:8:1:1|A3:7:2:2$P4:5:5:2:0|P5:8:3:1:1|P6:2:7:3:0|P7:10:6:1:0,"3,3,0,1",0.0
A0:11:1:1|A1:1:3:1|A2:8:1:1|A3:7:2:2$P4:5:5:2:0|P5:8:3:1:1|P6:2:7:3:0|P7:10:6:1:0,"1,0,1,2",0.0
A0:11:1:1|A1:1:3:1|A2:8:1:1|A3:7:2:2$P4:5:5:2:0|P5:8:3:1:1|P6:2:7:3:0|P7:10:6:1:0,"3,3,3,3",0.0
A0:11:1:1|A1:1:3:1|A2:8:1:1|A3:7:2:2$P4:5:5:2:0|P5:8:3:1:1|P6:2:7:3:0|P7:10:6:1:0,"3,0,0,1",0.0
A0:11:1:1|A1:1:3:1|A2:8:1:1|A3:7:2:2$P4:5:5:2:0|P5:8:3:1:1|P6:2:7:3:0|P7:10:6:1:0,"3,0,0,3",0.0
A0:11:1:1|A1:1:3:1|A2:8:1:1|A3:7:2:2$P4:5:5:2:0|P5:8:3:1:1|P6:2:7:3:0|P7:10:6:1:0,"3,3,2,2",0.0
A0:11:1:1|A1:1:3:1|A2:8:1:1|A3:7:2:2$P4:5:5:2:0|P5:8:3:1:1|P6:2:7:3:0|P7:10:6:1:0,"0,2,1,3",0.0
A0:11:1:1|A1:1:3:1|A2:8:1:1|A3:7:2:2$P4:5:5:2:0|P5:8:3:1:1|P6:2:7:3:0|P7:10:6:1:0,"1,3,3,3",0.0
A0:11:1:1|A1:1:4:1|A2:8:2:1|A3:7:1:2$P4:5:5:2:0|P5:8:3:1:1|P6:2:7:3:0|P7:10:6:1:0,"0,3,2,1",0.0
A0:12:1:1|A1:1:4:1|A2:8:2:1|A3:7:1:2$P4:5:5:2:0|P5:8:3:1:1|P6:2:7:3:0|P7:10:6:1:0,"3,3,3,3",0.0
A0:12:1:1|A1:1:4:1|A2:8:2:1|A3:7:1:2$P4:5:5:2:0|P5:8:3:1:1|P6:2:7:3:0|P7:10:6:1:0,"2,3,0,1",0.0
A0:12:1:1|A1:1:4:1|A2:8:2:1|A3:7:1:2$P4:5:5:2:0|P5:8:3:1:1|P6:2:7:3:0|P7:10:6:1:0,"2,2,0,1",0.0
A0:12:1:1|A1:1:4:1|A2:8:2:1|A3:7:1:2$P4:5:5:2:0|P5:8:3:1:1|P6:2:7:3:0|P7:10:6:1:0,"0,3,0,1",0.0
A0:12:1:1|A1:1:4:1|A2:8:2:1|A3:7:1:2$P4:5:5:2:0|P5:8:3:1:1|P6:2:7:3:0|P7:10:6:1:0,"2,0,3,1",0.0
A0:12:1:1|A1:1:4:1|A2:8:2:1|A3:7:1:2$P4:5:5:2:0|P5:8:3:1:1|P6:2:7:3:0|P7:10:6:1:0,"2,3,3,0",0.0
A0:12:1:1|A1:1:4:1|A2:8:2:1|A3:7:1:2$P4:5:5:2:0|P5:8:3:1:1|P6:2:7:3:0|P7:10:6:1:0,"1,3,2,3",0.0
A0:12:1:1|A1:1:4:1|A2:8:2:1|A3:7:1:2$P4:5:5:2:0|P5:8:3:1:1|P6:2:7:3:0|P7:10:6:1:0,"2,0,1,2",0.0
A0:12:1:1|A1:1:4:1|A2:8:2:1|A3:7:1:2$P4:5:5:2:0|P5:8:3:1:1|P6:2:7:3:0|P7:10:6:1:0,"1,0,2,3",0.0
A0:12:1:1|A1:1:4:1|A2:8:2:1|A3:7:1:2$P4:5:5:2:0|P5:8:3:1:1|P6:2:7:3:0|P7:10:6:1:0,"3,1,0,2",0.0
A0:12:1:1|A1:2:4:1|A2:8:2:1|A3:7:2:2$P4:5:5:2:0|P5:8:3:1:1|P6:2:7:3:0|P7:10:6:1:0,"2,2,1,1",0.0
A0:11:1:1|A1:2:4:1|A2:9:2:1|A3:7:2:2$P4:5:5:2:0|P5:8:3:1:1|P6:2:7:3:0|P7:10:6:1:0,"3,0,3,0",0.0
A0:11:1:1|A1:2:4:1|A2:9:2:1|A3:7:2:2$P4:5:5:2:0|P5:8:3:1:1|P6:2:7:3:0|P7:10:6:1:0,"0,1,0,0",0.0
A0:11:1:1|A1:2:4:1|A2:9:2:1|A3:7:2:2$P4:5:5:2:0|P5:8:3:1:1|P6:2:7:3:0|P7:10:6:1:0,"3,2,3,2",0.0
A0:11:1:1|A1:2:4:1|A2:9:2:1|A3:7:2:2$P4:5:5:2:0|P5:8:3:1:1|P6:2:7:3:0|P7:10:6:1:0,"3,1,0,1",0.0
A0:11:1:1|A1:2:4:1|A2:9:2:1|A3:7:2:2$P4:5:5:2:0|P5:8:3:1:1|P6:2:7:3:0|P7:10:6:1:0,"0,3,0,3",0.0
A0:11:1:1|A1:2:4:1|A2:9:2:1|A3:7:2:2$P4:5:5:2:0|P5:8:3:1:1|P6:2:7:3:0|P7:10:6:1:0,"3,1,2,1",0.0
A0:11:1:1|A1:2:4:1|A2:9:2:1|A3:7:2:2$P4:5:5:2:0|P5:8:3:1:1|P6:2:7:3:0|P7:10:6:1:0,"1,0,0,1",0.0
A0:11:1:1|A1:2:4:1|A2:9:2:1|A3:7:2:2$P4:5:5:2:0|P5:8:3:1:1|P6:2:7:3:0|P7:10:6:1:0,"1,2,1,0",0.0
A0:11:1:1|A1:2:4:1|A2:9:2:1|A3:7:2:2$P4:5:5:2:0|P5:8:3:1:1|P6:2:7:3:0|P7:10:6:1:0,"0,0,3,3",0.0
A0:11:1:1|A1:2:4:1|A2:9:2:1|A3:7:2:2$P4:5:5:2:0|P5:8:3:1:1|P6:2:7:3:0|P7:10:6:1:0,"2,3,2,2",0.0
A0:11:1:1|A1:2:3:1|A2:9:2:1|A3:7:1:2$P4:5:5:2:0|P5:8:3:1:1|P6:2:7:3:0|P7:10:6:1:0,"2,1,2,3",0.0
A0:12:1:1|A1:2:3:1|A2:8:2:1|A3:7:1:2$P4:5:5:2:0|P5:8:3:1:1|P6:2:7:3:0|P7:10:6:1:0,"1,2,3,3",0.0
A0:12:1:1|A1:2:3:1|A2:8:2:1|A3:7:1:2$P4:5:5:2:0|P5:8:3:1:1|P6:2:7:3:0|P7:10:6:1:0,"2,2,3,2",0.0
A0:12:1:1|A1:2:3:1|A2:8:2:1|A3:7:1:2$P4:5:5:2:0|P5:8:3:1:1|P6:2:7:3:0|P7:10:6:1:0,"1,3,1,1",0.0
A0:12:1:1|A1:2:3:1|A2:8:2:1|A3:7:1:2$P4:5:5:2:0|P5:8:3:1:1|P6:2:7:3:0|P7:10:6:1:0,"0,0,3,2",0.0
A0:12:1:1|A1:2:3:1|A2:8:2:1|A3:7:1:2$P4:5:5:2:0|P5:8:3:1:1|P6:2:7:3:0|P7:10:6:1:0,"2,3,0,0",0.0
A0:12:1:1|A1:2:3:1|A2:8:2:1|A3:7:1:2$P4:5:5:2:0|P5:8:3:1:1|P6:2:7:3:0|P7:10:6:1:0,"2,1,3,1",0.0
A0:12:1:1|A1:2:3:1|A2:8:2:1|A3:7:1:2$P4:5:5:2:0|P5:8:3:1:1|P6:2:7:3:0|P7:10:6:1:0,"1,3,2,2",0.0
A0:12:1:1|A1:2:3:1|A2:8:2:1|A3:7:1:2$P4:5:5:2:0|P5:8:3:1:1|P6:2:7:3:0|P7:10:6:1:0,"0,3,3,3",0.0
A0:12:1:1|A1:2:3:1|A2:8:2:1|A3:7:1:2$P4:5:5:2:0|P5:8:3:1:1|P6:2:7:3:0|P7:10:6:1:0,"0,0,0,0",0.0
A0:12:1:1|A1:2:3:1|A2:8:2:1|A3:7:1:2$P4:5:5:2:0|P5:8:3:1:1|P6:2:7:3:0|P7:10:6:1:0,"2,1,0,1",0.0
A0:12:1:1|A1:2:2:1|A2:8:2:1|A3:7:1:2$P4:5:5:2:0|P5:8:3:1:1|P6:2:7:3:0|P7:10:6:1:0,"1,3,1,3",0.0
A0:11:1:1|A1:2:2:1|A2:9:2:1|A3:7:0:2$P4:5:5:2:0|P5:8:3:1:1|P6:2:7:3:0|P7:10:6:1:0,"1,3,0,3",0.0
A0:11:1:1|A1:2:2:1|A2:9:2:1|A3:7:0:2$P4:5:5:2:0|P5:8:3:1:1|P6:2:7:3:0|P7:10:6:1:0,"1,0,0,2",0.0
A0:11:1:1|A1:2:2:1|A2:9:2:1|A3:7:0:2$P4:5:5:2:0|P5:8:3:1:1|P6:2:7:3:0|P7:10:6:1:0,"3,0,2,1",0.0
A0:11:1:1|A1:2:2:1|A2:9:2:1|A3:7:0:2$P4:5:5:2:0|P5:8:3:1:1|P6:2:7:3:0|P7:10:6:1:0,"2,2,3,0",0.0
A0:11:1:1|A1:2:2:1|A2:9:2:1|A3:7:0:2$P4:5:5:2:0|P5:8:3:1:1|P6:2:7:3:0|P7:10:6:1:0,"2,3,2,2",0.0
A0:11:1:1|A1:2:2:1|A2:9:2:1|A3:7:0:2$P4:5:5:2:0|P5:8:3:1:1|P6:2:7:3:0|P7:10:6:1:0,"1,3,1,1",0.0
A0:11:1:1|A1:2:2:1|A2:9:2:1|A3:7:0:2$P4:5:5:2:0|P5:8:3:1:1|P6:2:7:3:0|P7:10:6:1:0,"0,1,3,2",0.0
A0:11:1:1|A1:2:2:1|A2:9:2:1|A3:7:0:2$P4:5:5:2:0|P5:8:3:1:1|P6:2:7:3:0|P7:10:6:1:0,"1,3,1,2",0.0
A0:11:1:1|A1:2:2:1|A2:9:2:1|A3:7:0:2$P4:5:5:2:0|P5:8:3:1:1|P6:2:7:3:0|P7:10:6:1:0,"2,3,0,2",0.0
A0:11:1:1|A1:3:2:1|A2:9:1:1|A3:7:0:2$P4:5:5:2:0|P5:8:3:1:1|P6:2:7:3:0|P7:10:6:1:0,"0,3,3,3",0.0
A0:11:0:1|A1:3:2:1|A2:9:1:1|A3:6:0:2$P4:5:5:2:0|P5:8:3:1:1|P6:2:7:3:0|P7:10:6:1:0,"3,1,0,2",0.0
A0:11:0:1|A1:3:2:1|A2:9:1:1|A3:6:0:2$P4:5:5:2:0|P5:8:3:1:1|P6:2:7:3:0|P7:10:6:1:0,"2,0,2,0",0.0
A0:11:0:1|A1:3:2:1|A2:9:1:1|A3:6:0:2$P4:5:5:2:0|P5:8:3:1:1|P6:2:7:3:0|P7:10:6:1:0,"2,2,2,1",0.0
A0:11:0:1|A1:3:2:1|A2:9:1:1|A3:6:0:2$P4:5:5:2:0|P5:8:3:1:1|P6:2:7:3:0|P7:10:6:1:0,"2,1,3,3",0.0
A0:11:0:1|A1:3:2:1|A2:9:1:1|A3:6:0:2$P4:5:5:2:0|P5:8:3:1:1|P6:2:7:3:0|P7:10:6:1:0,"1,2,3,1",0.0
A0:11:0:1|A1:3:2:1|A2:9:1:1|A3:6:0:2$P4:5:5:2:0|P5:8:3:1:1|P6:2:7:3:0|P7:10:6:1:0,"0,1,2,3",0.0
A0:11:0:1|A1:3:2:1|A2:9:1:1|A3:6:0:2$P4:5:5:2:0|P5:8:3:1:1|P6:2:7:3:0|P7:10:6:1:0,"1,1,1,0",0.0
A0:11:0:1|A1:3:2:1|A2:9:1:1|A3:6:0:2$P4:5:5:2:0|P5:8:3:1:1|P6:2:7:3:0|P7:10:6:1:0,"0,1,1,1",0.0
A0:11:0:1|A1:3:2:1|A2:9:1:1|A3:6:0:2$P4:5:5:2:0|P5:8:3:1:1|P6:2:7:3:0|P7:10:6:1:0,"2,2,3,3",0.0
A0:11:0:1|A1:3:1:1|A2:9:1:1|A3:6:0:2$P4:5:5:2:0|P5:8:3:1:1|P6:2:7:3:0|P7:10:6:1:0,"3,3,2,0",0.0
A0:11:1:1|A1:3:1:1|A2:8:1:1|A3:7:0:2$P4:5:5:2:0|P5:8:3:1:1|P6:2:7:3:0|P7:10:6:1:0,"1,3,0,1",0.0
A0:11:1:1|A1:3:1:1|A2:8:1:1|A3:7:0:2$P4:5:5:2:0|P5:8:3:1:1|P6:2:7:3:0|P7:10:6:1:0,"2,1,3,0",0.0
A0:11:1:1|A1:3:1:1|A2:8:1:1|A3:7:0:2$P4:5:5:2:0|P5:8:3:1:1|P6:2:7:3:0|P7:10:6:1:0,"1,3,2,2",0.0
A0:11:1:1|A1:3:1:1|A2:8:1:1|A3:7:0:2$P4:5:5:2:0|P5:8:3:1:1|P6:2:7:3:0|P7:10:6:1:0,"0,2,0,3",0.0
A0:11:1:1|A1:3:1:1|A2:8:1:1|A3:7:0:2$P4:5:5:2:0|P5:8:3:1:1|P6:2:7:3:0|P7:10:6:1:0,"2,2,2,2",0.0
A0:11:1:1|A1:3:1:1|A2:8:1:1|A3:7:0:2$P4:5:5:2:0|P5:8:3:1:1|P6:2:7:3:0|P7:10:6:1:0,"3,0,2,3",0.0
A0:11:1:1|A1:3:1:1|A2:8:1:1|A3:7:0:2$P4:5:5:2:0|P5:8:3:1:1|P6:2:7:3:0|P7:10:6:1:0,"0,1,3,1",0.0
A0:11:1:1|A1:3:1:1|A2:8:1:1|A3:7:0:2$P4:5:5:2:0|P5:8:3:1:1|P6:2:7:3:0|P7:10:6:1:0,"3,3,2,3",0.0
A0:11:1:1|A1:3:1:1|A2:8:1:1|A3:7:0:2$P4:5:5:2:0|P5:8:3:1:1|P6:2:7:3:0|P7:10:6:1:0,"2,0,3,1",0.0
A0:11:1:1|A1:3:1:1|A2:8:1:1|A3:7:0:2$P4:5:5:2:0|P5:8:3:1:1|P6:2:7:3:0|P7:10:6:1:0,"3,0,1,3",0.0
A0:11:1:1|A1:3:2:1|A2:8:1:1|A3:7:0:2$P4:5:5:2:0|P5:8:3:1:1|P6:2:7:3:0|P7:10:6:1:0,"3,2,3,3",0.0
A0:12:1:1|A1:3:2:1|A2:7:1:1|A3:8:0:2$P4:5:5:2:0|P5:8:3:1:1|P6:2:7:3:0|P7:10:6:1:0,"1,3,3,1",0.0
A0:12:1:1|A1:3:2:1|A2:7:1:1|A3:8:0:2$P4:5:5:2:0|P5:8:3:1:1|P6:2:7:3:0|P7:10:6:1:0,"0,1,2,2",0.0
A0:12:1:1|A1:3:2:1|A2:7:1:1|A3:8:0:2$P4:5:5:2:0|P5:8:3:1:1|P6:2:7:3:0|P7:10:6:1:0,"1,0,1,3",0.0
A0:12:1:1|A1:3:2:1|A2:7:1:1|A3:8:0:2$P4:5:5:2:0|P5:8:3:1:1|P6:2:7:3:0|P7:10:6:1:0,"3,1,3,3",0.0
A0:12:1:1|A1:3:2:1|A2:7:1:1|A3:8:0:2$P4:5:5:2:0|P5:8:3:1:1|P6:2:7:3:0|P7:10:6:1:0,"3,1,2,2",0.0
A0:12:1:1|A1:3:2:1|A2:7:1:1|A3:8:0:2$P4:5:5:2:0|P5:8:3:1:1|P6:2:7:3:0|P7:10:6:1:0,"3,3,2,0",0.0
A0:12:1:1|A1:3:2:1|A2:7:1:1|A3:8:0:2$P4:5:5:2:0|P5:8:3:1:1|P6:2:7:3:0|P7:10:6:1:0,"2,2,3,2",0.0
A0:12:1:1|A1:3:2:1|A2:7:1:1|A3:8:0:2$P4:5:5:2:0|P5:8:3:1:1|P6:2:7:3:0|P7:10:6:1:0,"0,0,3,1",0.0
A0:12:1:1|A1:3:2:1|A2:7:1:1|A3:8:0:2$P4:5:5:2:0|P5:8:3:1:1|P6:2:7:3:0|P7:10:6:1:0,"1,1,0,2",0.0
A0:12:1:1|A1:3:2:1|A2:7:1:1|A3:8:0:2$P4:5:5:2:0|P5:8:3:1:1|P6:2:7:3:0|P7:10:6:1:0,"0,2,1,2",0.0
A0:12:2:1|A1:4:2:1|A2:7:1:1|A3:8:0:2$P4:5:5:2:0|P5:8:3:1:1|P6:2:7:3:0|P7:10:6:1:0,"2,3,2,3",0.0
A0:12:2:1|A1:4:2:1|A2:6:1:1|A3:8:1:2$P4:5:5:2:0|P5:8:3:1:1|P6:2:7:3:0|P7:10:6:1:0,"1,0,3,3",0.0
A0:12:2:1|A1:4:2:1|A2:6:1:1|A3:8:1:2$P4:5:5:2:0|P5:8:3:1:1|P6:2:7:3:0|P7:10:6:1:0,"3,0,2,2",0.0
A0:12:2:1|A1:4:2:1|A2:6:1:1|A3:8:1:2$P4:5:5:2:0|P5:8:3:1:1|P6:2:7:3:0|P7:10:6:1:0,"1,3,3,3",0.0
A0:12:2:1|A1:4:2:1|A2:6:1:1|A3:8:1:2$P4:5:5:2:0|P5:8:3:1:1|P6:2:7:3:0|P7:10:6:1:0,"3,0,0,2",0.0
A0:12:2:1|A1:4:2:1|A2:6:1:1|A3:8:1:2$P4:5:5:2:0|P5:8:3:1:1|P6:2:7:3:0|P7:10:6:1:0,"0,0,2,0",0.0
A0:12:2:1|A1:4:2:1|A2:6:1:1|A3:8:1:2$P4:5:5:2:0|P5:8:3:1:1|P6:2:7:3:0|P7:10:6:1:0,"0,3,2,0",0.0
A0:12:2:1|A1:4:2:1|A2:6:1:1|A3:8:1:2$P4:5:5:2:0|P5:8:3:1:1|P6:2:7:3:0|P7:10:6:1:0,"1,3,3,2",0.0
A0:12:2:1|A1:4:2:1|A2:6:1:1|A3:8:1:2$P4:5:5:2:0|P5:8:3:1:1|P6:2:7:3:0|P7:10:6:1:0,"0,1,2,1",0.0
A0:12:2:1|A1:4:2:1|A2:6:1:1|A3:8:1:2$P4:5:5:2:0|P5:8:3:1:1|P6:2:7:3:0|P7:10:6:1:0,"1,2,2,2",0.0
A0:12:2:1|A1:4:2:1|A2:6:1:1|A3:8:1:2$P4:5:5:2:0|P5:8:3:1:1|P6:2:7:3:0|P7:10:6:1:0,"0,2,1,0",0.0
A0:12:3:1|A1:4:2:1|A2:6:1:1|A3:8:2:2$P4:5:5:2:0|P5:8:3:1:1|P6:2:7:3:0|P7:10:6:1:0,"2,0,3,2",0.0
A0:12:3:1|A1:5:2:1|A2:5:1:1|A3:8:2:2$P4:5:5:2:0|P5:8:3:1:1|P6:2:7:3:0|P7:10:6:1:0,"1,2,1,3",0.0
A0:12:3:1|A1:5:2:1|A2:5:1:1|A3:8:2:2$P4:5:5:2:0|P5:8:3:1:1|P6:2:7:3:0|P7:10:6:1:0,"3,2,2,2",0.0
A0:12:3:1|A1:5:2:1|A2:5:1:1|A3:8:2:2$P4:5:5:2:0|P5:8:3:1:1|P6:2:7:3:0|P7:10:6:1:0,"0,2,2,1",0.0
A0:12:3:1|A1:5:2:1|A2:5:1:1|A3:8:2:2$P4:5:5:2:0|P5:8:3:1:1|P6:2:7:3:0|P7:10:6:1:0,"3,1,2,1",0.0
A0:12:3:1|A1:5:2:1|A2:5:1:1|A3:8:2:2$P4:5:5:2:0|P5:8:3:1:1|P6:2:7:3:0|P7:10:6:1:0,"0,3,1,0",0.0
A0:12:3:1|A1:5:2:1|A2:5:1:1|A3:8:2:2$P4:5:5:2:0|P5:8:3:1:1|P6:2:7:3:0|P7:10:6:1:0,"2,1,1,3",0.0
A0:12:3:1|A1:5:2:1|A2:5:1:1|A3:8:2:2$P4:5:5:2:0|P5:8:3:1:1|P6:2:7:3:0|P7:10:6:1:0,"0,2,3,0",0.0
A0:12:3:1|A1:5:2:1|A2:5:1:1|A3:8:2:2$P4:5:5:2:0|P5:8:3:1:1|P6:2:7:3:0|P7:10:6:1:0,"1,0,2,3",0.0
A0:12:3:1|A1:5:2:1|A2:5:1:1|A3:8:2:2$P4:5:5:2:0|P5:8:3:1:1|P6:2:7:3:0|P7:10:6:1:0,"3,3,2,3",0.0
A0:12:3:1|A1:5:2:1|A2:5:1:1|A3:8:2:2$P4:5:5:2:0|P5:8:3:1:1|P6:2:7:3:0|P7:10:6:1:0,"0,3,3,0",0.0
A0:12:3:1|A1:5:3:1|A2:5:1:1|A3:8:2:2$P4:5:5:2:0|P5:8:3:1:1|P6:2:7:3:0|P7:10:6:1:0,"2,2,3,0",0.0
A0:11:3:1|A1:5:3:1|A2:5:0:1|A3:9:2:2$P4:5:5:2:0|P5:8:3:1:1|P6:2:7:3:0|P7:10:6:1:0,"1,2,1,3",0.0
A0:11:3:1|A1:5:3:1|A2:5:0:1|A3:9:2:2$P4:5:5:2:0|P5:8:3:1:1|P6:2:7:3:0|P7:10:6:1:0,"3,0,1,2",0.0
A0:11:3:1|A1:5:3:1|A2:5:0:1|A3:9:2:2$P4:5:5:2:0|P5:8:3:1:1|P6:2:7:3:0|P7:10:6:1:0,"0,1,3,0",0.0
A0:11:3:1|A1:5:3:1|A2:5:0:1|A3:9:2:2$P4:5:5:2:0|P5:8:3:1:1|P6:2:7:3:0|P7:10:6:1:0,"0,0,3,0",0.0
A0:11:3:1|A1:5:3:1|A2:5:0:1|A3:9:2:2$P4:5:5:2:0|P5:8:3:1:1|P6:2:7:3:0|P7:10:6:1:0,"1,1,1,2",0.0
A0:11:3:1|A1:5:3:1|A2:5:0:1|A3:9:2:2$P4:5:5:2:0|P5:8:3:1:1|P6:2:7:3:0|P7:10:6:1:0,"0,2,1,0",0.0
A0:11:3:1|A1:5:3:1|A2:5:0:1|A3:9:2:2$P4:5:5:2:0|P5:8:3:1:1|P6:2:7:3:0|P7:10:6:1:0,"2,3,1,2",0.0
A0:11:3:1|A1:5:3:1|A2:5:0:1|A3:9:2:2$P4:5:5:2:0|P5:8:3:1:1|P6:2:7:3:0|P7:10:6:1:0,"2,0,0,2",0.0
A0:11:3:1|A1:5:3:1|A2:5:0:1|A3:9:2:2$P4:5:5:2:0|P5:8:3:1:1|P6:2:7:3:0|P7:10:6:1:0,"1,3,0,1",0.0
A0:11:3:1|A1:5:3:1|A2:5:0:1|A3:9:2:2$P4:5:5:2:0|P5:8:3:1:1|P6:2:7:3:0|P7:10:6:1:0,"0,1,3,3",0.0
A0:11:4:1|A1:5:3:1|A2:5:0:1|A3:9:3:2$P4:5:5:2:0|P5:8:3:1:1|P6:2:7:3:0|P7:10:6:1:0,"2,1,0,2",0.0
A0:11:4:1|A1:4:3:1|A2:5:1:1|A3:9:3:2$P4:5:5:2:0|P5:8:3:1:1|P6:2:7:3:0|P7:10:6:1:0,"0,1,1,3",0.0
A0:11:4:1|A1:4:3:1|A2:5:1:1|A3:9:3:2$P4:5:5:2:0|P5:8:3:1:1|P6:2:7:3:0|P7:10:6:1:0,"3,3,2,1",0.0
A0:11:4:1|A1:4:3:1|A2:5:1:1|A3:9:3:2$P4:5:5:2:0|P5:8:3:1:1|P6:2:7:3:0|P7:10:6:1:0,"3,3,3,1",0.0
A0:11:4:1|A1:4:3:1|A2:5:1:1|A3:9:3:2$P4:5:5:2:0|P5:8:3:1:1|P6:2:7:3:0|P7:10:6:1:0,"2,2,3,2",0.0
A0:11:4:1|A1:4:3:1|A2:5:1:1|A3:9:3:2$P4:5:5:2:0|P5:8:3:1:1|P6:2:7:3:0|P7:10:6:1:0,"2,2,2,2",0.0
A0:11:4:1|A1:4:3:1|A2:5:1:1|A3:9:3:2$P4:5:5:2:0|P5:8:3:1:1|P6:2:7:3:0|P7:10:6:1:0,"1,0,1,3",0.0
A0:11:4:1|A1:4:3:1|A2:5:1:1|A3:9:3:2$P4:5:5:2:0|P5:8:3:1:1|P6:2:7:3:0|P7:10:6:1:0,"0,1,3,1",0.0
A0:11:4:1|A1:4:3:1|A2:5:1:1|A3:9:3:2$P4:5:5:2:0|P5:8:3:1:1|P6:2:7:3:0|P7:10:6:1:0,"1,0,2,1",0.0
A0:11:4:1|A1:4:3:1|A2:5:1:1|A3:9:3:2$P4:5:5:2:0|P5:8:3:1:1|P6:2:7:3:0|P7:10:6:1:0,"1,2,1,1",0.0
A0:11:3:1|A1:4:4:1|A2:5:1:1|A3:9:3:2$P4:5:5:2:0|P5:8:3:1:1|P6:2:7:3:0|P7:10:6:1:0,"1,1,3,2",0.0
A0:11:3:1|A1:4:4:1|A2:5:0:1|A3:10:3:2$P4:5:5:2:0|P5:8:3:1:1|P6:2:7:3:0|P7:10:6:1:0,"0,3,0,0",0.0
A0:11:3:1|A1:4:4:1|A2:5:0:1|A3:10:3:2$P4:5:5:2:0|P5:8:3:1:1|P6:2:7:3:0|P7:10:6:1:0,"2,1,3,3",0.0
A0:11:3:1|A1:4:4:1|A2:5:0:1|A3:10:3:2$P4:5:5:2:0|P5:8:3:1:1|P6:2:7:3:0|P7:10:6:1:0,"3,3,1,3",0.0
A0:11:3:1|A1:4:4:1|A2:5:0:1|A3:10:3:2$P4:5:5:2:0|P5:8:3:1:1|P6:2:7:3:0|P7:10:6:1:0,"3,3,3,2",0.0
A0:11:3:1|A1:4:4:1|A2:5:0:1|A3:10:3:2$P4:5:5:2:0|P5:8:3:1:1|P6:2:7:3:0|P7:10:6:1:0,"3,1,2,0",0.0
A0:11:3:1|A1:4:4:1|A2:5:0:1|A3:10:3:2$P4:5:5:2:0|P5:8:3:1:1|P6:2:7:3:0|P7:10:6:1:0,"1,0,1,0",0.0
A0:11:3:1|A1:4:4:1|A2:5:0:1|A3:10:3:2$P4:5:5:2:0|P5:8:3:1:1|P6:2:7:3:0|P7:10:6:1:0,"0,3,0,2",0.0
A0:11:3:1|A1:4:4:1|A2:5:0:1|A3:10:3:2$P4:5:5:2:0|P5:8:3:1:1|P6:2:7:3:0|P7:10:6:1:0,"0,2,0,3",0.0
A0:11:3:1|A1:4:4:1|A2:5:0:1|A3:10:3:2$P4:5:5:2:0|P5:8:3:1:1|P6:2:7:3:0|P7:10:6:1:0,"0,2,3,2",0.0
A0:11:3:1|A1:4:4:1|A2:5:0:1|A3:10:3:2$P4:5:5:2:0|P5:8:3:1:1|P6:2:7:3:0|P7:10:6:1:0,"0,0,1,0",0.0
A0:11:2:1|A1:4:4:1|A2:5:0:1|A3:10:4:2$P4:5:5:2:0|P5:8:3:1:1|P6:2:7:3:0|P7:10:6:1:0,"2,0,3,2",0.0
A0:11:2:1|A1:4:5:1|A2:4:0:1|A3:10:4:2$P4:5:5:2:0|P5:8:3:1:1|P6:2:7:3:0|P7:10:6:1:0,"2,0,3,3",0.0
A0:11:2:1|A1:4:5:1|A2:4:0:1|A3:10:4:2$P4:5:5:2:0|P5:8:3:1:1|P6:2:7:3:0|P7:10:6:1:0,"3,3,2,0",0.0
A0:11:2:1|A1:4:5:1|A2:4:0:1|A3:10:4:2$P4:5:5:2:0|P5:8:3:1:1|P6:2:7:3:0|P7:10:6:1:0,"1,0,1,0",0.0
A0:11:2:1|A1:4:5:1|A2:4:0:1|A3:10:4:2$P4:5:5:2:0|P5:8:3:1:1|P6:2:7:3:0|P7:10:6:1:0,"2,0,2,3",0.0
A0:11:2:1|A1:4:5:1|A2:4:0:1|A3:10:4:2$P4:5:5:2:0|P5:8:3:1:1|P6:2:7:3:0|P7:10:6:1:0,"0,2,1,2",0.0
A0:11:2:1|A1:4:5:1|A2:4:0:1|A3:10:4:2$P4:5:5:2:0|P5:8:3:1:1|P6:2:7:3:0|P7:10:6:1:0,"3,3,0,0",0.0
A0:11:2:1|A1:4:5:1|A2:4:0:1|A3:10:4:2$P4:5:5:2:0|P5:8:3:1:1|P6:2:7:3:0|P7:10:6:1:0,"2,1,0,2",0.0
A0:11:2:1|A1:4:5:1|A2:4:0:1|A3:10:4:2$P4:5:5:2:0|P5:8:3:1:1|P6:2:7:3:0|P7:10:6:1:0,"0,3,0,1",0.0
A0:11:2:1|A1:4:5:1|A2:4:0:1|A3:10:4:2$P4:5:5:2:0|P5:8:3:1:1|P6:2:7:3:0|P7:10:6:1:0,"2,3,2,2",0.0
A0:11:2:1|A1:4:5:1|A2:4:0:1|A3:10:4:2$P4:5:5:2:0|P5:8:3:1:1|P6:2:7:3:0|P7:10:6:1:0,"0,0,0,3",0.0
A0:11:2:1|A1:4:5:1|A2:4:0:1|A3:10:4:2$P4:5:5:2:0|P5:8:3:1:1|P6:2:7:3:0|P7:10:6:1:0,"2,0,2,0",0.0
A0:12:2:1|A1:4:6:1|A2:4:1:1|A3:10:5:2$P4:5:5:2:0|P5:8:3:1:1|P6:2:7:3:0|P7:10:6:1:0,"3,2,0,0",0.0
A0:12:2:1|A1:4:6:1|A2:4:1:1|A3:10:5:2$P4:5:5:2:0|P5:8:3:1:1|P6:2:7:3:0|P7:10:6:1:0,"3,2,1,0",0.0
A0:12:2:1|A1:4:6:1|A2:4:1:1|A3:10:5:2$P4:5:5:2:0|P5:8:3:1:1|P6:2:7:3:0|P7:10:6:1:0,"3,3,3,1",0.0
A0:12:2:1|A1:4:6:1|A2:4:1:1|A3:10:5:2$P4:5:5:2:0|P5:8:3:1:1|P6:2:7:3:0|P7:10:6:1:0,"0,3,0,1",0.0
A0:12:2:1|A1:4:6:1|A2:4:1:1|A3:10:5:2$P4:5:5:2:0|P5:8:3:1:1|P6:2:7:3:0|P7:10:6:1:0,"3,3,3,3",0.1
A0:12:2:1|A1:4:6:1|A2:4:1:1|A3:10:5:3$P4:5:5:2:0|P5:8:3:1:1|P6:2:7:3:0|P7:10:6:1:1,"2,1,0,0",0.0
A0:12:2:1|A1:4:6:1|A2:4:1:1|A3:10:5:3$P4:5:5:2:0|P5:8:3:1:1|P6:2:7:3:0|P7:10:6:1:1,"2,2,1,2",0.0
A0:12:2:1|A1:4:6:1|A2:4:1:1|A3:10:5:3$P4:5:5:2:0|P5:8:3:1:1|P6:2:7:3:0|P7:10:6:1:1,"1,0,0,3",0.0
A0:12:2:1|A1:4:6:1|A2:4:1:1|A3:10:5:3$P4:5:5:2:0|P5:8:3:1:1|P6:2:7:3:0|P7:10:6:1:1,"1,1,2,0",0.0
A0:12:2:1|A1:4:6:1|A2:4:1:1|A3:10:5:3$P4:5:5:2:0|P5:8:3:1:1|P6:2:7:3:0|P7:10:6:1:1,"0,2,0,0",0.0
A0:12:2:1|A1:4:6:1|A2:4:2:1|A3:10:5:3$P4:5:5:2:0|P5:8:3:1:1|P6:2:7:3:0|P7:10:6:1:1,"3,2,3,1",0.0
A0:11:2:1|A1:4:5:1|A2:4:2:1|A3:10:6:3$P4:5:5:2:0|P5:8:3:1:1|P6:2:7:3:0|P7:10:6:1:1,"1,3,0,3",0.0
A0:11:2:1|A1:4:5:1|A2:4:2:1|A3:10:6:3$P4:5:5:2:0|P5:8:3:1:1|P6:2:7:3:0|P7:10:6:1:1,"2,3,0,1",0.0
A0:11:2:1|A1:4:5:1|A2:4:2:1|A3:10:6:3$P4:5:5:2:0|P5:8:3:1:1|P6:2:7:3:0|P7:10:6:1:1,"2,2,3,3",0.0
A0:11:2:1|A1:4:5:1|A2:4:2:1|A3:10:6:3$P4:5:5:2:0|P5:8:3:1:1|P6:2:7:3:0|P7:10:6:1:1,"1,3,1,3",0.0
A0:11:2:1|A1:4:5:1|A2:4:2:1|A3:10:6:3$P4:5:5:2:0|P5:8:3:1:1|P6:2:7:3:0|P7:10:6:1:1,"3,0,1,2",0.0
A0:11:2:1|A1:4:5:1|A2:4:2:1|A3:10:6:3$P4:5:5:2:0|P5:8:3:1:1|P6:2:7:3:0|P7:10:6:1:1,"3,0,3,1",0.0
A0:11:2:1|A1:4:5:1|A2:4:2:1|A3:10:6:3$P4:5:5:2:0|P5:8:3:1:1|P6:2:7:3:0|P7:10:6:1:1,"0,1,2,1",0.0
A0:11:2:1|A1:4:5:1|A2:4:2:1|A3:10:6:3$P4:5:5:2:0|P5:8:3:1:1|P6:2:7:3:0|P7:10:6:1:1,"0,0,3,0",0.0
A0:11:2:1|A1:4:5:1|A2:4:2:1|A3:10:6:3$P4:5:5:2:0|P5:8:3:1:1|P6:2:7:3:0|P7:10:6:1:1,"0,2,0,2",0.0
A0:11:2:1|A1:4:5:1|A2:4:2:1|A3:10:6:3$P4:5:5:2:0|P5:8:3:1:1|P6:2:7:3:0|P7:10:6:1:1,"0,0,2,3",0.0
A0:11:2:1|A1:4:5:1|A2:4:2:1|A3:10:6:3$P4:5:5:2:0|P5:8:3:1:1|P6:2:7:3:0|P7:10:6:1:1,"1,0,3,0",0.0
A0:12:2:1|A1:4:6:1|A2:5:2:1|A3:10:5:3$P4:5:5:2:0|P5:8:3:1:1|P6:2:7:3:0|P7:10:6:1:1,"2,1,1,3",0.0
A0:12:2:1|A1:4:6:1|A2:5:2:1|A3:10:5:3$P4:5:5:2:0|P5:8:3:1:1|P6:2:7:3:0|P7:10:6:1:1,"0,1,3,2",0.0
A0:12:2:1|A1:4:6:1|A2:5:2:1|A3:10:5:3$P4:5:5:2:0|P5:8:3:1:1|P6:2:7:3:0|P7:10:6:1:1,"1,0,1,0",0.0
A0:12:2:1|A1:4:6:1|A2:5:2:1|A3:10:5:3$P4:5:5:2:0|P5:8:3:1:1|P6:2:7:3:0|P7:10:6:1:1,"1,0,2,2",0.0
A0:12:2:1|A1:4:6:1|A2:5:2:1|A3:10:5:3$P4:5:5:2:0|P5:8:3:1:1|P6:2:7:3:0|P7:10:6:1:1,"3,3,1,2",0.0
A0:12:2:1|A1:4:6:1|A2:5:2:1|A3:10:5:3$P4:5:5:2:0|P5:8:3:1:1|P6:2:7:3:0|P7:10:6:1:1,"1,1,3,1",0.0
A0:12:2:1|A1:4:6:1|A2:5:2:1|A3:10:5:3$P4:5:5:2:0|P5:8:3:1:1|P6:2:7:3:0|P7:10:6:1:1,"2,0,2,3",0.0
A0:12:2:1|A1:4:6:1|A2:5:2:1|A3:10:5:3$P4:5:5:2:0|P5:8:3:1:1|P6:2:7:3:0|P7:10:6:1:1,"2,0,3,1",0.0
A0:12:2:1|A1:4:6:1|A2:5:2:1|A3:10:5:3$P4:5:5:2:0|P5:8:3:1:1|P6:2:7:3:0|P7:10:6:1:1,"0,1,1,2",0.0
A0:12:2:1|A1:4:6:1|A2:5:2:1|A3:10:5:3$P4:5:5:2:0|P5:8:3:1:1|P6:2:7:3:0|P7:10:6:1:1,"1,2,0,3",0.0
A0:12:1:1|A1:4:6:1|A2:5:2:1|A3:10:5:3$P4:5:5:2:0|P5:8:3:1:1|P6:2:7:3:0|P7:10:6:1:1,"3,3,0,3",0.0
A0:12:1:1|A1:4:5:1|A2:6:2:1|A3:10:4:3$P4:5:5:2:0|P5:8:3:1:1|P6:2:7:3:0|P7:10:6:1:1,"0,2,2,3",0.0
A0:12:1:1|A1:4:5:1|A2:6:2:1|A3:10:4:3$P4:5:5:2:0|P5:8:3:1:1|P6:2:7:3:0|P7:10:6:1:1,"2,1,1,3",0.0
A0:12:1:1|A1:4:5:1|A2:6:2:1|A3:10:4:3$P4:5:5:2:0|P5:8:3:1:1|P6:2:7:3:0|P7:10:6:1:1,"0,1,2,2",0.0
A0:12:1:1|A1:4:5:1|A2:6:2:1|A3:10:4:3$P4:5:5:2:0|P5:8:3:1:1|P6:2:7:3:0|P7:10:6:1:1,"1,3,1,0",0.0
A0:12:1:1|A1:4:5:1|A2:6:2:1|A3:10:4:3$P4:5:5:2:0|P5:8:3:1:1|P6:2:7:3:0|P7:10:6:1:1,"3,0,1,2",0.0
A0:12:1:1|A1:4:5:1|A2:6:2:1|A3:10:4:3$P4:5:5:2:0|P5:8:3:1:1|P6:2:7:3:0|P7:10:6:1:1,"2,1,1,2",0.0
A0:12:1:1|A1:4:5:1|A2:6:2:1|A3:10:4:3$P4:5:5:2:0|P5:8:3:1:1|P6:2:7:3:0|P7:10:6:1:1,"3,2,0,0",0.0
A0:12:1:1|A1:4:5:1|A2:6:2:1|A3:10:4:3$P4:5:5:2:0|P5:8:3:1:1|P6:2:7:3:0|P7:10:6:1:1,"3,0,0,0",0.0
A0:12:1:1|A1:4:5:1|A2:6:2:1|A3:10:4:3$P4:5:5:2:0|P5:8:3:1:1|P6:2:7:3:0|P7:10:6:1:1,"2,0,1,2",0.0
A0:12:1:1|A1:4:5:1|A2:6:2:1|A3:10:4:3$P4:5:5:2:0|P5:8:3:1:1|P6:2:7:3:0|P7:10:6:1:1,"3,2,1,3",0.0
A0:12:1:1|A1:4:5:1|A2:6:1:1|A3:10:4:3$P4:5:5:2:0|P5:8:3:1:1|P6:2:7:3:0|P7:10:6:1:1,"1,1,1,1",0.0
A0:11:1:1|A1:4:4:1|A2:6:1:1|A3:9:4:3$P4:5:5:2:0|P5:8:3:1:1|P6:2:7:3:0|P7:10:6:1:1,"3,3,3,0",0.0
A0:11:1:1|A1:4:4:1|A2:6:1:1|A3:9:4:3$P4:5:5:2:0|P5:8:3:1:1|P6:2:7:3:0|P7:10:6:1:1,"3,3,0,1",0.0
A0:11:1:1|A1:4:4:1|A2:6:1:1|A3:9:4:3$P4:5:5:2:0|P5:8:3:1:1|P6:2:7:3:0|P7:10:6:1:1,"3,1,3,3",0.0
A0:11:1:1|A1:4:4:1|A2:6:1:1|A3:9:4:3$P4:5:5:2:0|P5:8:3:1:1|P6:2:7:3:0|P7:10:6:1:1,"2,2,1,2",0.0
A0:11:1:1|A1:4:4:1|A2:6:1:1|A3:9:4:3$P4:5:5:2:0|P5:8:3:1:1|P6:2:7:3:0|P7:10:6:1:1,"3,0,2,0",0.0
A0:11:1:1|A1:4:4:1|A2:6:1:1|A3:9:4:3$P4:5:5:2:0|P5:8:3:1:1|P6:2:7:3:0|P7:10:6:1:1,"1,0,3,0",0.0
A0:11:1:1|A1:4:4:1|A2:6:1:1|A3:9:4:3$P4:5:5:2:0|P5:8:3:1:1|P6:2:7:3:0|P7:10:6:1:1,"1,1,1,0",0.0
A0:11:1:1|A1:4:4:1|A2:6:1:1|A3:9:4:3$P4:5:5:2:0|P5:8:3:1:1|P6:2:7:3:0|P7:10:6:1:1,"2,1,0,0",0.0
A0:11:1:1|A1:4:4:1|A2:6:1:1|A3:9:4:3$P4:5:5:2:0|P5:8:3:1:1|P6:2:7:3:0|P7:10:6:1:1,"3,2,3,0",0.0
A0:11:1:1|A1:4:4:1|A2:6:1:1|A3:9:4:3$P4:5:5:2:0|P5:8:3:1:1|P6:2:7:3:0|P7:10:6:1:1,"0,2,2,0",0.0
A0:11:1:1|A1:4:4:1|A2:6:1:1|A3:9:4:3$P4:5:5:2:0|P5:8:3:1:1|P6:2:7:3:0|P7:10:6:1:1,"2,2,0,1",0.0
A0:11:0:1|A1:4:5:1|A2:7:1:1|A3:9:5:3$P4:5:5:2:0|P5:8:3:1:1|P6:2:7:3:0|P7:10:6:1:1,"1,3,2,0",0.0
A0:11:0:1|A1:4:5:1|A2:7:1:1|A3:9:5:3$P4:5:5:2:0|P5:8:3:1:1|P6:2:7:3:0|P7:10:6:1:1,"1,0,0,0",0.0
A0:11:0:1|A1:4:5:1|A2:7:1:1|A3:9:5:3$P4:5:5:2:0|P5:8:3:1:1|P6:2:7:3:0|P7:10:6:1:1,"1,1,1,1",0.0
A0:11:0:1|A1:4:5:1|A2:7:1:1|A3:9:5:3$P4:5:5:2:0|P5:8:3:1:1|P6:2:7:3:0|P7:10:6:1:1,"0,3,1,1",0.0
A0:11:0:1|A1:4:5:1|A2:7:1:1|A3:9:5:3$P4:5:5:2:0|P5:8:3:1:1|P6:2:7:3:0|P7:10:6:1:1,"1,0,2,0",0.0
A0:11:0:1|A1:4:5:1|A2:7:1:1|A3:9:5:3$P4:5:5:2:0|P5:8:3:1:1|P6:2:7:3:0|P7:10:6:1:1,"0,0,3,1",0.0
A0:11:0:1|A1:4:5:1|A2:7:1:1|A3:9:5:3$P4:5:5:2:0|P5:8:3:1:1|P6:2:7:3:0|P7:10:6:1:1,"3,3,2,2",0.0
A0:11:0:1|A1:4:5:1|A2:7:1:1|A3:9:5:3$P4:5:5:2:0|P5:8:3:1:1|P6:2:7:3:0|P7:10:6:1:1,"3,0,3,1",0.0
A0:11:0:1|A1:4:5:1|A2:7:1:1|A3:9:5:3$P4:5:5:2:0|P5:8:3:1:1|P6:2:7:3:0|P7:10:6:1:1,"0,0,2,1",0.0
A0:11:0:1|A1:4:5:1|A2:7:1:1|A3:9:5:3$P4:5:5:2:0|P5:8:3:1:1|P6:2:7:3:0|P7:10:6:1:1,"3,2,1,2",0.0
A0:11:0:1|A1:4:5:1|A2:7:1:1|A3:9:5:3$P4:5:5:2:0|P5:8:3:1:1|P6:2:7:3:0|P7:10:6:1:1,"2,3,3,1",0.0
A0:11:1:1|A1:4:6:1|A2:8:1:1|A3:9:4:3$P4:5:5:2:0|P5:8:3:1:1|P6:2:7:3:0|P7:10:6:1:1,"2,3,3,0",0.0
A0:11:1:1|A1:4:6:1|A2:8:1:1|A3:9:4:3$P4:5:5:2:0|P5:8:3:1:1|P6:2:7:3:0|P7:10:6:1:1,"3,2,1,2",0.0
A0:11:1:1|A1:4:6:1|A2:8:1:1|A3:9:4:3$P4:5:5:2:0|P5:8:3:1:1|P6:2:7:3:0|P7:10:6:1:1,"1,1,3,0",0.0
A0:11:1:1|A1:4:6:1|A2:8:1:1|A3:9:4:3$P4:5:5:2:0|P5:8:3:1:1|P6:2:7:3:0|P7:10:6:1:1,"0,3,0,0",0.0
A0:11:1:1|A1:4:6:1|A2:8:1:1|A3:9:4:3$P4:5:5:2:0|P5:8:3:1:1|P6:2:7:3:0|P7:10:6:1:1,"2,2,2,0",0.0
A0:11:1:1|A1:4:6:1|A2:8:1:1|A3:9:4:3$P4:5:5:2:0|P5:8:3:1:1|P6:2:7:3:0|P7:10:6:1:1,"1,3,0,0",0.0
A0:11:1:1|A1:4:6:1|A2:8:1:1|A3:9:4:3$P4:5:5:2:0|P5:8:3:1:1|P6:2:7:3:0|P7:10:6:1:1,"2,1,0,1",0.0
A0:11:1:1|A1:4:6:1|A2:8:1:1|A3:9:4:3$P4:5:5:2:0|P5:8:3:1:1|P6:2:7:3:0|P7:10:6:1:1,"2,2,1,3",0.0
A0:11:1:1|A1:4:6:1|A2:8:1:1|A3:9:4:3$P4:5:5:2:0|P5:8:3:1:1|P6:2:7:3:0|P7:10:6:1:1,"3,0,0,3",0.0
A0:11:1:1|A1:4:6:1|A2:8:1:1|A3:9:4:3$P4:5:5:2:0|P5:8:3:1:1|P6:2:7:3:0|P7:10:6:1:1,"0,3,3,2",0.0
A0:11:1:1|A1:4:6:1|A2:8:2:1|A3:9:4:3$P4:5:5:2:0|P5:8:3:1:1|P6:2:7:3:0|P7:10:6:1:1,"0,1,1,3",0.0
A0:11:0:1|A1:5:6:1|A2:8:2:1|A3:9:5:3$P4:5:5:2:0|P5:8:3:1:1|P6:2:7:3:0|P7:10:6:1:1,"0,1,1,2",0.0
A0:11:0:1|A1:5:6:1|A2:8:2:1|A3:9:5:3$P4:5:5:2:0|P5:8:3:1:1|P6:2:7:3:0|P7:10:6:1:1,"3,0,0,1",0.0
A0:11:0:1|A1:5:6:1|A2:8:2:1|A3:9:5:3$P4:5:5:2:0|P5:8:3:1:1|P6:2:7:3:0|P7:10:6:1:1,"1,1,3,1",0.0
A0:11:0:1|A1:5:6:1|A2:8:2:1|A3:9:5:3$P4:5:5:2:0|P5:8:3:1:1|P6:2:7:3:0|P7:10:6:1:1,"3,1,2,1",0.0
A0:11:0:1|A1:5:6:1|A2:8:2:1|A3:9:5:3$P4:5:5:2:0|P5:8:3:1:1|P6:2:7:3:0|P7:10:6:1:1,"1,2,1,2",0.0
A0:11:0:1|A1:5:6:1|A2:8:2:1|A3:9:5:3$P4:5:5:2:0|P5:8:3:1:1|P6:2:7:3:0|P7:10:6:1:1,"0,0,1,0",0.0
A0:11:0:1|A1:5:6:1|A2:8:2:1|A3:9:5:3$P4:5:5:2:0|P5:8:3:1:1|P6:2:7:3:0|P7:10:6:1:1,"0,2,2,2",0.0
A0:11:0:1|A1:5:6:1|A2:8:2:1|A3:9:5:3$P4:5:5:2:0|P5:8:3:1:1|P6:2:7:3:0|P7:10:6:1:1,"3,0,3,2",0.0
A0:11:0:1|A1:5:6:1|A2:8:2:1|A3:9:5:3$P4:5:5:2:0|P5:8:3:1:1|P6:2:7:3:0|P7:10:6:1:1,"0,3,2,1",0.0
A0:11:0:1|A1:5:6:1|A2:8:2:1|A3:9:5:3$P4:5:5:2:0|P5:8:3:1:1|P6:2:7:3:0|P7:10:6:1:1,"0,1,3,1",0.0
A0:11:0:1|A1:5:6:1|A2:8:1:1|A3:9:5:3$P4:5:5:2:0|P5:8:3:1:1|P6:2:7:3:0|P7:10:6:1:1,"2,3,1,2",0.0
A0:11:1:1|A1:5:7:1|A2:8:1:1|A3:9:6:3$P4:5:5:2:0|P5:8:3:1:1|P6:2:7:3:0|P7:10:6:1:1,"1,0,0,2",0.0
A0:11:1:1|A1:5:7:1|A2:8:1:1|A3:9:6:3$P4:5:5:2:0|P5:8:3:1:1|P6:2:7:3:0|P7:10:6:1:1,"1,3,3,3",0.0
A0:11:1:1|A1:5:7:1|A2:8:1:1|A3:9:6:3$P4:5:5:2:0|P5:8:3:1:1|P6:2:7:3:0|P7:10:6:1:1,"2,2,0,2",0.0
A0:11:1:1|A1:5:7:1|A2:8:1:1|A3:9:6:3$P4:5:5:2:0|P5:8:3:1:1|P6:2:7:3:0|P7:10:6:1:1,"0,3,1,1",0.0
A0:11:1:1|A1:5:7:1|A2:8:1:1|A3:9:6:3$P4:5:5:2:0|P5:8:3:1:1|P6:2:7:3:0|P7:10:6:1:1,"1,3,2,2",0.0
A0:11:1:1|A1:5:7:1|A2:8:1:1|A3:9:6:3$P4:5:5:2:0|P5:8:3:1:1|P6:2:7:3:0|P7:10:6:1:1,"1,1,1,0",0.0
A0:11:1:1|A1:5:7:1|A2:8:1:1|A3:9:6:3$P4:5:5:2:0|P5:8:3:1:1|P6:2:7:3:0|P7:10:6:1:1,"0,0,2,1",0.0
A0:11:1:1|A1:5:7:1|A2:8:1:1|A3:9:6:3$P4:5:5:2:0|P5:8:3:1:1|P6:2:7:3:0|P7:10:6:1:1,"1,3,3,0",0.0
A0:11:1:1|A1:5:7:1|A2:8:1:1|A3:9:6:3$P4:5:5:2:0|P5:8:3:1:1|P6:2:7:3:0|P7:10:6:1:1,"3,3,0,0",0.0
A0:11:1:1|A1:5:7:1|A2:8:1:1|A3:9:6:3$P4:5:5:2:0|P5:8:3:1:1|P6:2:7:3:0|P7:10:6:1:1,"2,3,0,2",0.0
A0:11:1:1|A1:5:7:1|A2:8:1:1|A3:9:6:3$P4:5:5:2:0|P5:8:3:1:1|P6:2:7:3:0|P7:10:6:1:1,"1,3,3,1",0.0
A0:11:0:1|A1:5:6:1|A2:8:0:1|A3:9:7:3$P4:5:5:2:0|P5:8:3:1:1|P6:2:7:3:0|P7:10:6:1:1,"1,2,0,3",0.0
A0:11:0:1|A1:5:6:1|A2:8:0:1|A3:9:7:3$P4:5:5:2:0|P5:8:3:1:1|P6:2:7:3:0|P7:10:6:1:1,"0,3,2,2",0.0
A0:11:0:1|A1:5:6:1|A2:8:0:1|A3:9:7:3$P4:5:5:2:0|P5:8:3:1:1|P6:2:7:3:0|P7:10:6:1:1,"2,2,0,2",0.0
A0:11:0:1|A1:5:6:1|A2:8:0:1|A3:9:7:3$P4:5:5:2:0|P5:8:3:1:1|P6:2:7:3:0|P7:10:6:1:1,"2,1,0,1",0.0
A0:11:0:1|A1:5:6:1|A2:8:0:1|A3:9:7:3$P4:5:5:2:0|P5:8:3:1:1|P6:2:7:3:0|P7:10:6:1:1,"2,3,0,1",0.0
A0:11:0:1|A1:5:6:1|A2:8:0:1|A3:9:7:3$P4:5:5:2:0|P5:8:3:1:1|P6:2:7:3:0|P7:10:6:1:1,"1,2,3,0",0.0
A0:11:0:1|A1:5:6:1|A2:8:0:1|A3:9:7:3$P4:5:5:2:0|P5:8:3:1:1|P6:2:7:3:0|P7:10:6:1:1,"2,3,1,0",0.0
A0:11:0:1|A1:5:6:1|A2:8:0:1|A3:9:7:3$P4:5:5:2:0|P5:8:3:1:1|P6:2:7:3:0|P7:10:6:1:1,"3,1,2,1",0.0
A0:11:0:1|A1:5:6:1|A2:8:0:1|A3:9:7:3$P4:5:5:2:0|P5:8:3:1:1|P6:2:7:3:0|P7:10:6:1:1,"2,0,1,0",0.0
A0:11:0:1|A1:5:6:1|A2:8:0:1|A3:9:7:3$P4:5:5:2:0|P5:8:3:1:1|P6:2:7:3:0|P7:10:6:1:1,"2,0,0,2",0.0
A0:10:0:1|A1:4:6:1|A2:9:0:1|A3:9:8:3$P4:5:5:2:0|P5:8:3:1:1|P6:2:7:3:0|P7:10:6:1:1,"0,1,3,1",0.0
A0:10:0:1|A1:4:6:1|A2:9:0:1|A3:9:8:3$P4:5:5:2:0|P5:8:3:1:1|P6:2:7:3:0|P7:10:6:1:1,"0,0,1,3",0.0
A0:10:0:1|A1:4:6:1|A2:9:0:1|A3:9:8:3$P4:5:5:2:0|P5:8:3:1:1|P6:2:7:3:0|P7:10:6:1:1,"0,1,1,2",0.0
A0:10:0:1|A1:4:6:1|A2:9:0:1|A3:9:8:3$P4:5:5:2:0|P5:8:3:1:1|P6:2:7:3:0|P7:10:6:1:1,"1,2,2,3",0.0
A0:10:0:1|A1:4:6:1|A2:9:0:1|A3:9:8:3$P4:5:5:2:0|P5:8:3:1:1|P6:2:7:3:0|P7:10:6:1:1,"3,3,3,3",0.0
A0:10:0:1|A1:4:6:1|A2:9:0:1|A3:9:8:3$P4:5:5:2:0|P5:8:3:1:1|P6:2:7:3:0|P7:10:6:1:1,"1,0,1,0",0.0
A0:10:0:1|A1:4:6:1|A2:9:0:1|A3:9:8:3$P4:5:5:2:0|P5:8:3:1:1|P6:2:7:3:0|P7:10:6:1:1,"3,1,2,3",0.0
A0:10:0:1|A1:4:6:1|A2:9:0:1|A3:9:8:3$P4:5:5:2:0|P5:8:3:1:1|P6:2:7:3:0|P7:10:6:1:1,"3,0,1,0",0.0
A0:10:0:1|A1:4:6:1|A2:9:0:1|A3:9:8:3$P4:5:5:2:0|P5:8:3:1:1|P6:2:7:3:0|P7:10:6:1:1,"3,1,3,1",0.0
A0:10:0:1|A1:4:6:1|A2:9:0:1|A3:9:8:3$P4:5:5:2:0|P5:8:3:1:1|P6:2:7:3:0|P7:10:6:1:1,"2,0,1,0",0.0
A0:10:0:1|A1:4:6:1|A2:9:0:1|A3:9:8:3$P4:5:5:2:0|P5:8:3:1:1|P6:2:7:3:0|P7:10:6:1:1,"1,2,1,1",0.0
A0:10:1:1|A1:4:7:1|A2:8:0:1|A3:10:8:3$P4:5:5:2:0|P5:8:3:1:1|P6:2:7:3:0|P7:10:6:1:1,"0,3,0,0",0.0
A0:10:1:1|A1:4:7:1|A2:8:0:1|A3:10:8:3$P4:5:5:2:0|P5:8:3:1:1|P6:2:7:3:0|P7:10:6:1:1,"2,0,3,0",0.0
A0:10:1:1|A1:4:7:1|A2:8:0:1|A3:10:8:3$P4:5:5:2:0|P5:8:3:1:1|P6:2:7:3:0|P7:10:6:1:1,"2,3,3,0",0.0
A0:10:1:1|A1:4:7:1|A2:8:0:1|A3:10:8:3$P4:5:5:2:0|P5:8:3:1:1|P6:2:7:3:0|P7:10:6:1:1,"2,3,2,3",0.0
A0:10:1:1|A1:4:7:1|A2:8:0:1|A3:10:8:3$P4:5:5:2:0|P5:8:3:1:1|P6:2:7:3:0|P7:10:6:1:1,"1,0,0,3",0.0
A0:10:1:1|A1:4:7:1|A2:8:0:1|A3:10:8:3$P4:5:5:2:0|P5:8:3:1:1|P6:2:7:3:0|P7:10:6:1:1,"1,2,1,3",0.0
A0:10:1:1|A1:4:7:1|A2:8:0:1|A3:10:8:3$P4:5:5:2:0|P5:8:3:1:1|P6:2:7:3:0|P7:10:6:1:1,"1,0,2,0",0.0
A0:10:1:1|A1:4:7:1|A2:8:0:1|A3:10:8:3$P4:5:5:2:0|P5:8:3:1:1|P6:2:7:3:0|P7:10:6:1:1,"0,1,2,2",0.0
A0:10:1:1|A1:4:7:1|A2:8:0:1|A3:10:8:3$P4:5:5:2:0|P5:8:3:1:1|P6:2:7:3:0|P7:10:6:1:1,"0,0,2,3",0.0
A0:10:1:1|A1:3:7:1|A2:8:0:1|A3:10:8:3$P4:5:5:2:0|P5:8:3:1:1|P6:2:7:3:0|P7:10:6:1:1,"1,0,0,2",0.0
A0:10:0:1|A1:3:7:1|A2:8:1:1|A3:11:8:3$P4:5:5:2:0|P5:8:3:1:1|P6:2:7:3:0|P7:10:6:1:1,"1,0,3,1",0.0
A0:10:0:1|A1:3:7:1|A2:8:1:1|A3:11:8:3$P4:5:5:2:0|P5:8:3:1:1|P6:2:7:3:0|P7:10:6:1:1,"0,2,2,2",0.0
A0:10:0:1|A1:3:7:1|A2:8:1:1|A3:11:8:3$P4:5:5:2:0|P5:8:3:1:1|P6:2:7:3:0|P7:10:6:1:1,"2,2,1,0",0.0
A0:10:0:1|A1:3:7:1|A2:8:1:1|A3:11:8:3$P4:5:5:2:0|P5:8:3:1:1|P6:2:7:3:0|P7:10:6:1:1,"3,3,1,2",0.0
A0:10:0:1|A1:3:7:1|A2:8:1:1|A3:11:8:3$P4:5:5:2:0|P5:8:3:1:1|P6:2:7:3:0|P7:10:6:1:1,"1,0,1,0",0.0
A0:10:0:1|A1:3:7:1|A2:8:1:1|A3:11:8:3$P4:5:5:2:0|P5:8:3:1:1|P6:2:7:3:0|P7:10:6:1:1,"0,1,2,0",0.0
A0:10:0:1|A1:3:7:1|A2:8:1:1|A3:11:8:3$P4:5:5:2:0|P5:8:3:1:1|P6:2:7:3:0|P7:10:6:1:1,"1,1,2,2",0.0
A0:10:0:1|A1:3:7:1|A2:8:1:1|A3:11:8:3$P4:5:5:2:0|P5:8:3:1:1|P6:2:7:3:0|P7:10:6:1:1,"0,0,2,0",0.0
A0:10:0:1|A1:3:7:1|A2:8:1:1|A3:11:8:3$P4:5:5:2:0|P5:8:3:1:1|P6:2:7:3:0|P7:10:6:1:1,"0,2,2,0",0.0
A0:10:0:1|A1:3:7:1|A2:8:1:1|A3:11:8:3$P4:5:5:2:0|P5:8:3:1:1|P6:2:7:3:0|P7:10:6:1:1,"3,1,0,0",0.0
A0:10:0:1|A1:3:7:1|A2:8:1:1|A3:11:8:3$P4:5:5:2:0|P5:8:3:1:1|P6:2:7:3:0|P7:10:6:1:1,"0,2,0,0",0.0
A0:10:1:1|A1:3:6:1|A2:7:1:1|A3:10:8:3$P4:5:5:2:0|P5:8:3:1:1|P6:2:7:3:0|P7:10:6:1:1,"2,0,1,2",0.0
A0:10:1:1|A1:3:6:1|A2:7:1:1|A3:10:8:3$P4:5:5:2:0|P5:8:3:1:1|P6:2:7:3:0|P7:10:6:1:1,"2,3,3,3",0.0
A0:10:1:1|A1:3:6:1|A2:7:1:1|A3:10:8:3$P4:5:5:2:0|P5:8:3:1:1|P6:2:7:3:0|P7:10:6:1:1,"0,1,3,1",0.0
A0:10:1:1|A1:3:6:1|A2:7:1:1|A3:10:8:3$P4:5:5:2:0|P5:8:3:1:1|P6:2:7:3:0|P7:10:6:1:1,"2,3,1,0",0.0
A0:10:1:1|A1:3:6:1|A2:7:1:1|A3:10:8:3$P4:5:5:2:0|P5:8:3:1:1|P6:2:7:3:0|P7:10:6:1:1,"1,2,1,1",0.0
A0:10:1:1|A1:3:6:1|A2:7:1:1|A3:10:8:3$P4:5:5:2:0|P5:8:3:1:1|P6:2:7:3:0|P7:10:6:1:1,"1,2,3,1",0.0
A0:10:1:1|A1:3:6:1|A2:7:1:1|A3:10:8:3$P4:5:5:2:0|P5:8:3:1:1|P6:2:7:3:0|P7:10:6:1:1,"2,3,1,2",0.0
A0:10:1:1|A1:3:6:1|A2:7:1:1|A3:10:8:3$P4:5:5:2:0|P5:8:3:1:1|P6:2:7:3:0|P7:10:6:1:1,"0,0,0,2",0.0
A0:10:1:1|A1:3:6:1|A2:7:1:1|A3:10:8:3$P4:5:5:2:0|P5:8:3:1:1|P6:2:7:3:0|P7:10:6:1:1,"3,2,3,2",0.0
A0:10:1:1|A1:3:6:1|A2:7:1:1|A3:10:8:3$P4:5:5:2:0|P5:8:3:1:1|P6:2:7:3:0|P7:10:6:1:1,"0,3,3,1",0.0
A0:10:1:1|A1:2:6:1|A2:7:1:1|A3:10:8:3$P4:5:5:2:0|P5:8:3:1:1|P6:2:7:3:0|P7:10:6:1:1,"3,3,1,3",0.0
A0:10:0:1|A1:2:6:1|A2:8:1:1|A3:10:7:3$P4:5:5:2:0|P5:8:3:1:1|P6:2:7:3:0|P7:10:6:1:1,"0,1,0,1",0.0
A0:10:0:1|A1:2:6:1|A2:8:1:1|A3:10:7:3$P4:5:5:2:0|P5:8:3:1:1|P6:2:7:3:0|P7:10:6:1:1,"1,0,0,3",0.0
A0:10:0:1|A1:2:6:1|A2:8:1:1|A3:10:7:3$P4:5:5:2:0|P5:8:3:1:1|P6:2:7:3:0|P7:10:6:1:1,"0,1,2,2",0.0
A0:10:0:1|A1:2:6:1|A2:8:1:1|A3:10:7:3$P4:5:5:2:0|P5:8:3:1:1|P6:2:7:3:0|P7:10:6:1:1,"2,1,0,0",0.0
A0:10:0:1|A1:2:6:1|A2:8:1:1|A3:10:7:3$P4:5:5:2:0|P5:8:3:1:1|P6:2:7:3:0|P7:10:6:1:1,"1,2,1,3",0.0
A0:10:0:1|A1:2:6:1|A2:8:1:1|A3:10:7:3$P4:5:5:2:0|P5:8:3:1:1|P6:2:7:3:0|P7:10:6:1:1,"0,3,2,2",0.0
A0:10:0:1|A1:2:6:1|A2:8:1:1|A3:10:7:3$P4:5:5:2:0|P5:8:3:1:1|P6:2:7:3:0|P7:10:6:1:1,"3,3,2,3",0.0
A0:10:0:1|A1:2:6:1|A2:8:1:1|A3:10:7:3$P4:5:5:2:0|P5:8:3:1:1|P6:2:7:3:0|P7:10:6:1:1,"0,3,0,2",0.0
A0:10:0:1|A1:2:6:1|A2:8:1:1|A3:10:7:3$P4:5:5:2:0|P5:8:3:1:1|P6:2:7:3:0|P7:10:6:1:1,"0,1,0,3",0.0
A0:10:0:1|A1:1:6:1|A2:8:1:1|A3:10:7:3$P4:5:5:2:0|P5:8:3:1:1|P6:2:7:3:0|P7:10:6:1:1,"2,1,0,3",0.0
A0:11:0:1|A1:1:6:1|A2:8:0:1|A3:11:7:3$P4:5:5:2:0|P5:8:3:1:1|P6:2:7:3:0|P7:10:6:1:1,"0,2,2,3",0.0
A0:11:0:1|A1:1:6:1|A2:8:0:1|A3:11:7:3$P4:5:5:2:0|P5:8:3:1:1|P6:2:7:3:0|P7:10:6:1:1,"0,2,0,0",0.0
A0:11:0:1|A1:1:6:1|A2:8:0:1|A3:11:7:3$P4:5:5:2:0|P5:8:3:1:1|P6:2:7:3:0|P7:10:6:1:1,"1,1,1,0",0.0
A0:11:0:1|A1:1:6:1|A2:8:0:1|A3:11:7:3$P4:5:5:2:0|P5:8:3:1:1|P6:2:7:3:0|P7:10:6:1:1,"0,0,3,0",0.0
A0:11:0:1|A1:1:6:1|A2:8:0:1|A3:11:7:3$P4:5:5:2:0|P5:8:3:1:1|P6:2:7:3:0|P7:10:6:1:1,"3,2,2,1",0.0
A0:11:0:1|A1:1:6:1|A2:8:0:1|A3:11:7:3$P4:5:5:2:0|P5:8:3:1:1|P6:2:7:3:0|P7:10:6:1:1,"1,3,2,2",0.0
A0:11:0:1|A1:1:6:1|A2:8:0:1|A3:11:7:3$P4:5:5:2:0|P5:8:3:1:1|P6:2:7:3:0|P7:10:6:1:1,"2,3,0,2",0.0
A0:11:0:1|A1:1:6:1|A2:8:0:1|A3:11:7:3$P4:5:5:2:0|P5:8:3:1:1|P6:2:7:3:0|P7:10:6:1:1,"1,0,3,1",0.0
A0:11:0:1|A1:1:6:1|A2:8:0:1|A3:11:7:3$P4:5:5:2:0|P5:8:3:1:1|P6:2:7:3:0|P7:10:6:1:1,"2,2,0,1",0.0
A0:11:0:1|A1:1:6:1|A2:8:0:1|A3:11:7:3$P4:5:5:2:0|P5:8:3:1:1|P6:2:7:3:0|P7:10:6:1:1,"3,2,3,0",0.0
A0:11:0:1|A1:2:6:1|A2:8:0:1|A3:11:7:3$P4:5:5:2:0|P5:8:3:1:1|P6:2:7:3:0|P7:10:6:1:1,"2,1,0,2",0.0
A0:10:0:1|A1:2:6:1|A2:7:0:1|A3:10:7:3$P4:5:5:2:0|P5:8:3:1:1|P6:2:7:3:0|P7:10:6:1:1,"2,3,2,2",0.0
A0:10:0:1|A1:2:6:1|A2:7:0:1|A3:10:7:3$P4:5:5:2:0|P5:8:3:1:1|P6:2:7:3:0|P7:10:6:1:1,"1,3,2,0",0.0
A0:10:0:1|A1:2:6:1|A2:7:0:1|A3:10:7:3$P4:5:5:2:0|P5:8:3:1:1|P6:2:7:3:0|P7:10:6:1:1,"3,1,3,3",0.0
A0:10:0:1|A1:2:6:1|A2:7:0:1|A3:10:7:3$P4:5:5:2:0|P5:8:3:1:1|P6:2:7:3:0|P7:10:6:1:1,"0,3,2,2",0.0
A0:10:0:1|A1:2:6:1|A2:7:0:1|A3:10:7:3$P4:5:5:2:0|P5:8:3:1:1|P6:2:7:3:0|P7:10:6:1:1,"2,2,1,1",0.0
A0:10:0:1|A1:2:6:1|A2:7:0:1|A3:10:7:3$P4:5:5:2:0|P5:8:3:1:1|P6:2:7:3:0|P7:10:6:1:1,"1,3,2,2",0.0
A0:10:0:1|A1:2:6:1|A2:7:0:1|A3:10:7:3$P4:5:5:2:0|P5:8:3:1:1|P6:2:7:3:0|P7:10:6:1:1,"2,2,3,0",0.0
A0:10:0:1|A1:2:6:1|A2:7:0:1|A3:10:7:3$P4:5:5:2:0|P5:8:3:1:1|P6:2:7:3:0|P7:10:6:1:1,"3,3,1,3",0.0
A0:10:0:1|A1:2:6:1|A2:7:0:1|A3:10:7:3$P4:5:5:2:0|P5:8:3:1:1|P6:2:7:3:0|P7:10:6:1:1,"1,0,1,0",0.0
A0:10:0:1|A1:2:6:1|A2:7:0:1|A3:10:7:3$P4:5:5:2:0|P5:8:3:1:1|P6:2:7:3:0|P7:10:6:1:1,"0,1,0,3",0.0
A0:10:0:1|A1:3:6:1|A2:7:0:1|A3:10:7:3$P4:5:5:2:0|P5:8:3:1:1|P6:2:7:3:0|P7:10:6:1:1,"0,2,0,2",0.0
A0:10:1:1|A1:3:6:1|A2:6:0:1|A3:9:7:3$P4:5:5:2:0|P5:8:3:1:1|P6:2:7:3:0|P7:10:6:1:1,"0,2,0,3",0.0
A0:10:1:1|A1:3:6:1|A2:6:0:1|A3:9:7:3$P4:5:5:2:0|P5:8:3:1:1|P6:2:7:3:0|P7:10:6:1:1,"2,0,2,3",0.0
A0:10:1:1|A1:3:6:1|A2:6:0:1|A3:9:7:3$P4:5:5:2:0|P5:8:3:1:1|P6:2:7:3:0|P7:10:6:1:1,"0,1,0,0",0.0
A0:10:1:1|A1:3:6:1|A2:6:0:1|A3:9:7:3$P4:5:5:2:0|P5:8:3:1:1|P6:2:7:3:0|P7:10:6:1:1,"2,1,0,0",0.0
A0:10:1:1|A1:3:6:1|A2:6:0:1|A3:9:7:3$P4:5:5:2:0|P5:8:3:1:1|P6:2:7:3:0|P7:10:6:1:1,"1,0,1,0",0.0
A0:10:1:1|A1:3:6:1|A2:6:0:1|A3:9:7:3$P4:5:5:2:0|P5:8:3:1:1|P6:2:7:3:0|P7:10:6:1:1,"0,3,0,0",0.0
A0:10:1:1|A1:3:6:1|A2:6:0:1|A3:9:7:3$P4:5:5:2:0|P5:8:3:1:1|P6:2:7:3:0|P7:10:6:1:1,"3,0,3,2",0.0
A0:10:1:1|A1:3:6:1|A2:6:0:1|A3:9:7:3$P4:5:5:2:0|P5:8:3:1:1|P6:2:7:3:0|P7:10:6:1:1,"2,3,2,2",0.0
A0:10:1:1|A1:3:6:1|A2:6:0:1|A3:9:7:3$P4:5:5:2:0|P5:8:3:1:1|P6:2:7:3:0|P7:10:6:1:1,"2,1,3,3",0.0
A0:10:1:1|A1:3:6:1|A2:6:0:1|A3:9:7:3$P4:5:5:2:0|P5:8:3:1:1|P6:2:7:3:0|P7:10:6:1:1,"3,1,1,1",0.0
A0:10:2:1|A1:4:6:1|A2:6:0:1|A3:9:7:3$P4:5:5:2:0|P5:8:3:1:1|P6:2:7:3:0|P7:10:6:1:1,"3,2,3,0",0.0
A0:10:2:1|A1:4:6:1|A2:6:1:1|A3:9:8:3$P4:5:5:2:0|P5:8:3:1:1|P6:2:7:3:0|P7:10:6:1:1,"3,0,0,2",0.0
A0:10:2:1|A1:4:6:1|A2:6:1:1|A3:9:8:3$P4:5:5:2:0|P5:8:3:1:1|P6:2:7:3:0|P7:10:6:1:1,"2,0,1,2",0.0
A0:10:2:1|A1:4:6:1|A2:6:1:1|A3:9:8:3$P4:5:5:2:0|P5:8:3:1:1|P6:2:7:3:0|P7:10:6:1:1,"1,3,1,1",0.0
A0:10:2:1|A1:4:6:1|A2:6:1:1|A3:9:8:3$P4:5:5:2:0|P5:8:3:1:1|P6:2:7:3:0|P7:10:6:1:1,"0,2,0,3",0.0
A0:10:2:1|A1:4:6:1|A2:6:1:1|A3:9:8:3$P4:5:5:2:0|P5:8:3:1:1|P6:2:7:3:0|P7:10:6:1:1,"0,2,3,2",0.0
A0:10:2:1|A1:4:6:1|A2:6:1:1|A3:9:8:3$P4:5:5:2:0|P5:8:3:1:1|P6:2:7:3:0|P7:10:6:1:1,"3,3,2,0",0.0
A0:10:2:1|A1:4:6:1|A2:6:1:1|A3:9:8:3$P4:5:5:2:0|P5:8:3:1:1|P6:2:7:3:0|P7:10:6:1:1,"1,2,3,2",0.0
A0:10:2:1|A1:4:6:1|A2:6:1:1|A3:9:8:3$P4:5:5:2:0|P5:8:3:1:1|P6:2:7:3:0|P7:10:6:1:1,"0,0,2,0",0.0
A0:10:2:1|A1:4:6:1|A2:6:1:1|A3:9:8:3$P4:5:5:2:0|P5:8:3:1:1|P6:2:7:3:0|P7:10:6:1:1,"0,1,0,1",0.0
A0:10:2:1|A1:4:6:1|A2:6:1:1|A3:9:8:3$P4:5:5:2:0|P5:8:3:1:1|P6:2:7:3:0|P7:10:6:1:1,"3,1,1,3",0.0
A0:10:2:1|A1:4:6:1|A2:6:1:1|A3:9:8:3$P4:5:5:2:0|P5:8:3:1:1|P6:2:7:3:0|P7:10:6:1:1,"3,2,2,1",0.0
A0:11:2:1|A1:5:6:1|A2:5:1:1|A3:8:8:3$P4:5:5:2:0|P5:8:3:1:1|P6:2:7:3:0|P7:10:6:1:1,"0,3,2,2",0.0
A0:11:2:1|A1:5:6:1|A2:5:1:1|A3:8:8:3$P4:5:5:2:0|P5:8:3:1:1|P6:2:7:3:0|P7:10:6:1:1,"2,0,2,2",0.0
A0:11:2:1|A1:5:6:1|A2:5:1:1|A3:8:8:3$P4:5:5:2:0|P5:8:3:1:1|P6:2:7:3:0|P7:10:6:1:1,"1,1,3,1",0.0
A0:11:2:1|A1:5:6:1|A2:5:1:1|A3:8:8:3$P4:5:5:2:0|P5:8:3:1:1|P6:2:7:3:0|P7:10:6:1:1,"3,3,1,0",0.0
A0:11:2:1|A1:5:6:1|A2:5:1:1|A3:8:8:3$P4:5:5:2:0|P5:8:3:1:1|P6:2:7:3:0|P7:10:6:1:1,"0,0,1,3",0.0
A0:11:2:1|A1:5:6:1|A2:5:1:1|A3:8:8:3$P4:5:5:2:0|P5:8:3:1:1|P6:2:7:3:0|P7:10:6:1:1,"1,1,1,1",0.0
A0:11:2:1|A1:5:6:1|A2:5:1:1|A3:8:8:3$P4:5:5:2:0|P5:8:3:1:1|P6:2:7:3:0|P7:10:6:1:1,"0,2,1,3",0.0
A0:11:2:1|A1:5:6:1|A2:5:1:1|A3:8:8:3$P4:5:5:2:0|P5:8:3:1:1|P6:2:7:3:0|P7:10:6:1:1,"2,0,1,3",0.0
A0:11:2:1|A1:5:6:1|A2:5:1:1|A3:8:8:3$P4:5:5:2:0|P5:8:3:1:1|P6:2:7:3:0|P7:10:6:1:1,"2,2,2,3",0.0
A0:11:2:1|A1:5:6:1|A2:5:1:1|A3:8:8:3$P4:5:5:2:0|P5:8:3:1:1|P6:2:7:3:0|P7:10:6:1:1,"0,2,3,3",0.0
A0:11:1:1|A1:5:6:1|A2:5:1:1|A3:8:8:3$P4:5:5:2:0|P5:8:3:1:1|P6:2:7:3:0|P7:10:6:1:1,"3,0,3,1",0.0
A0:11:1:1|A1:5:7:1|A2:5:0:1|A3:8:7:3$P4:5:5:2:0|P5:8:3:1:1|P6:2:7:3:0|P7:10:6:1:1,"2,0,0,3",0.0
A0:11:1:1|A1:5:7:1|A2:5:0:1|A3:8:7:3$P4:5:5:2:0|P5:8:3:1:1|P6:2:7:3:0|P7:10:6:1:1,"0,0,2,1",0.0
A0:11:1:1|A1:5:7:1|A2:5:0:1|A3:8:7:3$P4:5:5:2:0|P5:8:3:1:1|P6:2:7:3:0|P7:10:6:1:1,"0,3,0,1",0.0
A0:11:1:1|A1:5:7:1|A2:5:0:1|A3:8:7:3$P4:5:5:2:0|P5:8:3:1:1|P6:2:7:3:0|P7:10:6:1:1,"2,3,2,0",0.0
A0:11:1:1|A1:5:7:1|A2:5:0:1|A3:8:7:3$P4:5:5:2:0|P5:8:3:1:1|P6:2:7:3:0|P7:10:6:1:1,"2,0,0,0",0.0
A0:11:1:1|A1:5:7:1|A2:5:0:1|A3:8:7:3$P4:5:5:2:0|P5:8:3:1:1|P6:2:7:3:0|P7:10:6:1:1,"3,2,0,2",0.0
A0:11:1:1|A1:5:7:1|A2:5:0:1|A3:8:7:3$P4:5:5:2:0|P5:8:3:1:1|P6:2:7:3:0|P7:10:6:1:1,"1,0,3,0",0.0
A0:11:1:1|A1:5:7:1|A2:5:0:1|A3:8:7:3$P4:5:5:2:0|P5:8:3:1:1|P6:2:7:3:0|P7:10:6:1:1,"2,0,1,0",0.0
A0:11:1:1|A1:5:7:1|A2:5:0:1|A3:8:7:3$P4:5:5:2:0|P5:8:3:1:1|P6:2:7:3:0|P7:10:6:1:1,"2,2,2,1",0.0
A0:11:1:1|A1:5:7:1|A2:5:0:1|A3:8:7:3$P4:5:5:2:0|P5:8:3:1:1|P6:2:7:3:0|P7:10:6:1:1,"0,2,3,1",0.0
A0:11:1:1|A1:5:7:1|A2:5:0:1|A3:8:7:3$P4:5:5:2:0|P5:8:3:1:1|P6:2:7:3:0|P7:10:6:1:1,"3,1,2,2",0.0
A0:12:1:1|A1:4:7:1|A2:5:1:1|A3:7:7:3$P4:5:5:2:0|P5:8:3:1:1|P6:2:7:3:0|P7:10:6:1:1,"2,1,1,0",0.0
A0:12:1:1|A1:4:7:1|A2:5:1:1|A3:7:7:3$P4:5:5:2:0|P5:8:3:1:1|P6:2:7:3:0|P7:10:6:1:1,"3,2,0,2",0.0
A0:12:1:1|A1:4:7:1|A2:5:1:1|A3:7:7:3$P4:5:5:2:0|P5:8:3:1:1|P6:2:7:3:0|P7:10:6:1:1,"1,3,0,1",0.0
A0:12:1:1|A1:4:7:1|A2:5:1:1|A3:7:7:3$P4:5:5:2:0|P5:8:3:1:1|P6:2:7:3:0|P7:10:6:1:1,"0,1,3,1",0.0
A0:12:1:1|A1:4:7:1|A2:5:1:1|A3:7:7:3$P4:5:5:2:0|P5:8:3:1:1|P6:2:7:3:0|P7:10:6:1:1,"0,3,1,3",0.0
A0:12:1:1|A1:4:7:1|A2:5:1:1|A3:7:7:3$P4:5:5:2:0|P5:8:3:1:1|P6:2:7:3:0|P7:10:6:1:1,"1,3,3,2",0.0
A0:12:1:1|A1:4:7:1|A2:5:1:1|A3:7:7:3$P4:5:5:2:0|P5:8:3:1:1|P6:2:7:3:0|P7:10:6:1:1,"3,1,1,1",0.0
A0:12:1:1|A1:4:7:1|A2:5:1:1|A3:7:7:3$P4:5:5:2:0|P5:8:3:1:1|P6:2:7:3:0|P7:10:6:1:1,"0,1,2,3",0.0
A0:12:1:1|A1:4:7:1|A2:5:1:1|A3:7:7:3$P4:5:5:2:0|P5:8:3:1:1|P6:2:7:3:0|P7:10:6:1:1,"3,2,1,1",0.0
A0:12:1:1|A1:4:7:1|A2:5:1:1|A3:7:7:3$P4:5:5:2:0|P5:8:3:1:1|P6:2:7:3:0|P7:10:6:1:1,"3,0,1,2",0.0
A0:12:1:1|A1:4:7:1|A2:5:1:1|A3:7:7:3$P4:5:5:2:0|P5:8:3:1:1|P6:2:7:3:0|P7:10:6:1:1,"3,1,0,3",0.0
A0:12:0:1|A1:5:7:1|A2:6:1:1|A3:6:7:3$P4:5:5:2:0|P5:8:3:1:1|P6:2:7:3:0|P7:10:6:1:1,"1,3,2,1",0.0
A0:12:0:1|A1:5:7:1|A2:6:1:1|A3:6:7:3$P4:5:5:2:0|P5:8:3:1:1|P6:2:7:3:0|P7:10:6:1:1,"1,0,3,3",0.0
A0:12:0:1|A1:5:7:1|A2:6:1:1|A3:6:7:3$P4:5:5:2:0|P5:8:3:1:1|P6:2:7:3:0|P7:10:6:1:1,"1,1,3,1",0.0
A0:12:0:1|A1:5:7:1|A2:6:1:1|A3:6:7:3$P4:5:5:2:0|P5:8:3:1:1|P6:2:7:3:0|P7:10:6:1:1,"2,1,3,0",0.0
A0:12:0:1|A1:5:7:1|A2:6:1:1|A3:6:7:3$P4:5:5:2:0|P5:8:3:1:1|P6:2:7:3:0|P7:10:6:1:1,"3,1,1,1",0.0
A0:12:0:1|A1:5:7:1|A2:6:1:1|A3:6:7:3$P4:5:5:2:0|P5:8:3:1:1|P6:2:7:3:0|P7:10:6:1:1,"0,3,0,2",0.0
A0:12:0:1|A1:5:7:1|A2:6:1:1|A3:6:7:3$P4:5:5:2:0|P5:8:3:1:1|P6:2:7:3:0|P7:10:6:1:1,"1,0,3,2",0.0
A0:12:0:1|A1:5:7:1|A2:6:1:1|A3:6:7:3$P4:5:5:2:0|P5:8:3:1:1|P6:2:7:3:0|P7:10:6:1:1,"0,1,0,0",0.0
A0:12:0:1|A1:5:7:1|A2:6:1:1|A3:6:7:3$P4:5:5:2:0|P5:8:3:1:1|P6:2:7:3:0|P7:10:6:1:1,"0,3,3,2",0.0
A0:12:0:1|A1:5:7:1|A2:6:1:1|A3:6:7:3$P4:5:5:2:0|P5:8:3:1:1|P6:2:7:3:0|P7:10:6:1:1,"2,2,3,2",0.0
A0:12:0:1|A1:5:7:1|A2:6:2:1|A3:6:7:3$P4:5:5:2:0|P5:8:3:1:1|P6:2:7:3:0|P7:10:6:1:1,"2,3,3,2",0.0
A0:12:1:1|A1:5:8:1|A2:6:2:1|A3:6:8:3$P4:5:5:2:0|P5:8:3:1:1|P6:2:7:3:0|P7:10:6:1:1,"2,3,2,1",0.0
A0:12:1:1|A1:5:8:1|A2:6:2:1|A3:6:8:3$P4:5:5:2:0|P5:8:3:1:1|P6:2:7:3:0|P7:10:6:1:1,"0,3,0,0",0.0
A0:12:1:1|A1:5:8:1|A2:6:2:1|A3:6:8:3$P4:5:5:2:0|P5:8:3:1:1|P6:2:7:3:0|P7:10:6:1:1,"1,0,1,2",0.0
A0:12:1:1|A1:5:8:1|A2:6:2:1|A3:6:8:3$P4:5:5:2:0|P5:8:3:1:1|P6:2:7:3:0|P7:10:6:1:1,"0,3,0,1",0.0
A0:12:1:1|A1:5:8:1|A2:6:2:1|A3:6:8:3$P4:5:5:2:0|P5:8:3:1:1|P6:2:7:3:0|P7:10:6:1:1,"3,0,1,3",0.0
A0:12:1:1|A1:5:8:1|A2:6:2:1|A3:6:8:3$P4:5:5:2:0|P5:8:3:1:1|P6:2:7:3:0|P7:10:6:1:1,"1,0,1,3",0.0
A0:12:1:1|A1:5:8:1|A2:6:2:1|A3:6:8:3$P4:5:5:2:0|P5:8:3:1:1|P6:2:7:3:0|P7:10:6:1:1,"1,0,1,0",0.0
A0:12:1:1|A1:5:8:1|A2:6:2:1|A3:6:8:3$P4:5:5:2:0|P5:8:3:1:1|P6:2:7:3:0|P7:10:6:1:1,"1,1,0,2",0.0
A0:12:1:1|A1:5:8:1|A2:6:2:1|A3:6:8:3$P4:5:5:2:0|P5:8:3:1:1|P6:2:7:3:0|P7:10:6:1:1,"1,1,3,1",0.0
A0:12:1:1|A1:5:8:1|A2:6:2:1|A3:6:8:3$P4:5:5:2:0|P5:8:3:1:1|P6:2:7:3:0|P7:10:6:1:1,"2,0,2,2",0.0
A0:12:1:1|A1:5:8:1|A2:6:1:1|A3:6:8:3$P4:5:5:2:0|P5:8:3:1:1|P6:2:7:3:0|P7:10:6:1:1,"1,1,2,2",0.0
A0:12:0:1|A1:5:7:1|A2:6:1:1|A3:7:8:3$P4:5:5:2:0|P5:8:3:1:1|P6:2:7:3:0|P7:10:6:1:1,"0,1,3,2",0.0
A0:12:0:1|A1:5:7:1|A2:6:1:1|A3:7:8:3$P4:5:5:2:0|P5:8:3:1:1|P6:2:7:3:0|P7:10:6:1:1,"3,2,2,0",0.0
A0:12:0:1|A1:5:7:1|A2:6:1:1|A3:7:8:3$P4:5:5:2:0|P5:8:3:1:1|P6:2:7:3:0|P7:10:6:1:1,"3,0,1,1",0.0
A0:12:0:1|A1:5:7:1|A2:6:1:1|A3:7:8:3$P4:5:5:2:0|P5:8:3:1:1|P6:2:7:3:0|P7:10:6:1:1,"0,3,0,1",0.0
A0:12:0:1|A1:5:7:1|A2:6:1:1|A3:7:8:3$P4:5:5:2:0|P5:8:3:1:1|P6:2:7:3:0|P7:10:6:1:1,"3,1,3,3",0.0
A0:12:0:1|A1:5:7:1|A2:6:1:1|A3:7:8:3$P4:5:5:2:0|P5:8:3:1:1|P6:2:7:3:0|P7:10:6:1:1,"3,2,0,1",0.0
A0:12:0:1|A1:5:7:1|A2:6:1:1|A3:7:8:3$P4:5:5:2:0|P5:8:3:1:1|P6:2:7:3:0|P7:10:6:1:1,"0,0,1,0",0.0
A0:12:0:1|A1:5:7:1|A2:6:1:1|A3:7:8:3$P4:5:5:2:0|P5:8:3:1:1|P6:2:7:3:0|P7:10:6:1:1,"1,2,3,1",0.0
A0:12:0:1|A1:5:7:1|A2:6:1:1|A3:7:8:3$P4:5:5:2:0|P5:8:3:1:1|P6:2:7:3:0|P7:10:6:1:1,"1,1,1,2",0.0
A0:12:0:1|A1:5:7:1|A2:6:1:1|A3:7:8:3$P4:5:5:2:0|P5:8:3:1:1|P6:2:7:3:0|P7:10:6:1:1,"1,0,3,0",0.0
A0:12:0:1|A1:5:7:1|A2:6:2:1|A3:7:8:3$P4:5:5:2:0|P5:8:3:1:1|P6:2:7:3:0|P7:10:6:1:1,"0,0,1,3",0.0
A0:12:1:1|A1:4:7:1|A2:6:2:1|A3:7:7:3$P4:5:5:2:0|P5:8:3:1:1|P6:2:7:3:0|P7:10:6:1:1,"1,1,0,0",0.0
A0:12:1:1|A1:4:7:1|A2:6:2:1|A3:7:7:3$P4:5:5:2:0|P5:8:3:1:1|P6:2:7:3:0|P7:10:6:1:1,"3,2,0,1",0.0
A0:12:1:1|A1:4:7:1|A2:6:2:1|A3:7:7:3$P4:5:5:2:0|P5:8:3:1:1|P6:2:7:3:0|P7:10:6:1:1,"2,0,1,1",0.0
A0:12:1:1|A1:4:7:1|A2:6:2:1|A3:7:7:3$P4:5:5:2:0|P5:8:3:1:1|P6:2:7:3:0|P7:10:6:1:1,"2,1,0,2",0.0
A0:12:1:1|A1:4:7:1|A2:6:2:1|A3:7:7:3$P4:5:5:2:0|P5:8:3:1:1|P6:2:7:3:0|P7:10:6:1:1,"2,3,1,1",0.0
A0:12:1:1|A1:4:7:1|A2:6:2:1|A3:7:7:3$P4:5:5:2:0|P5:8:3:1:1|P6:2:7:3:0|P7:10:6:1:1,"3,3,2,3",0.0
A0:12:1:1|A1:4:7:1|A2:6:2:1|A3:7:7:3$P4:5:5:2:0|P5:8:3:1:1|P6:2:7:3:0|P7:10:6:1:1,"2,0,2,2",0.0
A0:12:1:1|A1:4:7:1|A2:6:2:1|A3:7:7:3$P4:5:5:2:0|P5:8:3:1:1|P6:2:7:3:0|P7:10:6:1:1,"2,1,1,1",0.0
A0:12:1:1|A1:4:7:1|A2:6:2:1|A3:7:7:3$P4:5:5:2:0|P5:8:3:1:1|P6:2:7:3:0|P7:10:6:1:1,"1,1,3,3",0.0
A0:12:1:1|A1:4:7:1|A2:6:1:1|A3:7:7:3$P4:5:5:2:0|P5:8:3:1:1|P6:2:7:3:0|P7:10:6:1:1,"2,1,3,2",0.0
A0:11:1:1|A1:5:7:1|A2:6:1:1|A3:7:6:3$P4:5:5:2:0|P5:8:3:1:1|P6:2:7:3:0|P7:10:6:1:1,"3,3,1,0",0.0
A0:11:1:1|A1:5:7:1|A2:6:1:1|A3:7:6:3$P4:5:5:2:0|P5:8:3:1:1|P6:2:7:3:0|P7:10:6:1:1,"2,2,1,1",0.0
A0:11:1:1|A1:5:7:1|A2:6:1:1|A3:7:6:3$P4:5:5:2:0|P5:8:3:1:1|P6:2:7:3:0|P7:10:6:1:1,"1,1,3,1",0.0
A0:11:1:1|A1:5:7:1|A2:6:1:1|A3:7:6:3$P4:5:5:2:0|P5:8:3:1:1|P6:2:7:3:0|P7:10:6:1:1,"3,1,1,3",0.0
A0:11:1:1|A1:5:7:1|A2:6:1:1|A3:7:6:3$P4:5:5:2:0|P5:8:3:1:1|P6:2:7:3:0|P7:10:6:1:1,"1,1,0,2",0.0
A0:11:1:1|A1:5:7:1|A2:6:1:1|A3:7:6:3$P4:5:5:2:0|P5:8:3:1:1|P6:2:7:3:0|P7:10:6:1:1,"0,1,0,1",0.0
A0:11:1:1|A1:5:7:1|A2:6:1:1|A3:7:6:3$P4:5:5:2:0|P5:8:3:1:1|P6:2:7:3:0|P7:10:6:1:1,"2,0,2,3",0.0
A0:11:1:1|A1:5:7:1|A2:6:1:1|A3:7:6:3$P4:5:5:2:0|P5:8:3:1:1|P6:2:7:3:0|P7:10:6:1:1,"0,3,3,3",0.0
A0:11:1:1|A1:5:7:1|A2:6:1:1|A3:7:6:3$P4:5:5:2:0|P5:8:3:1:1|P6:2:7:3:0|P7:10:6:1:1,"2,0,1,2",0.0
A0:11:1:1|A1:5:7:1|A2:6:2:1|A3:7:6:3$P4:5:5:2:0|P5:8:3:1:1|P6:2:7:3:0|P7:10:6:1:1,"1,1,2,0",0.0
A0:11:0:1|A1:5:6:1|A2:6:2:1|A3:6:6:3$P4:5:5:2:0|P5:8:3:1:1|P6:2:7:3:0|P7:10:6:1:1,"2,2,3,0",0.0
A0:11:0:1|A1:5:6:1|A2:6:2:1|A3:6:6:3$P4:5:5:2:0|P5:8:3:1:1|P6:2:7:3:0|P7:10:6:1:1,"0,3,3,1",0.0
A0:11:0:1|A1:5:6:1|A2:6:2:1|A3:6:6:3$P4:5:5:2:0|P5:8:3:1:1|P6:2:7:3:0|P7:10:6:1:1,"0,1,3,2",0.0
A0:11:0:1|A1:5:6:1|A2:6:2:1|A3:6:6:3$P4:5:5:2:0|P5:8:3:1:1|P6:2:7:3:0|P7:10:6:1:1,"1,0,2,0",0.0
A0:11:0:1|A1:5:6:1|A2:6:2:1|A3:6:6:3$P4:5:5:2:0|P5:8:3:1:1|P6:2:7:3:0|P7:10:6:1:1,"3,1,2,0",0.0
A0:11:0:1|A1:5:6:1|A2:6:2:1|A3:6:6:3$P4:5:5:2:0|P5:8:3:1:1|P6:2:7:3:0|P7:10:6:1:1,"1,3,1,0",0.0
A0:11:0:1|A1:5:6:1|A2:6:2:1|A3:6:6:3$P4:5:5:2:0|P5:8:3:1:1|P6:2:7:3:0|P7:10:6:1:1,"1,3,3,2",0.0
A0:11:0:1|A1:5:6:1|A2:6:2:1|A3:6:6:3$P4:5:5:2:0|P5:8:3:1:1|P6:2:7:3:0|P7:10:6:1:1,"2,2,0,2",0.0
A0:11:0:1|A1:5:6:1|A2:6:2:1|A3:6:6:3$P4:5:5:2:0|P5:8:3:1:1|P6:2:7:3:0|P7:10:6:1:1,"1,0,3,1",0.0
A0:11:0:1|A1:5:6:1|A2:6:2:1|A3:6:6:3$P4:5:5:2:0|P5:8:3:1:1|P6:2:7:3:0|P7:10:6:1:1,"0,2,2,3",0.0
A0:11:0:1|A1:5:6:1|A2:6:1:1|A3:6:6:3$P4:5:5:2:0|P5:8:3:1:1|P6:2:7:3:0|P7:10:6:1:1,"1,2,3,0",0.0
A0:11:1:1|A1:4:6:1|A2:6:1:1|A3:6:7:3$P4:5:5:2:0|P5:8:3:1:1|P6:2:7:3:0|P7:10:6:1:1,"3,2,2,1",0.0
A0:11:1:1|A1:4:6:1|A2:6:1:1|A3:6:7:3$P4:5:5:2:0|P5:8:3:1:1|P6:2:7:3:0|P7:10:6:1:1,"3,0,1,3",0.0
A0:11:1:1|A1:4:6:1|A2:6:1:1|A3:6:7:3$P4:5:5:2:0|P5:8:3:1:1|P6:2:7:3:0|P7:10:6:1:1,"1,2,1,1",0.0
A0:11:1:1|A1:4:6:1|A2:6:1:1|A3:6:7:3$P4:5:5:2:0|P5:8:3:1:1|P6:2:7:3:0|P7:10:6:1:1,"3,1,2,0",0.0
A0:11:1:1|A1:4:6:1|A2:6:1:1|A3:6:7:3$P4:5:5:2:0|P5:8:3:1:1|P6:2:7:3:0|P7:10:6:1:1,"3,3,0,3",0.0
A0:11:1:1|A1:4:6:1|A2:6:1:1|A3:6:7:3$P4:5:5:2:0|P5:8:3:1:1|P6:2:7:3:0|P7:10:6:1:1,"2,3,2,0",0.0
A0:11:1:1|A1:4:6:1|A2:6:1:1|A3:6:7:3$P4:5:5:2:0|P5:8:3:1:1|P6:2:7:3:0|P7:10:6:1:1,"2,1,1,0",0.0
A0:11:1:1|A1:4:6:1|A2:6:1:1|A3:6:7:3$P4:5:5:2:0|P5:8:3:1:1|P6:2:7:3:0|P7:10:6:1:1,"1,0,3,2",0.0
A0:11:1:1|A1:4:6:1|A2:6:1:1|A3:6:7:3$P4:5:5:2:0|P5:8:3:1:1|P6:2:7:3:0|P7:10:6:1:1,"0,0,2,3",0.0
A0:11:1:1|A1:4:6:1|A2:6:1:1|A3:6:7:3$P4:5:5:2:0|P5:8:3:1:1|P6:2:7:3:0|P7:10:6:1:1,"1,0,1,0",0.0
A0:11:1:1|A1:4:6:1|A2:6:1:1|A3:6:7:3$P4:5:5:2:0|P5:8:3:1:1|P6:2:7:3:0|P7:10:6:1:1,"3,0,1,1",0.0
A0:10:1:1|A1:5:6:1|A2:5:1:1|A3:6:8:3$P4:5:5:2:0|P5:8:3:1:1|P6:2:7:3:0|P7:10:6:1:1,"1,2,2,2",0.0
A0:10:1:1|A1:5:6:1|A2:5:1:1|A3:6:8:3$P4:5:5:2:0|P5:8:3:1:1|P6:2:7:3:0|P7:10:6:1:1,"0,0,1,0",0.0
A0:10:1:1|A1:5:6:1|A2:5:1:1|A3:6:8:3$P4:5:5:2:0|P5:8:3:1:1|P6:2:7:3:0|P7:10:6:1:1,"0,2,3,2",0.0
A0:10:1:1|A1:5:6:1|A2:5:1:1|A3:6:8:3$P4:5:5:2:0|P5:8:3:1:1|P6:2:7:3:0|P7:10:6:1:1,"3,2,1,2",0.0
A0:10:1:1|A1:5:6:1|A2:5:1:1|A3:6:8:3$P4:5:5:2:0|P5:8:3:1:1|P6:2:7:3:0|P7:10:6:1:1,"3,1,3,1",0.0
A0:10:1:1|A1:5:6:1|A2:5:1:1|A3:6:8:3$P4:5:5:2:0|P5:8:3:1:1|P6:2:7:3:0|P7:10:6:1:1,"1,1,3,2",0.0
A0:10:1:1|A1:5:6:1|A2:5:1:1|A3:6:8:3$P4:5:5:2:0|P5:8:3:1:1|P6:2:7:3:0|P7:10:6:1:1,"3,3,3,2",0.0
A0:10:1:1|A1:5:6:1|A2:5:1:1|A3:6:8:3$P4:5:5:2:0|P5:8:3:1:1|P6:2:7:3:0|P7:10:6:1:1,"1,1,1,0",0.0
A0:10:1:1|A1:5:6:1|A2:5:1:1|A3:6:8:3$P4:5:5:2:0|P5:8:3:1:1|P6:2:7:3:0|P7:10:6:1:1,"0,2,2,1",0.0
A0:10:1:1|A1:5:6:1|A2:5:1:1|A3:6:8:3$P4:5:5:2:0|P5:8:3:1:1|P6:2:7:3:0|P7:10:6:1:1,"0,0,2,3",0.0
A0:10:1:1|A1:5:6:1|A2:5:1:1|A3:6:8:3$P4:5:5:2:0|P5:8:3:1:1|P6:2:7:3:0|P7:10:6:1:1,"2,1,3,3",0.0
A0:10:0:1|A1:4:6:1|A2:6:1:1|A3:5:8:3$P4:5:5:2:0|P5:8:3:1:1|P6:2:7:3:0|P7:10:6:1:1,"3,3,0,1",0.0
A0:10:0:1|A1:4:6:1|A2:6:1:1|A3:5:8:3$P4:5:5:2:0|P5:8:3:1:1|P6:2:7:3:0|P7:10:6:1:1,"1,1,0,1",0.0
A0:10:0:1|A1:4:6:1|A2:6:1:1|A3:5:8:3$P4:5:5:2:0|P5:8:3:1:1|P6:2:7:3:0|P7:10:6:1:1,"2,3,3,2",0.0
A0:10:0:1|A1:4:6:1|A2:6:1:1|A3:5:8:3$P4:5:5:2:0|P5:8:3:1:1|P6:2:7:3:0|P7:10:6:1:1,"2,0,1,2",0.0
A0:10:0:1|A1:4:6:1|A2:6:1:1|A3:5:8:3$P4:5:5:2:0|P5:8:3:1:1|P6:2:7:3:0|P7:10:6:1:1,"2,1,2,0",0.0
A0:10:0:1|A1:4:6:1|A2:6:1:1|A3:5:8:3$P4:5:5:2:0|P5:8:3:1:1|P6:2:7:3:0|P7:10:6:1:1,"3,2,2,2",0.0
A0:10:0:1|A1:4:6:1|A2:6:1:1|A3:5:8:3$P4:5:5:2:0|P5:8:3:1:1|P6:2:7:3:0|P7:10:6:1:1,"2,3,1,2",0.0
A0:10:0:1|A1:4:6:1|A2:6:1:1|A3:5:8:3$P4:5:5:2:0|P5:8:3:1:1|P6:2:7:3:0|P7:10:6:1:1,"0,2,2,1",0.0
A0:10:0:1|A1:4:6:1|A2:6:1:1|A3:5:8:3$P4:5:5:2:0|P5:8:3:1:1|P6:2:7:3:0|P7:10:6:1:1,"1,1,3,0",0.0
A0:10:0:1|A1:4:6:1|A2:6:1:1|A3:5:8:3$P4:5:5:2:0|P5:8:3:1:1|P6:2:7:3:0|P7:10:6:1:1,"3,1,1,3",0.0
A0:10:0:1|A1:3:6:1|A2:6:1:1|A3:5:8:3$P4:5:5:2:0|P5:8:3:1:1|P6:2:7:3:0|P7:10:6:1:1,"1,2,3,2",0.0
A0:11:0:1|A1:3:6:1|A2:5:1:1|A3:4:8:3$P4:5:5:2:0|P5:8:3:1:1|P6:2:7:3:0|P7:10:6:1:1,"1,1,3,0",0.0
A0:11:0:1|A1:3:6:1|A2:5:1:1|A3:4:8:3$P4:5:5:2:0|P5:8:3:1:1|P6:2:7:3:0|P7:10:6:1:1,"1,0,3,0",0.0
A0:11:0:1|A1:3:6:1|A2:5:1:1|A3:4:8:3$P4:5:5:2:0|P5:8:3:1:1|P6:2:7:3:0|P7:10:6:1:1,"3,1,1,0",0.0
A0:11:0:1|A1:3:6:1|A2:5:1:1|A3:4:8:3$P4:5:5:2:0|P5:8:3:1:1|P6:2:7:3:0|P7:10:6:1:1,"2,3,1,3",0.0
A0:11:0:1|A1:3:6:1|A2:5:1:1|A3:4:8:3$P4:5:5:2:0|P5:8:3:1:1|P6:2:7:3:0|P7:10:6:1:1,"0,0,3,2",0.0
A0:11:0:1|A1:3:6:1|A2:5:1:1|A3:4:8:3$P4:5:5:2:0|P5:8:3:1:1|P6:2:7:3:0|P7:10:6:1:1,"3,1,3,0",0.0
A0:11:0:1|A1:3:6:1|A2:5:1:1|A3:4:8:3$P4:5:5:2:0|P5:8:3:1:1|P6:2:7:3:0|P7:10:6:1:1,"3,2,1,1",0.0
A0:11:0:1|A1:3:6:1|A2:5:1:1|A3:4:8:3$P4:5:5:2:0|P5:8:3:1:1|P6:2:7:3:0|P7:10:6:1:1,"0,3,2,1",0.0
A0:11:0:1|A1:3:6:1|A2:5:1:1|A3:4:8:3$P4:5:5:2:0|P5:8:3:1:1|P6:2:7:3:0|P7:10:6:1:1,"1,2,2,3",0.0
A0:11:0:1|A1:3:6:1|A2:5:1:1|A3:4:8:3$P4:5:5:2:0|P5:8:3:1:1|P6:2:7:3:0|P7:10:6:1:1,"2,1,3,0",0.0
A0:11:0:1|A1:3:6:1|A2:5:1:1|A3:3:8:3$P4:5:5:2:0|P5:8:3:1:1|P6:2:7:3:0|P7:10:6:1:1,"0,0,3,0",0.0
A0:12:0:1|A1:3:5:1|A2:6:1:1|A3:3:8:3$P4:5:5:2:0|P5:8:3:1:1|P6:2:7:3:0|P7:10:6:1:1,"2,3,3,1",0.0
A0:12:0:1|A1:3:5:1|A2:6:1:1|A3:3:8:3$P4:5:5:2:0|P5:8:3:1:1|P6:2:7:3:0|P7:10:6:1:1,"2,3,2,2",0.0
A0:12:0:1|A1:3:5:1|A2:6:1:1|A3:3:8:3$P4:5:5:2:0|P5:8:3:1:1|P6:2:7:3:0|P7:10:6:1:1,"1,0,3,2",0.0
A0:12:0:1|A1:3:5:1|A2:6:1:1|A3:3:8:3$P4:5:5:2:0|P5:8:3:1:1|P6:2:7:3:0|P7:10:6:1:1,"3,0,2,3",0.0
A0:12:0:1|A1:3:5:1|A2:6:1:1|A3:3:8:3$P4:5:5:2:0|P5:8:3:1:1|P6:2:7:3:0|P7:10:6:1:1,"0,1,3,0",0.0
A0:12:0:1|A1:3:5:1|A2:6:1:1|A3:3:8:3$P4:5:5:2:0|P5:8:3:1:1|P6:2:7:3:0|P7:10:6:1:1,"0,2,1,3",0.0
A0:12:0:1|A1:3:5:1|A2:6:1:1|A3:3:8:3$P4:5:5:2:0|P5:8:3:1:1|P6:2:7:3:0|P7:10:6:1:1,"2,0,1,1",0.0
A0:12:0:1|A1:3:5:1|A2:6:1:1|A3:3:8:3$P4:5:5:2:0|P5:8:3:1:1|P6:2:7:3:0|P7:10:6:1:1,"1,3,3,0",0.0
A0:12:0:1|A1:3:5:1|A2:6:1:1|A3:3:8:3$P4:5:5:2:0|P5:8:3:1:1|P6:2:7:3:0|P7:10:6:1:1,"2,3,0,3",0.0
A0:12:0:1|A1:3:5:1|A2:6:1:1|A3:3:8:3$P4:5:5:2:0|P5:8:3:1:1|P6:2:7:3:0|P7:10:6:1:1,"3,2,1,0",0.0
A0:12:0:1|A1:2:5:1|A2:6:1:1|A3:4:8:3$P4:5:5:2:0|P5:8:3:1:1|P6:2:7:3:0|P7:10:6:1:1,"0,1,2,3",0.0
A0:12:1:1|A1:2:5:1|A2:6:0:1|A3:4:8:3$P4:5:5:2:0|P5:8:3:1:1|P6:2:7:3:0|P7:10:6:1:1,"2,3,3,0",0.0
A0:12:1:1|A1:2:5:1|A2:6:0:1|A3:4:8:3$P4:5:5:2:0|P5:8:3:1:1|P6:2:7:3:0|P7:10:6:1:1,"1,3,0,0",0.0
A0:12:1:1|A1:2:5:1|A2:6:0:1|A3:4:8:3$P4:5:5:2:0|P5:8:3:1:1|P6:2:7:3:0|P7:10:6:1:1,"3,1,3,2",0.0
A0:12:1:1|A1:2:5:1|A2:6:0:1|A3:4:8:3$P4:5:5:2:0|P5:8:3:1:1|P6:2:7:3:0|P7:10:6:1:1,"3,0,1,0",0.0
A0:12:1:1|A1:2:5:1|A2:6:0:1|A3:4:8:3$P4:5:5:2:0|P5:8:3:1:1|P6:2:7:3:0|P7:10:6:1:1,"1,3,3,1",0.0
A0:12:1:1|A1:2:5:1|A2:6:0:1|A3:4:8:3$P4:5:5:2:0|P5:8:3:1:1|P6:2:7:3:0|P7:10:6:1:1,"3,3,2,2",0.0
A0:12:1:1|A1:2:5:1|A2:6:0:1|A3:4:8:3$P4:5:5:2:0|P5:8:3:1:1|P6:2:7:3:0|P7:10:6:1:1,"1,2,2,0",0.0
A0:12:1:1|A1:2:5:1|A2:6:0:1|A3:4:8:3$P4:5:5:2:0|P5:8:3:1:1|P6:2:7:3:0|P7:10:6:1:1,"3,0,3,0",0.0
A0:12:1:1|A1:2:5:1|A2:6:0:1|A3:4:8:3$P4:5:5:2:0|P5:8:3:1:1|P6:2:7:3:0|P7:10:6:1:1,"1,0,1,1",0.0
A0:12:1:1|A1:2:5:1|A2:6:0:1|A3:4:8:3$P4:5:5:2:0|P5:8:3:1:1|P6:2:7:3:0|P7:10:6:1:1,"3,0,2,3",0.0
A0:12:2:1|A1:3:5:1|A2:6:0:1|A3:3:8:3$P4:5:5:2:0|P5:8:3:1:1|P6:2:7:3:0|P7:10:6:1:1,"2,2,1,1",0.0
A0:12:2:1|A1:3:5:1|A2:5:0:1|A3:3:8:3$P4:5:5:2:0|P5:8:3:1:1|P6:2:7:3:0|P7:10:6:1:1,"3,2,2,2",0.0
A0:12:2:1|A1:3:5:1|A2:5:0:1|A3:3:8:3$P4:5:5:2:0|P5:8:3:1:1|P6:2:7:3:0|P7:10:6:1:1,"3,3,2,2",0.0
A0:12:2:1|A1:3:5:1|A2:5:0:1|A3:3:8:3$P4:5:5:2:0|P5:8:3:1:1|P6:2:7:3:0|P7:10:6:1:1,"3,0,3,2",0.0
A0:12:2:1|A1:3:5:1|A2:5:0:1|A3:3:8:3$P4:5:5:2:0|P5:8:3:1:1|P6:2:7:3:0|P7:10:6:1:1,"2,1,2,1",0.0
A0:12:2:1|A1:3:5:1|A2:5:0:1|A3:3:8:3$P4:5:5:2:0|P5:8:3:1:1|P6:2:7:3:0|P7:10:6:1:1,"0,3,2,3",0.0
A0:12:2:1|A1:3:5:1|A2:5:0:1|A3:3:8:3$P4:5:5:2:0|P5:8:3:1:1|P6:2:7:3:0|P7:10:6:1:1,"3,3,3,0",0.0
A0:12:2:1|A1:3:5:1|A2:5:0:1|A3:3:8:3$P4:5:5:2:0|P5:8:3:1:1|P6:2:7:3:0|P7:10:6:1:1,"0,0,3,3",0.0
A0:12:2:1|A1:3:5:1|A2:5:0:1|A3:3:8:3$P4:5:5:2:0|P5:8:3:1:1|P6:2:7:3:0|P7:10:6:1:1,"3,0,0,3",0.0
A0:12:2:1|A1:3:5:1|A2:5:0:1|A3:3:8:3$P4:5:5:2:0|P5:8:3:1:1|P6:2:7:3:0|P7:10:6:1:1,"1,2,0,3",0.0
A0:12:2:1|A1:3:5:1|A2:5:0:1|A3:3:8:3$P4:5:5:2:0|P5:8:3:1:1|P6:2:7:3:0|P7:10:6:1:1,"3,0,2,3",0.0
A0:12:2:1|A1:4:5:1|A2:5:0:1|A3:3:8:3$P4:5:5:2:0|P5:8:3:1:1|P6:2:7:3:0|P7:10:6:1:1,"0,1,0,0",0.0
A0:11:2:1|A1:4:5:1|A2:6:0:1|A3:3:7:3$P4:5:5:2:0|P5:8:3:1:1|P6:2:7:3:0|P7:10:6:1:1,"0,1,1,0",0.0
A0:11:2:1|A1:4:5:1|A2:6:0:1|A3:3:7:3$P4:5:5:2:0|P5:8:3:1:1|P6:2:7:3:0|P7:10:6:1:1,"3,2,1,1",0.0
A0:11:2:1|A1:4:5:1|A2:6:0:1|A3:3:7:3$P4:5:5:2:0|P5:8:3:1:1|P6:2:7:3:0|P7:10:6:1:1,"0,3,1,3",0.0
A0:11:2:1|A1:4:5:1|A2:6:0:1|A3:3:7:3$P4:5:5:2:0|P5:8:3:1:1|P6:2:7:3:0|P7:10:6:1:1,"1,0,3,3",0.0
A0:11:2:1|A1:4:5:1|A2:6:0:1|A3:3:7:3$P4:5:5:2:0|P5:8:3:1:1|P6:2:7:3:0|P7:10:6:1:1,"1,0,2,2",0.1
A0:11:2:1|A1:4:5:1|A2:6:0:1|A3:3:7:4$P4:5:5:2:0|P5:8:3:1:1|P6:2:7:3:1|P7:10:6:1:1,"0,1,3,2",0.0
A0:11:2:1|A1:4:5:1|A2:6:0:1|A3:3:7:4$P4:5:5:2:0|P5:8:3:1:1|P6:2:7:3:1|P7:10:6:1:1,"2,0,0,1",0.0
A0:11:2:1|A1:4:5:1|A2:6:0:1|A3:3:7:4$P4:5:5:2:0|P5:8:3:1:1|P6:2:7:3:1|P7:10:6:1:1,"0,3,3,2",0.0
A0:11:2:1|A1:4:5:1|A2:6:0:1|A3:3:7:4$P4:5:5:2:0|P5:8:3:1:1|P6:2:7:3:1|P7:10:6:1:1,"2,0,3,2",0.0
A0:11:2:1|A1:4:5:1|A2:6:0:1|A3:3:7:4$P4:5:5:2:0|P5:8:3:1:1|P6:2:7:3:1|P7:10:6:1:1,"3,0,3,1",0.0
A0:11:3:1|A1:4:5:1|A2:6:0:1|A3:2:7:4$P4:5:5:2:0|P5:8:3:1:1|P6:2:7:3:1|P7:10:6:1:1,"1,2,3,3",0.0
A0:11:3:1|A1:4:4:1|A2:7:0:1|A3:2:7:4$P4:5:5:2:0|P5:8:3:1:1|P6:2:7:3:1|P7:10:6:1:1,"3,1,1,3",0.0
A0:11:3:1|A1:4:4:1|A2:7:0:1|A3:2:7:4$P4:5:5:2:0|P5:8:3:1:1|P6:2:7:3:1|P7:10:6:1:1,"1,2,3,1",0.0
A0:11:3:1|A1:4:4:1|A2:7:0:1|A3:2:7:4$P4:5:5:2:0|P5:8:3:1:1|P6:2:7:3:1|P7:10:6:1:1,"1,2,1,3",0.0
A0:11:3:1|A1:4:4:1|A2:7:0:1|A3:2:7:4$P4:5:5:2:0|P5:8:3:1:1|P6:2:7:3:1|P7:10:6:1:1,"1,3,1,0",0.0
A0:11:3:1|A1:4:4:1|A2:7:0:1|A3:2:7:4$P4:5:5:2:0|P5:8:3:1:1|P6:2:7:3:1|P7:10:6:1:1,"0,3,1,2",0.0
A0:11:3:1|A1:4:4:1|A2:7:0:1|A3:2:7:4$P4:5:5:2:0|P5:8:3:1:1|P6:2:7:3:1|P7:10:6:1:1,"2,1,2,2",0.0
A0:11:3:1|A1:4:4:1|A2:7:0:1|A3:2:7:4$P4:5:5:2:0|P5:8:3:1:1|P6:2:7:3:1|P7:10:6:1:1,"0,2,1,0",0.0
A0:11:3:1|A1:4:4:1|A2:7:0:1|A3:2:7:4$P4:5:5:2:0|P5:8:3:1:1|P6:2:7:3:1|P7:10:6:1:1,"2,3,3,2",0.0
A0:11:3:1|A1:4:4:1|A2:7:0:1|A3:2:7:4$P4:5:5:2:0|P5:8:3:1:1|P6:2:7:3:1|P7:10:6:1:1,"2,2,3,3",0.0
A0:11:3:1|A1:4:4:1|A2:7:0:1|A3:2:7:4$P4:5:5:2:0|P5:8:3:1:1|P6:2:7:3:1|P7:10:6:1:1,"0,2,2,1",0.0
A0:11:3:1|A1:4:3:1|A2:7:0:1|A3:1:7:4$P4:5:5:2:0|P5:8:3:1:1|P6:2:7:3:1|P7:10:6:1:1,"2,0,3,1",0.0
A0:10:3:1|A1:4:3:1|A2:6:0:1|A3:1:7:4$P4:5:5:2:0|P5:8:3:1:1|P6:2:7:3:1|P7:10:6:1:1,"2,1,1,3",0.0
A0:10:3:1|A1:4:3:1|A2:6:0:1|A3:1:7:4$P4:5:5:2:0|P5:8:3:1:1|P6:2:7:3:1|P7:10:6:1:1,"3,1,3,2",0.0
A0:10:3:1|A1:4:3:1|A2:6:0:1|A3:1:7:4$P4:5:5:2:0|P5:8:3:1:1|P6:2:7:3:1|P7:10:6:1:1,"0,3,0,0",0.0
A0:10:3:1|A1:4:3:1|A2:6:0:1|A3:1:7:4$P4:5:5:2:0|P5:8:3:1:1|P6:2:7:3:1|P7:10:6:1:1,"2,1,3,0",0.0
A0:10:3:1|A1:4:3:1|A2:6:0:1|A3:1:7:4$P4:5:5:2:0|P5:8:3:1:1|P6:2:7:3:1|P7:10:6:1:1,"2,2,0,1",0.0
A0:10:3:1|A1:4:3:1|A2:6:0:1|A3:1:7:4$P4:5:5:2:0|P5:8:3:1:1|P6:2:7:3:1|P7:10:6:1:1,"3,3,3,2",0.0
A0:10:3:1|A1:4:3:1|A2:6:0:1|A3:1:7:4$P4:5:5:2:0|P5:8:3:1:1|P6:2:7:3:1|P7:10:6:1:1,"1,2,0,0",0.0
A0:10:3:1|A1:4:3:1|A2:6:0:1|A3:1:7:4$P4:5:5:2:0|P5:8:3:1:1|P6:2:7:3:1|P7:10:6:1:1,"3,1,3,3",0.0
A0:10:3:1|A1:4:3:1|A2:6:0:1|A3:1:7:4$P4:5:5:2:0|P5:8:3:1:1|P6:2:7:3:1|P7:10:6:1:1,"2,1,1,2",0.0
A0:10:3:1|A1:4:3:1|A2:6:0:1|A3:1:7:4$P4:5:5:2:0|P5:8:3:1:1|P6:2:7:3:1|P7:10:6:1:1,"1,2,0,2",0.0
A0:10:3:1|A1:4:3:1|A2:6:0:1|A3:1:7:4$P4:5:5:2:0|P5:8:3:1:1|P6:2:7:3:1|P7:10:6:1:1,"1,0,3,0",0.0
A0:11:3:1|A1:5:3:1|A2:7:0:1|A3:0:7:4$P4:5:5:2:0|P5:8:3:1:1|P6:2:7:3:1|P7:10:6:1:1,"1,0,1,2",0.0
A0:11:3:1|A1:5:3:1|A2:7:0:1|A3:0:7:4$P4:5:5:2:0|P5:8:3:1:1|P6:2:7:3:1|P7:10:6:1:1,"1,0,1,1",0.0
A0:11:3:1|A1:5:3:1|A2:7:0:1|A3:0:7:4$P4:5:5:2:0|P5:8:3:1:1|P6:2:7:3:1|P7:10:6:1:1,"0,1,1,3",0.0
A0:11:3:1|A1:5:3:1|A2:7:0:1|A3:0:7:4$P4:5:5:2:0|P5:8:3:1:1|P6:2:7:3:1|P7:10:6:1:1,"3,3,2,0",0.0
A0:11:3:1|A1:5:3:1|A2:7:0:1|A3:0:7:4$P4:5:5:2:0|P5:8:3:1:1|P6:2:7:3:1|P7:10:6:1:1,"0,1,3,3",0.0
A0:11:3:1|A1:5:3:1|A2:7:0:1|A3:0:7:4$P4:5:5:2:0|P5:8:3:1:1|P6:2:7:3:1|P7:10:6:1:1,"3,3,0,3",0.0
A0:11:3:1|A1:5:3:1|A2:7:0:1|A3:0:7:4$P4:5:5:2:0|P5:8:3:1:1|P6:2:7:3:1|P7:10:6:1:1,"3,0,2,3",0.0
A0:11:3:1|A1:5:3:1|A2:7:0:1|A3:0:7:4$P4:5:5:2:0|P5:8:3:1:1|P6:2:7:3:1|P7:10:6:1:1,"3,0,3,0",0.0
A0:11:3:1|A1:5:3:1|A2:7:0:1|A3:0:7:4$P4:5:5:2:0|P5:8:3:1:1|P6:2:7:3:1|P7:10:6:1:1,"3,2,2,2",0.0
A0:11:3:1|A1:5:3:1|A2:7:0:1|A3:0:7:4$P4:5:5:2:0|P5:8:3:1:1|P6:2:7:3:1|P7:10:6:1:1,"0,0,3,0",0.0
A0:11:3:1|A1:5:3:1|A2:7:0:1|A3:0:7:4$P4:5:5:2:0|P5:8:3:1:1|P6:2:7:3:1|P7:10:6:1:1,"2,1,1,0",0.0
A0:12:3:1|A1:6:3:1|A2:7:1:1|A3:1:7:4$P4:5:5:2:0|P5:8:3:1:1|P6:2:7:3:1|P7:10:6:1:1,"0,0,1,1",0.0
A0:12:3:1|A1:6:3:1|A2:7:1:1|A3:1:7:4$P4:5:5:2:0|P5:8:3:1:1|P6:2:7:3:1|P7:10:6:1:1,"2,0,1,2",0.0
A0:12:3:1|A1:6:3:1|A2:7:1:1|A3:1:7:4$P4:5:5:2:0|P5:8:3:1:1|P6:2:7:3:1|P7:10:6:1:1,"1,2,1,2",0.0
A0:12:3:1|A1:6:3:1|A2:7:1:1|A3:1:7:4$P4:5:5:2:0|P5:8:3:1:1|P6:2:7:3:1|P7:10:6:1:1,"3,0,0,2",0.0
A0:12:3:1|A1:6:3:1|A2:7:1:1|A3:1:7:4$P4:5:5:2:0|P5:8:3:1:1|P6:2:7:3:1|P7:10:6:1:1,"1,1,1,1",0.0
A0:12:3:1|A1:6:3:1|A2:7:1:1|A3:1:7:4$P4:5:5:2:0|P5:8:3:1:1|P6:2:7:3:1|P7:10:6:1:1,"2,3,3,1",0.0
A0:12:3:1|A1:6:3:1|A2:7:1:1|A3:1:7:4$P4:5:5:2:0|P5:8:3:1:1|P6:2:7:3:1|P7:10:6:1:1,"0,3,3,3",0.0
A0:12:3:1|A1:6:3:1|A2:7:1:1|A3:1:7:4$P4:5:5:2:0|P5:8:3:1:1|P6:2:7:3:1|P7:10:6:1:1,"1,2,2,2",0.0
A0:12:3:1|A1:6:3:1|A2:7:1:1|A3:1:7:4$P4:5:5:2:0|P5:8:3:1:1|P6:2:7:3:1|P7:10:6:1:1,"0,1,3,2",0.0
A0:12:3:1|A1:6:3:1|A2:7:1:1|A3:1:7:4$P4:5:5:2:0|P5:8:3:1:1|P6:2:7:3:1|P7:10:6:1:1,"0,3,1,3",0.0
A0:12:3:1|A1:6:3:1|A2:7:1:1|A3:1:7:4$P4:5:5:2:0|P5:8:3:1:1|P6:2:7:3:1|P7:10:6:1:1,"3,2,2,3",0.0
A0:11:3:1|A1:7:3:1|A2:8:1:1|A3:1:6:4$P4:5:5:2:0|P5:8:3:1:1|P6:2:7:3:1|P7:10:6:1:1,"3,3,0,1",0.0
A0:11:3:1|A1:7:3:1|A2:8:1:1|A3:1:6:4$P4:5:5:2:0|P5:8:3:1:1|P6:2:7:3:1|P7:10:6:1:1,"2,1,1,0",0.0
A0:11:3:1|A1:7:3:1|A2:8:1:1|A3:1:6:4$P4:5:5:2:0|P5:8:3:1:1|P6:2:7:3:1|P7:10:6:1:1,"3,2,0,1",0.0
A0:11:3:1|A1:7:3:1|A2:8:1:1|A3:1:6:4$P4:5:5:2:0|P5:8:3:1:1|P6:2:7:3:1|P7:10:6:1:1,"0,2,3,1",0.0
A0:11:3:1|A1:7:3:1|A2:8:1:1|A3:1:6:4$P4:5:5:2:0|P5:8:3:1:1|P6:2:7:3:1|P7:10:6:1:1,"3,3,1,2",0.0
A0:11:3:1|A1:7:3:1|A2:8:1:1|A3:1:6:4$P4:5:5:2:0|P5:8:3:1:1|P6:2:7:3:1|P7:10:6:1:1,"1,0,0,1",0.0
A0:11:3:1|A1:7:3:1|A2:8:1:1|A3:1:6:4$P4:5:5:2:0|P5:8:3:1:1|P6:2:7:3:1|P7:10:6:1:1,"0,3,1,3",0.0
A0:11:3:1|A1:7:3:1|A2:8:1:1|A3:1:6:4$P4:5:5:2:0|P5:8:3:1:1|P6:2:7:3:1|P7:10:6:1:1,"1,2,2,1",0.0
A0:11:3:1|A1:7:3:1|A2:8:1:1|A3:1:6:4$P4:5:5:2:0|P5:8:3:1:1|P6:2:7:3:1|P7:10:6:1:1,"1,2,1,0",0.0
A0:11:3:1|A1:7:3:1|A2:8:1:1|A3:1:6:4$P4:5:5:2:0|P5:8:3:1:1|P6:2:7:3:1|P7:10:6:1:1,"3,0,2,0",0.0
A0:11:2:1|A1:7:4:1|A2:8:2:1|A3:1:6:4$P4:5:5:2:0|P5:8:3:1:1|P6:2:7:3:1|P7:10:6:1:1,"1,3,1,1",0.0
A0:11:2:1|A1:7:4:1|A2:8:2:1|A3:1:5:4$P4:5:5:2:0|P5:8:3:1:1|P6:2:7:3:1|P7:10:6:1:1,"2,2,2,3",0.0
A0:11:2:1|A1:7:4:1|A2:8:2:1|A3:1:5:4$P4:5:5:2:0|P5:8:3:1:1|P6:2:7:3:1|P7:10:6:1:1,"0,0,0,1",0.0
A0:11:2:1|A1:7:4:1|A2:8:2:1|A3:1:5:4$P4:5:5:2:0|P5:8:3:1:1|P6:2:7:3:1|P7:10:6:1:1,"0,1,1,0",0.0
A0:11:2:1|A1:7:4:1|A2:8:2:1|A3:1:5:4$P4:5:5:2:0|P5:8:3:1:1|P6:2:7:3:1|P7:10:6:1:1,"3,1,3,1",0.0
A0:11:2:1|A1:7:4:1|A2:8:2:1|A3:1:5:4$P4:5:5:2:0|P5:8:3:1:1|P6:2:7:3:1|P7:10:6:1:1,"2,2,2,0",0.0
A0:11:2:1|A1:7:4:1|A2:8:2:1|A3:1:5:4$P4:5:5:2:0|P5:8:3:1:1|P6:2:7:3:1|P7:10:6:1:1,"2,2,1,1",0.0
A0:11:2:1|A1:7:4:1|A2:8:2:1|A3:1:5:4$P4:5:5:2:0|P5:8:3:1:1|P6:2:7:3:1|P7:10:6:1:1,"1,1,3,0",0.0
A0:11:2:1|A1:7:4:1|A2:8:2:1|A3:1:5:4$P4:5:5:2:0|P5:8:3:1:1|P6:2:7:3:1|P7:10:6:1:1,"1,1,2,2",0.0
A0:11:2:1|A1:7:4:1|A2:8:2:1|A3:1:5:4$P4:5:5:2:0|P5:8:3:1:1|P6:2:7:3:1|P7:10:6:1:1,"0,1,2,3",0.0
A0:11:2:1|A1:7:4:1|A2:8:2:1|A3:1:5:4$P4:5:5:2:0|P5:8:3:1:1|P6:2:7:3:1|P7:10:6:1:1,"0,2,3,0",0.0
A0:11:2:1|A1:7:4:1|A2:8:1:1|A3:1:5:4$P4:5:5:2:0|P5:8:3:1:1|P6:2:7:3:1|P7:10:6:1:1,"0,0,3,3",0.0
A0:10:2:1|A1:6:4:1|A2:8:1:1|A3:1:4:4$P4:5:5:2:0|P5:8:3:1:1|P6:2:7:3:1|P7:10:6:1:1,"2,3,0,3",0.0
A0:10:2:1|A1:6:4:1|A2:8:1:1|A3:1:4:4$P4:5:5:2:0|P5:8:3:1:1|P6:2:7:3:1|P7:10:6:1:1,"1,0,1,0",0.0
A0:10:2:1|A1:6:4:1|A2:8:1:1|A3:1:4:4$P4:5:5:2:0|P5:8:3:1:1|P6:2:7:3:1|P7:10:6:1:1,"2,1,0,0",0.0
A0:10:2:1|A1:6:4:1|A2:8:1:1|A3:1:4:4$P4:5:5:2:0|P5:8:3:1:1|P6:2:7:3:1|P7:10:6:1:1,"2,1,3,3",0.0
A0:10:2:1|A1:6:4:1|A2:8:1:1|A3:1:4:4$P4:5:5:2:0|P5:8:3:1:1|P6:2:7:3:1|P7:10:6:1:1,"3,1,3,1",0.0
A0:10:2:1|A1:6:4:1|A2:8:1:1|A3:1:4:4$P4:5:5:2:0|P5:8:3:1:1|P6:2:7:3:1|P7:10:6:1:1,"0,1,2,1",0.0
A0:10:2:1|A1:6:4:1|A2:8:1:1|A3:1:4:4$P4:5:5:2:0|P5:8:3:1:1|P6:2:7:3:1|P7:10:6:1:1,"2,0,0,2",0.0
A0:10:2:1|A1:6:4:1|A2:8:1:1|A3:1:4:4$P4:5:5:2:0|P5:8:3:1:1|P6:2:7:3:1|P7:10:6:1:1,"3,0,1,2",0.0
A0:10:2:1|A1:6:4:1|A2:8:1:1|A3:1:4:4$P4:5:5:2:0|P5:8:3:1:1|P6:2:7:3:1|P7:10:6:1:1,"0,0,1,2",0.0
A0:10:3:1|A1:6:3:1|A2:8:1:1|A3:1:3:4$P4:5:5:2:0|P5:8:3:1:1|P6:2:7:3:1|P7:10:6:1:1,"0,0,2,2",0.0
A0:10:3:1|A1:6:3:1|A2:7:1:1|A3:1:3:4$P4:5:5:2:0|P5:8:3:1:1|P6:2:7:3:1|P7:10:6:1:1,"0,1,0,2",0.0
A0:10:3:1|A1:6:3:1|A2:7:1:1|A3:1:3:4$P4:5:5:2:0|P5:8:3:1:1|P6:2:7:3:1|P7:10:6:1:1,"0,3,1,3",0.0
A0:10:3:1|A1:6:3:1|A2:7:1:1|A3:1:3:4$P4:5:5:2:0|P5:8:3:1:1|P6:2:7:3:1|P7:10:6:1:1,"1,0,0,2",0.0
A0:10:3:1|A1:6:3:1|A2:7:1:1|A3:1:3:4$P4:5:5:2:0|P5:8:3:1:1|P6:2:7:3:1|P7:10:6:1:1,"3,2,0,2",0.0
A0:10:3:1|A1:6:3:1|A2:7:1:1|A3:1:3:4$P4:5:5:2:0|P5:8:3:1:1|P6:2:7:3:1|P7:10:6:1:1,"0,1,0,0",0.0
A0:10:3:1|A1:6:3:1|A2:7:1:1|A3:1:3:4$P4:5:5:2:0|P5:8:3:1:1|P6:2:7:3:1|P7:10:6:1:1,"1,0,1,2",0.0
A0:10:3:1|A1:6:3:1|A2:7:1:1|A3:1:3:4$P4:5:5:2:0|P5:8:3:1:1|P6:2:7:3:1|P7:10:6:1:1,"1,1,0,3",0.0
A0:10:3:1|A1:6:3:1|A2:7:1:1|A3:1:3:4$P4:5:5:2:0|P5:8:3:1:1|P6:2:7:3:1|P7:10:6:1:1,"2,0,0,0",0.0
A0:10:3:1|A1:6:3:1|A2:7:1:1|A3:1:3:4$P4:5:5:2:0|P5:8:3:1:1|P6:2:7:3:1|P7:10:6:1:1,"3,2,0,0",0.0
A0:10:3:1|A1:6:3:1|A2:7:1:1|A3:1:3:4$P4:5:5:2:0|P5:8:3:1:1|P6:2:7:3:1|P7:10:6:1:1,"1,1,2,0",0.0
A0:10:2:1|A1:6:4:1|A2:7:1:1|A3:1:3:4$P4:5:5:2:0|P5:8:3:1:1|P6:2:7:3:1|P7:10:6:1:1,"0,3,0,2",0.0
A0:10:2:1|A1:6:4:1|A2:7:0:1|A3:0:3:4$P4:5:5:2:0|P5:8:3:1:1|P6:2:7:3:1|P7:10:6:1:1,"2,1,0,2",0.0
A0:10:2:1|A1:6:4:1|A2:7:0:1|A3:0:3:4$P4:5:5:2:0|P5:8:3:1:1|P6:2:7:3:1|P7:10:6:1:1,"3,0,1,1",0.0
A0:10:2:1|A1:6:4:1|A2:7:0:1|A3:0:3:4$P4:5:5:2:0|P5:8:3:1:1|P6:2:7:3:1|P7:10:6:1:1,"0,2,2,1",0.0
A0:10:2:1|A1:6:4:1|A2:7:0:1|A3:0:3:4$P4:5:5:2:0|P5:8:3:1:1|P6:2:7:3:1|P7:10:6:1:1,"2,3,3,3",0.0
A0:10:2:1|A1:6:4:1|A2:7:0:1|A3:0:3:4$P4:5:5:2:0|P5:8:3:1:1|P6:2:7:3:1|P7:10:6:1:1,"2,2,1,1",0.0
A0:10:2:1|A1:6:4:1|A2:7:0:1|A3:0:3:4$P4:5:5:2:0|P5:8:3:1:1|P6:2:7:3:1|P7:10:6:1:1,"0,3,0,3",0.0
A0:10:2:1|A1:6:4:1|A2:7:0:1|A3:0:3:4$P4:5:5:2:0|P5:8:3:1:1|P6:2:7:3:1|P7:10:6:1:1,"1,2,2,0",0.0
A0:10:2:1|A1:6:4:1|A2:7:0:1|A3:0:3:4$P4:5:5:2:0|P5:8:3:1:1|P6:2:7:3:1|P7:10:6:1:1,"3,1,2,1",0.0
A0:10:2:1|A1:6:4:1|A2:7:0:1|A3:0:3:4$P4:5:5:2:0|P5:8:3:1:1|P6:2:7:3:1|P7:10:6:1:1,"0,2,3,0",0.0
A0:10:2:1|A1:6:4:1|A2:7:0:1|A3:0:3:4$P4:5:5:2:0|P5:8:3:1:1|P6:2:7:3:1|P7:10:6:1:1,"3,2,1,2",0.0
A0:10:3:1|A1:6:4:1|A2:7:0:1|A3:0:3:4$P4:5:5:2:0|P5:8:3:1:1|P6:2:7:3:1|P7:10:6:1:1,"0,2,3,3",0.0
A0:10:3:1|A1:7:4:1|A2:7:1:1|A3:1:3:4$P4:5:5:2:0|P5:8:3:1:1|P6:2:7:3:1|P7:10:6:1:1,"3,2,1,1",0.0
A0:10:3:1|A1:7:4:1|A2:7:1:1|A3:1:3:4$P4:5:5:2:0|P5:8:3:1:1|P6:2:7:3:1|P7:10:6:1:1,"3,2,0,1",0.0
A0:10:3:1|A1:7:4:1|A2:7:1:1|A3:1:3:4$P4:5:5:2:0|P5:8:3:1:1|P6:2:7:3:1|P7:10:6:1:1,"3,3,3,1",0.0
A0:10:3:1|A1:7:4:1|A2:7:1:1|A3:1:3:4$P4:5:5:2:0|P5:8:3:1:1|P6:2:7:3:1|P7:10:6:1:1,"0,2,0,2",0.0
A0:10:3:1|A1:7:4:1|A2:7:1:1|A3:1:3:4$P4:5:5:2:0|P5:8:3:1:1|P6:2:7:3:1|P7:10:6:1:1,"2,1,0,3",0.0
A0:10:3:1|A1:7:4:1|A2:7:1:1|A3:1:3:4$P4:5:5:2:0|P5:8:3:1:1|P6:2:7:3:1|P7:10:6:1:1,"3,1,1,2",0.0
A0:10:3:1|A1:7:4:1|A2:7:1:1|A3:1:3:4$P4:5:5:2:0|P5:8:3:1:1|P6:2:7:3:1|P7:10:6:1:1,"2,2,0,2",0.0
A0:10:3:1|A1:7:4:1|A2:7:1:1|A3:1:3:4$P4:5:5:2:0|P5:8:3:1:1|P6:2:7:3:1|P7:10:6:1:1,"0,0,2,3",0.0
A0:10:3:1|A1:7:4:1|A2:7:1:1|A3:1:3:4$P4:5:5:2:0|P5:8:3:1:1|P6:2:7:3:1|P7:10:6:1:1,"1,1,1,3",0.0
A0:10:3:1|A1:7:4:1|A2:7:1:1|A3:1:3:4$P4:5:5:2:0|P5:8:3:1:1|P6:2:7:3:1|P7:10:6:1:1,"0,0,0,3",0.0
A0:10:3:1|A1:7:3:1|A2:7:1:1|A3:1:3:4$P4:5:5:2:0|P5:8:3:1:1|P6:2:7:3:1|P7:10:6:1:1,"3,3,2,2",0.0
A0:11:3:1|A1:7:3:1|A2:7:0:1|A3:0:3:4$P4:5:5:2:0|P5:8:3:1:1|P6:2:7:3:1|P7:10:6:1:1,"1,3,1,3",0.0
A0:11:3:1|A1:7:3:1|A2:7:0:1|A3:0:3:4$P4:5:5:2:0|P5:8:3:1:1|P6:2:7:3:1|P7:10:6:1:1,"3,1,3,2",0.0
A0:11:3:1|A1:7:3:1|A2:7:0:1|A3:0:3:4$P4:5:5:2:0|P5:8:3:1:1|P6:2:7:3:1|P7:10:6:1:1,"3,0,3,3",0.0
A0:11:3:1|A1:7:3:1|A2:7:0:1|A3:0:3:4$P4:5:5:2:0|P5:8:3:1:1|P6:2:7:3:1|P7:10:6:1:1,"2,2,1,3",0.0
A0:11:3:1|A1:7:3:1|A2:7:0:1|A3:0:3:4$P4:5:5:2:0|P5:8:3:1:1|P6:2:7:3:1|P7:10:6:1:1,"2,2,2,3",0.0
A0:11:3:1|A1:7:3:1|A2:7:0:1|A3:0:3:4$P4:5:5:2:0|P5:8:3:1:1|P6:2:7:3:1|P7:10:6:1:1,"3,1,1,3",0.0
A0:11:3:1|A1:7:3:1|A2:7:0:1|A3:0:3:4$P4:5:5:2:0|P5:8:3:1:1|P6:2:7:3:1|P7:10:6:1:1,"1,0,1,1",0.0
A0:11:3:1|A1:7:3:1|A2:7:0:1|A3:0:3:4$P4:5:5:2:0|P5:8:3:1:1|P6:2:7:3:1|P7:10:6:1:1,"2,0,3,0",0.0
A0:11:3:1|A1:7:3:1|A2:7:0:1|A3:0:3:4$P4:5:5:2:0|P5:8:3:1:1|P6:2:7:3:1|P7:10:6:1:1,"0,2,3,0",0.0
A0:11:3:1|A1:7:3:1|A2:7:0:1|A3:0:3:4$P4:5:5:2:0|P5:8:3:1:1|P6:2:7:3:1|P7:10:6:1:1,"0,2,3,1",0.0
A0:11:3:1|A1:7:2:1|A2:7:0:1|A3:0:3:4$P4:5:5:2:0|P5:8:3:1:1|P6:2:7:3:1|P7:10:6:1:1,"3,3,0,3",0.0
A0:12:3:1|A1:7:2:1|A2:8:0:1|A3:1:3:4$P4:5:5:2:0|P5:8:3:1:1|P6:2:7:3:1|P7:10:6:1:1,"1,1,3,2",0.0
A0:12:3:1|A1:7:2:1|A2:8:0:1|A3:1:3:4$P4:5:5:2:0|P5:8:3:1:1|P6:2:7:3:1|P7:10:6:1:1,"1,0,0,3",0.0
A0:12:3:1|A1:7:2:1|A2:8:0:1|A3:1:3:4$P4:5:5:2:0|P5:8:3:1:1|P6:2:7:3:1|P7:10:6:1:1,"2,1,1,2",0.0
A0:12:3:1|A1:7:2:1|A2:8:0:1|A3:1:3:4$P4:5:5:2:0|P5:8:3:1:1|P6:2:7:3:1|P7:10:6:1:1,"2,0,1,2",0.0
A0:12:3:1|A1:7:2:1|A2:8:0:1|A3:1:3:4$P4:5:5:2:0|P5:8:3:1:1|P6:2:7:3:1|P7:10:6:1:1,"3,0,1,3",0.0
A0:12:3:1|A1:7:2:1|A2:8:0:1|A3:1:3:4$P4:5:5:2:0|P5:8:3:1:1|P6:2:7:3:1|P7:10:6:1:1,"3,3,1,3",0.0
A0:12:3:1|A1:7:2:1|A2:8:0:1|A3:1:3:4$P4:5:5:2:0|P5:8:3:1:1|P6:2:7:3:1|P7:10:6:1:1,"3,0,0,1",0.0
A0:12:3:1|A1:7:2:1|A2:8:0:1|A3:1:3:4$P4:5:5:2:0|P5:8:3:1:1|P6:2:7:3:1|P7:10:6:1:1,"1,0,3,3",0.0
A0:12:3:1|A1:7:2:1|A2:8:0:1|A3:1:3:4$P4:5:5:2:0|P5:8:3:1:1|P6:2:7:3:1|P7:10:6:1:1,"3,1,2,2",0.0
A0:12:3:1|A1:7:2:1|A2:8:0:1|A3:1:3:4$P4:5:5:2:0|P5:8:3:1:1|P6:2:7:3:1|P7:10:6:1:1,"3,1,3,1",0.0
A0:12:3:1|A1:7:2:1|A2:8:0:1|A3:2:3:4$P4:5:5:2:0|P5:8:3:1:1|P6:2:7:3:1|P7:10:6:1:1,"1,2,0,2",0.0
A0:11:3:1|A1:8:2:1|A2:7:0:1|A3:2:3:4$P4:5:5:2:0|P5:8:3:1:1|P6:2:7:3:1|P7:10:6:1:1,"1,1,1,0",0.0
A0:11:3:1|A1:8:2:1|A2:7:0:1|A3:2:3:4$P4:5:5:2:0|P5:8:3:1:1|P6:2:7:3:1|P7:10:6:1:1,"3,3,2,2",0.0
A0:11:3:1|A1:8:2:1|A2:7:0:1|A3:2:3:4$P4:5:5:2:0|P5:8:3:1:1|P6:2:7:3:1|P7:10:6:1:1,"2,0,2,1",0.0
A0:11:3:1|A1:8:2:1|A2:7:0:1|A3:2:3:4$P4:5:5:2:0|P5:8:3:1:1|P6:2:7:3:1|P7:10:6:1:1,"1,0,2,0",0.0
A0:11:3:1|A1:8:2:1|A2:7:0:1|A3:2:3:4$P4:5:5:2:0|P5:8:3:1:1|P6:2:7:3:1|P7:10:6:1:1,"2,1,2,3",0.0
A0:11:3:1|A1:8:2:1|A2:7:0:1|A3:2:3:4$P4:5:5:2:0|P5:8:3:1:1|P6:2:7:3:1|P7:10:6:1:1,"2,3,3,2",0.0
A0:11:3:1|A1:8:2:1|A2:7:0:1|A3:2:3:4$P4:5:5:2:0|P5:8:3:1:1|P6:2:7:3:1|P7:10:6:1:1,"1,1,0,2",0.0
A0:11:3:1|A1:8:2:1|A2:7:0:1|A3:2:3:4$P4:5:5:2:0|P5:8:3:1:1|P6:2:7:3:1|P7:10:6:1:1,"2,0,1,2",0.0
A0:11:3:1|A1:8:2:1|A2:7:0:1|A3:2:3:4$P4:5:5:2:0|P5:8:3:1:1|P6:2:7:3:1|P7:10:6:1:1,"2,0,1,3",0.0
A0:11:3:1|A1:8:2:1|A2:7:0:1|A3:1:3:4$P4:5:5:2:0|P5:8:3:1:1|P6:2:7:3:1|P7:10:6:1:1,"2,0,1,2",0.0
A0:10:3:1|A1:9:2:1|A2:8:0:1|A3:1:3:4$P4:5:5:2:0|P5:8:3:1:1|P6:2:7:3:1|P7:10:6:1:1,"2,0,0,3",0.0
A0:10:3:1|A1:9:2:1|A2:8:0:1|A3:1:3:4$P4:5:5:2:0|P5:8:3:1:1|P6:2:7:3:1|P7:10:6:1:1,"1,3,3,1",0.0
A0:10:3:1|A1:9:2:1|A2:8:0:1|A3:1:3:4$P4:5:5:2:0|P5:8:3:1:1|P6:2:7:3:1|P7:10:6:1:1,"0,3,0,0",0.0
A0:10:3:1|A1:9:2:1|A2:8:0:1|A3:1:3:4$P4:5:5:2:0|P5:8:3:1:1|P6:2:7:3:1|P7:10:6:1:1,"2,1,2,1",0.0
A0:10:3:1|A1:9:2:1|A2:8:0:1|A3:1:3:4$P4:5:5:2:0|P5:8:3:1:1|P6:2:7:3:1|P7:10:6:1:1,"3,1,1,0",0.0
A0:10:3:1|A1:9:2:1|A2:8:0:1|A3:1:3:4$P4:5:5:2:0|P5:8:3:1:1|P6:2:7:3:1|P7:10:6:1:1,"3,1,3,0",0.0
A0:10:3:1|A1:9:2:1|A2:8:0:1|A3:1:3:4$P4:5:5:2:0|P5:8:3:1:1|P6:2:7:3:1|P7:10:6:1:1,"3,0,2,1",0.0
A0:10:3:1|A1:9:2:1|A2:8:0:1|A3:1:3:4$P4:5:5:2:0|P5:8:3:1:1|P6:2:7:3:1|P7:10:6:1:1,"1,1,2,3",0.0
A0:10:3:1|A1:9:2:1|A2:8:0:1|A3:1:3:4$P4:5:5:2:0|P5:8:3:1:1|P6:2:7:3:1|P7:10:6:1:1,"2,3,3,3",0.0
A0:10:3:1|A1:9:2:1|A2:8:0:1|A3:1:3:4$P4:5:5:2:0|P5:8:3:1:1|P6:2:7:3:1|P7:10:6:1:1,"3,0,3,2",0.0
A0:10:3:1|A1:9:1:1|A2:8:0:1|A3:1:4:4$P4:5:5:2:0|P5:8:3:1:1|P6:2:7:3:1|P7:10:6:1:1,"0,0,3,2",0.0
A0:11:3:1|A1:9:1:1|A2:9:0:1|A3:1:4:4$P4:5:5:2:0|P5:8:3:1:1|P6:2:7:3:1|P7:10:6:1:1,"1,3,0,1",0.0
A0:11:3:1|A1:9:1:1|A2:9:0:1|A3:1:4:4$P4:5:5:2:0|P5:8:3:1:1|P6:2:7:3:1|P7:10:6:1:1,"2,3,3,0",0.0
A0:11:3:1|A1:9:1:1|A2:9:0:1|A3:1:4:4$P4:5:5:2:0|P5:8:3:1:1|P6:2:7:3:1|P7:10:6:1:1,"0,2,3,1",0.0
A0:11:3:1|A1:9:1:1|A2:9:0:1|A3:1:4:4$P4:5:5:2:0|P5:8:3:1:1|P6:2:7:3:1|P7:10:6:1:1,"3,1,1,1",0.0
A0:11:3:1|A1:9:1:1|A2:9:0:1|A3:1:4:4$P4:5:5:2:0|P5:8:3:1:1|P6:2:7:3:1|P7:10:6:1:1,"2,0,3,0",0.0
A0:11:3:1|A1:9:1:1|A2:9:0:1|A3:1:4:4$P4:5:5:2:0|P5:8:3:1:1|P6:2:7:3:1|P7:10:6:1:1,"1,1,0,0",0.0
A0:11:3:1|A1:9:1:1|A2:9:0:1|A3:1:4:4$P4:5:5:2:0|P5:8:3:1:1|P6:2:7:3:1|P7:10:6:1:1,"0,2,2,2",0.0
A0:11:3:1|A1:9:1:1|A2:9:0:1|A3:1:4:4$P4:5:5:2:0|P5:8:3:1:1|P6:2:7:3:1|P7:10:6:1:1,"0,3,3,0",0.0
A0:11:3:1|A1:9:1:1|A2:9:0:1|A3:1:4:4$P4:5:5:2:0|P5:8:3:1:1|P6:2:7:3:1|P7:10:6:1:1,"0,1,3,3",0.0
A0:11:3:1|A1:9:1:1|A2:9:0:1|A3:1:4:4$P4:5:5:2:0|P5:8:3:1:1|P6:2:7:3:1|P7:10:6:1:1,"0,2,1,3",0.0
A0:11:2:1|A1:9:1:1|A2:9:0:1|A3:1:4:4$P4:5:5:2:0|P5:8:3:1:1|P6:2:7:3:1|P7:10:6:1:1,"1,3,2,2",0.0
A0:11:2:1|A1:10:1:1|A2:8:0:1|A3:1:5:4$P4:5:5:2:0|P5:8:3:1:1|P6:2:7:3:1|P7:10:6:1:1,"1,1,1,3",0.0
A0:11:2:1|A1:10:1:1|A2:8:0:1|A3:1:5:4$P4:5:5:2:0|P5:8:3:1:1|P6:2:7:3:1|P7:10:6:1:1,"2,1,3,0",0.0
A0:11:2:1|A1:10:1:1|A2:8:0:1|A3:1:5:4$P4:5:5:2:0|P5:8:3:1:1|P6:2:7:3:1|P7:10:6:1:1,"3,3,1,3",0.0
A0:11:2:1|A1:10:1:1|A2:8:0:1|A3:1:5:4$P4:5:5:2:0|P5:8:3:1:1|P6:2:7:3:1|P7:10:6:1:1,"3,0,0,1",0.0
A0:11:2:1|A1:10:1:1|A2:8:0:1|A3:1:5:4$P4:5:5:2:0|P5:8:3:1:1|P6:2:7:3:1|P7:10:6:1:1,"2,2,1,1",0.0
A0:11:2:1|A1:10:1:1|A2:8:0:1|A3:1:5:4$P4:5:5:2:0|P5:8:3:1:1|P6:2:7:3:1|P7:10:6:1:1,"3,3,3,3",0.0
A0:11:2:1|A1:10:1:1|A2:8:0:1|A3:1:5:4$P4:5:5:2:0|P5:8:3:1:1|P6:2:7:3:1|P7:10:6:1:1,"2,0,3,3",0.0
A0:11:2:1|A1:10:1:1|A2:8:0:1|A3:1:5:4$P4:5:5:2:0|P5:8:3:1:1|P6:2:7:3:1|P7:10:6:1:1,"3,2,1,3",0.0
A0:11:2:1|A1:10:1:1|A2:8:0:1|A3:1:5:4$P4:5:5:2:0|P5:8:3:1:1|P6:2:7:3:1|P7:10:6:1:1,"1,2,0,1",0.0
A0:11:2:1|A1:10:1:1|A2:8:0:1|A3:1:5:4$P4:5:5:2:0|P5:8:3:1:1|P6:2:7:3:1|P7:10:6:1:1,"3,1,1,3",0.0
A0:11:2:1|A1:10:1:1|A2:8:0:1|A3:2:5:4$P4:5:5:2:0|P5:8:3:1:1|P6:2:7:3:1|P7:10:6:1:1,"3,2,2,3",0.0
A0:12:2:1|A1:11:1:1|A2:9:0:1|A3:2:5:4$P4:5:5:2:0|P5:8:3:1:1|P6:2:7:3:1|P7:10:6:1:1,"2,0,0,0",0.0
A0:12:2:1|A1:11:1:1|A2:9:0:1|A3:2:5:4$P4:5:5:2:0|P5:8:3:1:1|P6:2:7:3:1|P7:10:6:1:1,"0,2,0,2",0.0
A0:12:2:1|A1:11:1:1|A2:9:0:1|A3:2:5:4$P4:5:5:2:0|P5:8:3:1:1|P6:2:7:3:1|P7:10:6:1:1,"2,1,2,0",0.0
A0:12:2:1|A1:11:1:1|A2:9:0:1|A3:2:5:4$P4:5:5:2:0|P5:8:3:1:1|P6:2:7:3:1|P7:10:6:1:1,"0,3,1,0",0.0
A0:12:2:1|A1:11:1:1|A2:9:0:1|A3:2:5:4$P4:5:5:2:0|P5:8:3:1:1|P6:2:7:3:1|P7:10:6:1:1,"2,2,3,3",0.0
A0:12:2:1|A1:11:1:1|A2:9:0:1|A3:2:5:4$P4:5:5:2:0|P5:8:3:1:1|P6:2:7:3:1|P7:10:6:1:1,"0,3,1,3",0.0
A0:12:2:1|A1:11:1:1|A2:9:0:1|A3:2:5:4$P4:5:5:2:0|P5:8:3:1:1|P6:2:7:3:1|P7:10:6:1:1,"2,0,0,1",0.0
A0:12:2:1|A1:11:1:1|A2:9:0:1|A3:2:5:4$P4:5:5:2:0|P5:8:3:1:1|P6:2:7:3:1|P7:10:6:1:1,"0,2,0,1",0.0
A0:12:2:1|A1:11:1:1|A2:9:0:1|A3:2:5:4$P4:5:5:2:0|P5:8:3:1:1|P6:2:7:3:1|P7:10:6:1:1,"2,1,3,3",0.0
A0:12:2:1|A1:11:1:1|A2:9:0:1|A3:2:5:4$P4:5:5:2:0|P5:8:3:1:1|P6:2:7:3:1|P7:10:6:1:1,"1,3,2,3",0.0
A0:12:3:1|A1:11:1:1|A2:9:0:1|A3:3:5:4$P4:5:5:2:0|P5:8:3:1:1|P6:2:7:3:1|P7:10:6:1:1,"3,2,1,2",0.0
A0:12:3:1|A1:12:1:1|A2:10:0:1|A3:3:5:4$P4:5:5:2:0|P5:8:3:1:1|P6:2:7:3:1|P7:10:6:1:1,"0,0,3,3",0.0
A0:12:3:1|A1:12:1:1|A2:10:0:1|A3:3:5:4$P4:5:5:2:0|P5:8:3:1:1|P6:2:7:3:1|P7:10:6:1:1,"2,0,1,2",0.0
A0:12:3:1|A1:12:1:1|A2:10:0:1|A3:3:5:4$P4:5:5:2:0|P5:8:3:1:1|P6:2:7:3:1|P7:10:6:1:1,"3,1,0,0",0.0
A0:12:3:1|A1:12:1:1|A2:10:0:1|A3:3:5:4$P4:5:5:2:0|P5:8:3:1:1|P6:2:7:3:1|P7:10:6:1:1,"2,1,1,3",0.0
A0:9:0:1|A1:7:3:1|A2:9:7:1|A3:1:4:1$P4:5:5:2:0|P5:8:3:1:0|P6:2:7:3:0|P7:10:6:1:0,"3,2,0,2",0.0
A0:9:0:1|A1:7:3:1|A2:9:7:1|A3:1:4:1$P4:5:5:2:0|P5:8:3:1:0|P6:2:7:3:0|P7:10:6:1:0,"1,2,1,1",0.0
A0:9:0:1|A1:7:3:1|A2:9:7:1|A3:1:4:1$P4:5:5:2:0|P5:8:3:1:0|P6:2:7:3:0|P7:10:6:1:0,"2,2,3,0",0.0
A0:9:0:1|A1:7:3:1|A2:9:7:1|A3:1:4:1$P4:5:5:2:0|P5:8:3:1:0|P6:2:7:3:0|P7:10:6:1:0,"1,1,3,1",0.0
A0:9:0:1|A1:7:3:1|A2:9:7:1|A3:1:4:1$P4:5:5:2:0|P5:8:3:1:0|P6:2:7:3:0|P7:10:6:1:0,"2,2,2,0",0.0
A0:9:0:1|A1:7:3:1|A2:9:7:1|A3:1:4:1$P4:5:5:2:0|P5:8:3:1:0|P6:2:7:3:0|P7:10:6:1:0,"2,1,1,3",0.0
A0:10:0:1|A1:6:3:1|A2:9:8:1|A3:0:4:1$P4:5:5:2:0|P5:8:3:1:0|P6:2:7:3:0|P7:10:6:1:0,"3,2,1,2",0.0
A0:10:0:1|A1:6:3:1|A2:9:8:1|A3:0:4:1$P4:5:5:2:0|P5:8:3:1:0|P6:2:7:3:0|P7:10:6:1:0,"0,0,3,3",0.0
A0:10:0:1|A1:6:3:1|A2:9:8:1|A3:0:4:1$P4:5:5:2:0|P5:8:3:1:0|P6:2:7:3:0|P7:10:6:1:0,"1,3,2,3",0.0
A0:10:0:1|A1:6:3:1|A2:9:8:1|A3:0:4:1$P4:5:5:2:0|P5:8:3:1:0|P6:2:7:3:0|P7:10:6:1:0,"3,3,2,3",0.0
A0:10:0:1|A1:6:3:1|A2:9:8:1|A3:0:4:1$P4:5:5:2:0|P5:8:3:1:0|P6:2:7:3:0|P7:10:6:1:0,"3,2,1,0",0.0
A0:10:0:1|A1:6:3:1|A2:9:8:1|A3:0:4:1$P4:5:5:2:0|P5:8:3:1:0|P6:2:7:3:0|P7:10:6:1:0,"2,2,3,1",0.0
A0:10:0:1|A1:6:3:1|A2:9:8:1|A3:0:4:1$P4:5:5:2:0|P5:8:3:1:0|P6:2:7:3:0|P7:10:6:1:0,"2,1,2,3",0.0
A0:10:0:1|A1:6:3:1|A2:9:8:1|A3:0:4:1$P4:5:5:2:0|P5:8:3:1:0|P6:2:7:3:0|P7:10:6:1:0,"3,1,3,0",0.0
A0:10:0:1|A1:6:3:1|A2:9:8:1|A3:0:4:1$P4:5:5:2:0|P5:8:3:1:0|P6:2:7:3:0|P7:10:6:1:0,"0,3,2,1",0.0
A0:10:0:1|A1:6:3:1|A2:9:8:1|A3:0:3:1$P4:5:5:2:0|P5:8:3:1:0|P6:2:7:3:0|P7:10:6:1:0,"3,0,3,0",0.0
A0:11:0:1|A1:5:3:1|A2:9:7:1|A3:0:3:1$P4:5:5:2:0|P5:8:3:1:0|P6:2:7:3:0|P7:10:6:1:0,"3,2,0,0",0.0
A0:11:0:1|A1:5:3:1|A2:9:7:1|A3:0:3:1$P4:5:5:2:0|P5:8:3:1:0|P6:2:7:3:0|P7:10:6:1:0,"3,1,2,3",0.0
A0:11:0:1|A1:5:3:1|A2:9:7:1|A3:0:3:1$P4:5:5:2:0|P5:8:3:1:0|P6:2:7:3:0|P7:10:6:1:0,"1,0,1,3",0.0
A0:11:0:1|A1:5:3:1|A2:9:7:1|A3:0:3:1$P4:5:5:2:0|P5:8:3:1:0|P6:2:7:3:0|P7:10:6:1:0,"3,0,3,0",0.0
A0:11:0:1|A1:5:3:1|A2:9:7:1|A3:0:3:1$P4:5:5:2:0|P5:8:3:1:0|P6:2:7:3:0|P7:10:6:1:0,"2,3,3,0",0.0
A0:11:0:1|A1:5:3:1|A2:9:7:1|A3:0:3:1$P4:5:5:2:0|P5:8:3:1:0|P6:2:7:3:0|P7:10:6:1:0,"2,2,2,1",0.0
A0:11:0:1|A1:5:3:1|A2:9:7:1|A3:0:3:1$P4:5:5:2:0|P5:8:3:1:0|P6:2:7:3:0|P7:10:6:1:0,"2,0,0,3",0.0
A0:11:0:1|A1:5:3:1|A2:9:7:1|A3:0:3:1$P4:5:5:2:0|P5:8:3:1:0|P6:2:7:3:0|P7:10:6:1:0,"3,1,3,0",0.0
A0:11:0:1|A1:5:3:1|A2:9:7:1|A3:0:3:1$P4:5:5:2:0|P5:8:3:1:0|P6:2:7:3:0|P7:10:6:1:0,"2,1,1,3",0.0
A0:11:0:1|A1:5:3:1|A2:9:7:1|A3:0:3:1$P4:5:5:2:0|P5:8:3:1:0|P6:2:7:3:0|P7:10:6:1:0,"3,0,0,3",0.0
A0:11:0:1|A1:5:3:1|A2:9:7:1|A3:0:2:1$P4:5:5:2:0|P5:8:3:1:0|P6:2:7:3:0|P7:10:6:1:0,"0,0,0,0",0.0
A0:10:0:1|A1:4:3:1|A2:8:7:1|A3:0:2:1$P4:5:5:2:0|P5:8:3:1:0|P6:2:7:3:0|P7:10:6:1:0,"3,2,3,1",0.0
A0:10:0:1|A1:4:3:1|A2:8:7:1|A3:0:2:1$P4:5:5:2:0|P5:8:3:1:0|P6:2:7:3:0|P7:10:6:1:0,"2,0,1,2",0.0
A0:10:0:1|A1:4:3:1|A2:8:7:1|A3:0:2:1$P4:5:5:2:0|P5:8:3:1:0|P6:2:7:3:0|P7:10:6:1:0,"0,3,0,3",0.0
A0:10:0:1|A1:4:3:1|A2:8:7:1|A3:0:2:1$P4:5:5:2:0|P5:8:3:1:0|P6:2:7:3:0|P7:10:6:1:0,"1,0,0,1",0.0
A0:10:0:1|A1:4:3:1|A2:8:7:1|A3:0:2:1$P4:5:5:2:0|P5:8:3:1:0|P6:2:7:3:0|P7:10:6:1:0,"0,2,2,2",0.0
A0:10:0:1|A1:4:3:1|A2:8:7:1|A3:0:2:1$P4:5:5:2:0|P5:8:3:1:0|P6:2:7:3:0|P7:10:6:1:0,"3,2,0,0",0.0
A0:10:0:1|A1:4:3:1|A2:8:7:1|A3:0:2:1$P4:5:5:2:0|P5:8:3:1:0|P6:2:7:3:0|P7:10:6:1:0,"1,0,1,2",0.0
A0:10:0:1|A1:4:3:1|A2:8:7:1|A3:0:2:1$P4:5:5:2:0|P5:8:3:1:0|P6:2:7:3:0|P7:10:6:1:0,"3,0,3,2",0.0
A0:10:0:1|A1:4:3:1|A2:8:7:1|A3:0:2:1$P4:5:5:2:0|P5:8:3:1:0|P6:2:7:3:0|P7:10:6:1:0,"2,3,3,2",0.0
A0:10:0:1|A1:4:3:1|A2:8:7:1|A3:0:2:1$P4:5:5:2:0|P5:8:3:1:0|P6:2:7:3:0|P7:10:6:1:0,"3,3,2,1",0.0
A0:10:0:1|A1:3:3:1|A2:8:7:1|A3:0:3:1$P4:5:5:2:0|P5:8:3:1:0|P6:2:7:3:0|P7:10:6:1:0,"0,3,0,2",0.0
A0:11:0:1|A1:3:3:1|A2:8:8:1|A3:0:3:1$P4:5:5:2:0|P5:8:3:1:0|P6:2:7:3:0|P7:10:6:1:0,"0,0,2,2",0.0
A0:11:0:1|A1:3:3:1|A2:8:8:1|A3:0:3:1$P4:5:5:2:0|P5:8:3:1:0|P6:2:7:3:0|P7:10:6:1:0,"3,2,2,1",0.0
A0:11:0:1|A1:3:3:1|A2:8:8:1|A3:0:3:1$P4:5:5:2:0|P5:8:3:1:0|P6:2:7:3:0|P7:10:6:1:0,"0,2,1,0",0.0
A0:11:0:1|A1:3:3:1|A2:8:8:1|A3:0:3:1$P4:5:5:2:0|P5:8:3:1:0|P6:2:7:3:0|P7:10:6:1:0,"0,2,1,3",0.0
A0:11:0:1|A1:3:3:1|A2:8:8:1|A3:0:3:1$P4:5:5:2:0|P5:8:3:1:0|P6:2:7:3:0|P7:10:6:1:0,"1,2,2,1",0.0
A0:11:0:1|A1:3:3:1|A2:8:8:1|A3:0:3:1$P4:5:5:2:0|P5:8:3:1:0|P6:2:7:3:0|P7:10:6:1:0,"2,2,2,1",0.0
A0:11:0:1|A1:3:3:1|A2:8:8:1|A3:0:3:1$P4:5:5:2:0|P5:8:3:1:0|P6:2:7:3:0|P7:10:6:1:0,"2,1,3,1",0.0
A0:11:0:1|A1:3:3:1|A2:8:8:1|A3:0:3:1$P4:5:5:2:0|P5:8:3:1:0|P6:2:7:3:0|P7:10:6:1:0,"2,1,1,1",0.0
A0:11:0:1|A1:3:3:1|A2:8:8:1|A3:0:3:1$P4:5:5:2:0|P5:8:3:1:0|P6:2:7:3:0|P7:10:6:1:0,"1,0,1,1",0.0
A0:11:0:1|A1:3:3:1|A2:8:8:1|A3:0:3:1$P4:5:5:2:0|P5:8:3:1:0|P6:2:7:3:0|P7:10:6:1:0,"3,3,1,3",0.0
A0:11:0:1|A1:2:3:1|A2:8:8:1|A3:0:2:1$P4:5:5:2:0|P5:8:3:1:0|P6:2:7:3:0|P7:10:6:1:0,"3,3,0,2",0.0
A0:10:0:1|A1:2:3:1|A2:7:8:1|A3:0:2:1$P4:5:5:2:0|P5:8:3:1:0|P6:2:7:3:0|P7:10:6:1:0,"0,2,3,2",0.0
A0:10:0:1|A1:2:3:1|A2:7:8:1|A3:0:2:1$P4:5:5:2:0|P5:8:3:1:0|P6:2:7:3:0|P7:10:6:1:0,"2,1,0,1",0.0
A0:10:0:1|A1:2:3:1|A2:7:8:1|A3:0:2:1$P4:5:5:2:0|P5:8:3:1:0|P6:2:7:3:0|P7:10:6:1:0,"0,2,3,3",0.0
A0:10:0:1|A1:2:3:1|A2:7:8:1|A3:0:2:1$P4:5:5:2:0|P5:8:3:1:0|P6:2:7:3:0|P7:10:6:1:0,"3,2,2,2",0.0
A0:10:0:1|A1:2:3:1|A2:7:8:1|A3:0:2:1$P4:5:5:2:0|P5:8:3:1:0|P6:2:7:3:0|P7:10:6:1:0,"2,3,3,0",0.0
A0:10:0:1|A1:2:3:1|A2:7:8:1|A3:0:2:1$P4:5:5:2:0|P5:8:3:1:0|P6:2:7:3:0|P7:10:6:1:0,"1,1,3,2",0.0
A0:10:0:1|A1:2:3:1|A2:7:8:1|A3:0:2:1$P4:5:5:2:0|P5:8:3:1:0|P6:2:7:3:0|P7:10:6:1:0,"3,0,1,0",0.0
A0:10:0:1|A1:2:3:1|A2:7:8:1|A3:0:2:1$P4:5:5:2:0|P5:8:3:1:0|P6:2:7:3:0|P7:10:6:1:0,"3,0,0,1",0.0
A0:10:0:1|A1:2:3:1|A2:7:8:1|A3:0:2:1$P4:5:5:2:0|P5:8:3:1:0|P6:2:7:3:0|P7:10:6:1:0,"1,1,1,2",0.0
A0:10:0:1|A1:2:3:1|A2:7:8:1|A3:0:2:1$P4:5:5:2:0|P5:8:3:1:0|P6:2:7:3:0|P7:10:6:1:0,"3,1,3,2",0.0
A0:10:0:1|A1:2:2:1|A2:7:8:1|A3:0:1:1$P4:5:5:2:0|P5:8:3:1:0|P6:2:7:3:0|P7:10:6:1:0,"1,0,0,0",0.0
A0:9:0:1|A1:2:2:1|A2:8:8:1|A3:0:1:1$P4:5:5:2:0|P5:8:3:1:0|P6:2:7:3:0|P7:10:6:1:0,"0,1,1,0",0.0
A0:9:0:1|A1:2:2:1|A2:8:8:1|A3:0:1:1$P4:5:5:2:0|P5:8:3:1:0|P6:2:7:3:0|P7:10:6:1:0,"2,0,0,0",0.0
A0:9:0:1|A1:2:2:1|A2:8:8:1|A3:0:1:1$P4:5:5:2:0|P5:8:3:1:0|P6:2:7:3:0|P7:10:6:1:0,"0,1,2,2",0.0
A0:9:0:1|A1:2:2:1|A2:8:8:1|A3:0:1:1$P4:5:5:2:0|P5:8:3:1:0|P6:2:7:3:0|P7:10:6:1:0,"3,2,2,0",0.0
A0:9:0:1|A1:2:2:1|A2:8:8:1|A3:0:1:1$P4:5:5:2:0|P5:8:3:1:0|P6:2:7:3:0|P7:10:6:1:0,"3,0,2,2",0.0
A0:9:0:1|A1:2:2:1|A2:8:8:1|A3:0:1:1$P4:5:5:2:0|P5:8:3:1:0|P6:2:7:3:0|P7:10:6:1:0,"0,2,1,0",0.0
A0:9:0:1|A1:2:2:1|A2:8:8:1|A3:0:1:1$P4:5:5:2:0|P5:8:3:1:0|P6:2:7:3:0|P7:10:6:1:0,"3,3,1,3",0.0
A0:9:0:1|A1:2:2:1|A2:8:8:1|A3:0:1:1$P4:5:5:2:0|P5:8:3:1:0|P6:2:7:3:0|P7:10:6:1:0,"1,2,0,3",0.0
A0:9:0:1|A1:2:2:1|A2:8:8:1|A3:0:1:1$P4:5:5:2:0|P5:8:3:1:0|P6:2:7:3:0|P7:10:6:1:0,"2,0,2,0",0.0
A0:9:0:1|A1:2:2:1|A2:8:8:1|A3:0:1:1$P4:5:5:2:0|P5:8:3:1:0|P6:2:7:3:0|P7:10:6:1:0,"3,0,2,0",0.0
A0:9:0:1|A1:1:2:1|A2:8:8:1|A3:0:2:1$P4:5:5:2:0|P5:8:3:1:0|P6:2:7:3:0|P7:10:6:1:0,"1,2,1,2",0.0
A0:9:1:1|A1:1:2:1|A2:8:7:1|A3:0:2:1$P4:5:5:2:0|P5:8:3:1:0|P6:2:7:3:0|P7:10:6:1:0,"2,2,3,0",0.0
A0:9:1:1|A1:1:2:1|A2:8:7:1|A3:0:2:1$P4:5:5:2:0|P5:8:3:1:0|P6:2:7:3:0|P7:10:6:1:0,"1,2,1,1",0.0
A0:9:1:1|A1:1:2:1|A2:8:7:1|A3:0:2:1$P4:5:5:2:0|P5:8:3:1:0|P6:2:7:3:0|P7:10:6:1:0,"0,0,0,1",0.0
A0:9:1:1|A1:1:2:1|A2:8:7:1|A3:0:2:1$P4:5:5:2:0|P5:8:3:1:0|P6:2:7:3:0|P7:10:6:1:0,"0,2,1,0",0.0
A0:9:1:1|A1:1:2:1|A2:8:7:1|A3:0:2:1$P4:5:5:2:0|P5:8:3:1:0|P6:2:7:3:0|P7:10:6:1:0,"3,1,3,3",0.0
A0:9:1:1|A1:1:2:1|A2:8:7:1|A3:0:2:1$P4:5:5:2:0|P5:8:3:1:0|P6:2:7:3:0|P7:10:6:1:0,"1,3,1,0",0.0
A0:9:1:1|A1:1:2:1|A2:8:7:1|A3:0:2:1$P4:5:5:2:0|P5:8:3:1:0|P6:2:7:3:0|P7:10:6:1:0,"1,3,2,2",0.0
A0:9:1:1|A1:1:2:1|A2:8:7:1|A3:0:2:1$P4:5:5:2:0|P5:8:3:1:0|P6:2:7:3:0|P7:10:6:1:0,"2,2,1,0",0.0
A0:9:1:1|A1:1:2:1|A2:8:7:1|A3:0:2:1$P4:5:5:2:0|P5:8:3:1:0|P6:2:7:3:0|P7:10:6:1:0,"0,0,0,0",0.0
A0:9:1:1|A1:1:2:1|A2:8:7:1|A3:0:2:1$P4:5:5:2:0|P5:8:3:1:0|P6:2:7:3:0|P7:10:6:1:0,"1,0,0,0",0.0
A0:9:1:1|A1:2:2:1|A2:8:7:1|A3:0:3:1$P4:5:5:2:0|P5:8:3:1:0|P6:2:7:3:0|P7:10:6:1:0,"0,3,3,2",0.0
A0:9:0:1|A1:2:2:1|A2:8:6:1|A3:0:3:1$P4:5:5:2:0|P5:8:3:1:0|P6:2:7:3:0|P7:10:6:1:0,"3,1,2,1",0.0
A0:9:0:1|A1:2:2:1|A2:8:6:1|A3:0:3:1$P4:5:5:2:0|P5:8:3:1:0|P6:2:7:3:0|P7:10:6:1:0,"3,0,2,2",0.0
A0:9:0:1|A1:2:2:1|A2:8:6:1|A3:0:3:1$P4:5:5:2:0|P5:8:3:1:0|P6:2:7:3:0|P7:10:6:1:0,"2,1,1,3",0.0
A0:9:0:1|A1:2:2:1|A2:8:6:1|A3:0:3:1$P4:5:5:2:0|P5:8:3:1:0|P6:2:7:3:0|P7:10:6:1:0,"3,2,1,2",0.0
A0:9:0:1|A1:2:2:1|A2:8:6:1|A3:0:3:1$P4:5:5:2:0|P5:8:3:1:0|P6:2:7:3:0|P7:10:6:1:0,"1,2,1,3",0.0
A0:9:0:1|A1:2:2:1|A2:8:6:1|A3:0:3:1$P4:5:5:2:0|P5:8:3:1:0|P6:2:7:3:0|P7:10:6:1:0,"1,3,0,3",0.0
A0:9:0:1|A1:2:2:1|A2:8:6:1|A3:0:3:1$P4:5:5:2:0|P5:8:3:1:0|P6:2:7:3:0|P7:10:6:1:0,"1,1,1,0",0.0
A0:9:0:1|A1:2:2:1|A2:8:6:1|A3:0:3:1$P4:5:5:2:0|P5:8:3:1:0|P6:2:7:3:0|P7:10:6:1:0,"1,3,2,1",0.0
A0:9:0:1|A1:2:2:1|A2:8:6:1|A3:0:3:1$P4:5:5:2:0|P5:8:3:1:0|P6:2:7:3:0|P7:10:6:1:0,"0,3,2,1",0.0
A0:9:0:1|A1:2:2:1|A2:8:6:1|A3:0:3:1$P4:5:5:2:0|P5:8:3:1:0|P6:2:7:3:0|P7:10:6:1:0,"3,1,0,0",0.0
A0:9:0:1|A1:3:2:1|A2:8:6:1|A3:0:3:1$P4:5:5:2:0|P5:8:3:1:0|P6:2:7:3:0|P7:10:6:1:0,"0,0,2,0",0.0
A0:10:0:1|A1:3:2:1|A2:8:7:1|A3:1:3:1$P4:5:5:2:0|P5:8:3:1:0|P6:2:7:3:0|P7:10:6:1:0,"1,1,0,1",0.0
A0:10:0:1|A1:3:2:1|A2:8:7:1|A3:1:3:1$P4:5:5:2:0|P5:8:3:1:0|P6:2:7:3:0|P7:10:6:1:0,"2,3,0,0",0.0
A0:10:0:1|A1:3:2:1|A2:8:7:1|A3:1:3:1$P4:5:5:2:0|P5:8:3:1:0|P6:2:7:3:0|P7:10:6:1:0,"1,0,0,3",0.0
A0:10:0:1|A1:3:2:1|A2:8:7:1|A3:1:3:1$P4:5:5:2:0|P5:8:3:1:0|P6:2:7:3:0|P7:10:6:1:0,"3,3,2,3",0.0
A0:10:0:1|A1:3:2:1|A2:8:7:1|A3:1:3:1$P4:5:5:2:0|P5:8:3:1:0|P6:2:7:3:0|P7:10:6:1:0,"3,0,1,3",0.0
A0:10:0:1|A1:3:2:1|A2:8:7:1|A3:1:3:1$P4:5:5:2:0|P5:8:3:1:0|P6:2:7:3:0|P7:10:6:1:0,"1,1,2,0",0.0
A0:10:0:1|A1:3:2:1|A2:8:7:1|A3:1:3:1$P4:5:5:2:0|P5:8:3:1:0|P6:2:7:3:0|P7:10:6:1:0,"3,3,0,3",0.0
A0:10:0:1|A1:3:2:1|A2:8:7:1|A3:1:3:1$P4:5:5:2:0|P5:8:3:1:0|P6:2:7:3:0|P7:10:6:1:0,"2,0,0,1",0.0
A0:10:0:1|A1:3:2:1|A2:8:7:1|A3:1:3:1$P4:5:5:2:0|P5:8:3:1:0|P6:2:7:3:0|P7:10:6:1:0,"3,2,1,0",0.0
A0:10:0:1|A1:3:2:1|A2:8:7:1|A3:1:3:1$P4:5:5:2:0|P5:8:3:1:0|P6:2:7:3:0|P7:10:6:1:0,"1,0,3,2",0.0
A0:10:0:1|A1:3:1:1|A2:8:7:1|A3:1:4:1$P4:5:5:2:0|P5:8:3:1:0|P6:2:7:3:0|P7:10:6:1:0,"1,0,1,1",0.0
A0:11:0:1|A1:3:1:1|A2:7:7:1|A3:1:4:1$P4:5:5:2:0|P5:8:3:1:0|P6:2:7:3:0|P7:10:6:1:0,"2,1,0,0",0.0
A0:11:0:1|A1:3:1:1|A2:7:7:1|A3:1:4:1$P4:5:5:2:0|P5:8:3:1:0|P6:2:7:3:0|P7:10:6:1:0,"1,1,2,1",0.0
A0:11:0:1|A1:3:1:1|A2:7:7:1|A3:1:4:1$P4:5:5:2:0|P5:8:3:1:0|P6:2:7:3:0|P7:10:6:1:0,"2,0,0,2",0.0
A0:11:0:1|A1:3:1:1|A2:7:7:1|A3:1:4:1$P4:5:5:2:0|P5:8:3:1:0|P6:2:7:3:0|P7:10:6:1:0,"0,2,2,1",0.0
A0:11:0:1|A1:3:1:1|A2:7:7:1|A3:1:4:1$P4:5:5:2:0|P5:8:3:1:0|P6:2:7:3:0|P7:10:6:1:0,"2,2,0,2",0.0
A0:11:0:1|A1:3:1:1|A2:7:7:1|A3:1:4:1$P4:5:5:2:0|P5:8:3:1:0|P6:2:7:3:0|P7:10:6:1:0,"1,1,0,3",0.0
A0:11:0:1|A1:3:1:1|A2:7:7:1|A3:1:4:1$P4:5:5:2:0|P5:8:3:1:0|P6:2:7:3:0|P7:10:6:1:0,"3,0,2,1",0.0
A0:11:0:1|A1:3:1:1|A2:7:7:1|A3:1:4:1$P4:5:5:2:0|P5:8:3:1:0|P6:2:7:3:0|P7:10:6:1:0,"2,3,2,1",0.0
A0:11:0:1|A1:3:1:1|A2:7:7:1|A3:1:4:1$P4:5:5:2:0|P5:8:3:1:0|P6:2:7:3:0|P7:10:6:1:0,"3,3,0,0",0.0
A0:11:0:1|A1:3:1:1|A2:7:7:1|A3:1:4:1$P4:5:5:2:0|P5:8:3:1:0|P6:2:7:3:0|P7:10:6:1:0,"3,0,2,3",0.0
A0:11:0:1|A1:3:1:1|A2:7:7:1|A3:2:4:1$P4:5:5:2:0|P5:8:3:1:0|P6:2:7:3:0|P7:10:6:1:0,"1,1,1,1",0.0
A0:10:0:1|A1:3:0:1|A2:7:8:1|A3:2:4:1$P4:5:5:2:0|P5:8:3:1:0|P6:2:7:3:0|P7:10:6:1:0,"0,1,3,0",0.0
A0:10:0:1|A1:3:0:1|A2:7:8:1|A3:2:4:1$P4:5:5:2:0|P5:8:3:1:0|P6:2:7:3:0|P7:10:6:1:0,"0,3,1,1",0.0
A0:10:0:1|A1:3:0:1|A2:7:8:1|A3:2:4:1$P4:5:5:2:0|P5:8:3:1:0|P6:2:7:3:0|P7:10:6:1:0,"2,1,3,2",0.0
A0:10:0:1|A1:3:0:1|A2:7:8:1|A3:2:4:1$P4:5:5:2:0|P5:8:3:1:0|P6:2:7:3:0|P7:10:6:1:0,"1,1,1,3",0.0
A0:10:0:1|A1:3:0:1|A2:7:8:1|A3:2:4:1$P4:5:5:2:0|P5:8:3:1:0|P6:2:7:3:0|P7:10:6:1:0,"0,2,2,3",0.0
A0:10:0:1|A1:3:0:1|A2:7:8:1|A3:2:4:1$P4:5:5:2:0|P5:8:3:1:0|P6:2:7:3:0|P7:10:6:1:0,"2,1,3,1",0.0
A0:10:0:1|A1:3:0:1|A2:7:8:1|A3:2:4:1$P4:5:5:2:0|P5:8:3:1:0|P6:2:7:3:0|P7:10:6:1:0,"0,3,1,0",0.0
A0:10:0:1|A1:3:0:1|A2:7:8:1|A3:2:4:1$P4:5:5:2:0|P5:8:3:1:0|P6:2:7:3:0|P7:10:6:1:0,"2,1,0,1",0.0
A0:10:0:1|A1:3:0:1|A2:7:8:1|A3:2:4:1$P4:5:5:2:0|P5:8:3:1:0|P6:2:7:3:0|P7:10:6:1:0,"1,2,0,1",0.0
A0:10:0:1|A1:2:0:1|A2:7:8:1|A3:3:4:1$P4:5:5:2:0|P5:8:3:1:0|P6:2:7:3:0|P7:10:6:1:0,"2,3,3,2",0.0
A0:10:1:1|A1:2:0:1|A2:6:8:1|A3:3:4:1$P4:5:5:2:0|P5:8:3:1:0|P6:2:7:3:0|P7:10:6:1:0,"0,1,1,3",0.0
A0:10:1:1|A1:2:0:1|A2:6:8:1|A3:3:4:1$P4:5:5:2:0|P5:8:3:1:0|P6:2:7:3:0|P7:10:6:1:0,"2,1,0,1",0.0
A0:10:1:1|A1:2:0:1|A2:6:8:1|A3:3:4:1$P4:5:5:2:0|P5:8:3:1:0|P6:2:7:3:0|P7:10:6:1:0,"1,0,3,1",0.0
A0:10:1:1|A1:2:0:1|A2:6:8:1|A3:3:4:1$P4:5:5:2:0|P5:8:3:1:0|P6:2:7:3:0|P7:10:6:1:0,"0,2,2,3",0.0
A0:10:1:1|A1:2:0:1|A2:6:8:1|A3:3:4:1$P4:5:5:2:0|P5:8:3:1:0|P6:2:7:3:0|P7:10:6:1:0,"1,1,2,2",0.0
A0:10:1:1|A1:2:0:1|A2:6:8:1|A3:3:4:1$P4:5:5:2:0|P5:8:3:1:0|P6:2:7:3:0|P7:10:6:1:0,"0,3,2,0",0.0
A0:10:1:1|A1:2:0:1|A2:6:8:1|A3:3:4:1$P4:5:5:2:0|P5:8:3:1:0|P6:2:7:3:0|P7:10:6:1:0,"3,1,2,3",0.0
A0:10:1:1|A1:2:0:1|A2:6:8:1|A3:3:4:1$P4:5:5:2:0|P5:8:3:1:0|P6:2:7:3:0|P7:10:6:1:0,"1,1,3,0",0.0
A0:10:1:1|A1:2:0:1|A2:6:8:1|A3:3:4:1$P4:5:5:2:0|P5:8:3:1:0|P6:2:7:3:0|P7:10:6:1:0,"3,0,0,0",0.0
A0:10:1:1|A1:2:0:1|A2:6:8:1|A3:3:4:1$P4:5:5:2:0|P5:8:3:1:0|P6:2:7:3:0|P7:10:6:1:0,"2,0,0,1",0.0
A0:10:2:1|A1:3:0:1|A2:6:8:1|A3:3:4:1$P4:5:5:2:0|P5:8:3:1:0|P6:2:7:3:0|P7:10:6:1:0,"0,2,1,2",0.0
A0:10:2:1|A1:3:0:1|A2:5:8:1|A3:3:5:1$P4:5:5:2:0|P5:8:3:1:0|P6:2:7:3:0|P7:10:6:1:0,"3,1,3,1",0.0
A0:10:2:1|A1:3:0:1|A2:5:8:1|A3:3:5:1$P4:5:5:2:0|P5:8:3:1:0|P6:2:7:3:0|P7:10:6:1:0,"0,2,1,2",0.0
A0:10:2:1|A1:3:0:1|A2:5:8:1|A3:3:5:1$P4:5:5:2:0|P5:8:3:1:0|P6:2:7:3:0|P7:10:6:1:0,"1,3,2,0",0.0
A0:10:2:1|A1:3:0:1|A2:5:8:1|A3:3:5:1$P4:5:5:2:0|P5:8:3:1:0|P6:2:7:3:0|P7:10:6:1:0,"2,3,3,0",0.0
A0:10:2:1|A1:3:0:1|A2:5:8:1|A3:3:5:1$P4:5:5:2:0|P5:8:3:1:0|P6:2:7:3:0|P7:10:6:1:0,"2,1,0,0",0.0
A0:10:2:1|A1:3:0:1|A2:5:8:1|A3:3:5:1$P4:5:5:2:0|P5:8:3:1:0|P6:2:7:3:0|P7:10:6:1:0,"3,0,3,1",0.0
A0:10:2:1|A1:3:0:1|A2:5:8:1|A3:3:5:1$P4:5:5:2:0|P5:8:3:1:0|P6:2:7:3:0|P7:10:6:1:0,"2,0,0,1",0.0
A0:10:2:1|A1:3:0:1|A2:5:8:1|A3:3:5:1$P4:5:5:2:0|P5:8:3:1:0|P6:2:7:3:0|P7:10:6:1:0,"1,2,1,2",0.0
A0:10:2:1|A1:3:0:1|A2:5:8:1|A3:3:5:1$P4:5:5:2:0|P5:8:3:1:0|P6:2:7:3:0|P7:10:6:1:0,"0,1,1,2",0.0
A0:10:2:1|A1:3:0:1|A2:5:8:1|A3:3:5:1$P4:5:5:2:0|P5:8:3:1:0|P6:2:7:3:0|P7:10:6:1:0,"1,1,2,1",0.0
A0:11:2:1|A1:3:1:1|A2:6:8:1|A3:3:4:1$P4:5:5:2:0|P5:8:3:1:0|P6:2:7:3:0|P7:10:6:1:0,"1,2,2,2",0.0
A0:11:2:1|A1:3:1:1|A2:6:8:1|A3:3:4:1$P4:5:5:2:0|P5:8:3:1:0|P6:2:7:3:0|P7:10:6:1:0,"2,1,1,2",0.0
A0:11:2:1|A1:3:1:1|A2:6:8:1|A3:3:4:1$P4:5:5:2:0|P5:8:3:1:0|P6:2:7:3:0|P7:10:6:1:0,"0,1,3,0",0.0
A0:11:2:1|A1:3:1:1|A2:6:8:1|A3:3:4:1$P4:5:5:2:0|P5:8:3:1:0|P6:2:7:3:0|P7:10:6:1:0,"3,1,0,2",0.0
A0:11:2:1|A1:3:1:1|A2:6:8:1|A3:3:4:1$P4:5:5:2:0|P5:8:3:1:0|P6:2:7:3:0|P7:10:6:1:0,"0,0,2,1",0.0
A0:11:2:1|A1:3:1:1|A2:6:8:1|A3:3:4:1$P4:5:5:2:0|P5:8:3:1:0|P6:2:7:3:0|P7:10:6:1:0,"3,1,2,2",0.0
A0:11:2:1|A1:3:1:1|A2:6:8:1|A3:3:4:1$P4:5:5:2:0|P5:8:3:1:0|P6:2:7:3:0|P7:10:6:1:0,"3,1,2,0",0.0
A0:11:2:1|A1:3:1:1|A2:6:8:1|A3:3:4:1$P4:5:5:2:0|P5:8:3:1:0|P6:2:7:3:0|P7:10:6:1:0,"1,2,3,3",0.0
A0:11:2:1|A1:3:1:1|A2:6:8:1|A3:3:4:1$P4:5:5:2:0|P5:8:3:1:0|P6:2:7:3:0|P7:10:6:1:0,"0,0,1,1",0.0
A0:11:2:1|A1:3:1:1|A2:6:8:1|A3:3:4:1$P4:5:5:2:0|P5:8:3:1:0|P6:2:7:3:0|P7:10:6:1:0,"1,1,1,3",0.0
A0:11:2:1|A1:3:1:1|A2:6:8:1|A3:2:4:1$P4:5:5:2:0|P5:8:3:1:0|P6:2:7:3:0|P7:10:6:1:0,"2,1,3,1",0.0
A0:12:2:1|A1:3:0:1|A2:5:8:1|A3:2:4:1$P4:5:5:2:0|P5:8:3:1:0|P6:2:7:3:0|P7:10:6:1:0,"2,3,2,1",0.0
A0:12:2:1|A1:3:0:1|A2:5:8:1|A3:2:4:1$P4:5:5:2:0|P5:8:3:1:0|P6:2:7:3:0|P7:10:6:1:0,"3,2,0,3",0.0
A0:12:2:1|A1:3:0:1|A2:5:8:1|A3:2:4:1$P4:5:5:2:0|P5:8:3:1:0|P6:2:7:3:0|P7:10:6:1:0,"2,3,0,3",0.0
A0:12:2:1|A1:3:0:1|A2:5:8:1|A3:2:4:1$P4:5:5:2:0|P5:8:3:1:0|P6:2:7:3:0|P7:10:6:1:0,"3,2,2,3",0.0
A0:12:2:1|A1:3:0:1|A2:5:8:1|A3:2:4:1$P4:5:5:2:0|P5:8:3:1:0|P6:2:7:3:0|P7:10:6:1:0,"0,0,1,0",0.0
A0:12:2:1|A1:3:0:1|A2:5:8:1|A3:2:4:1$P4:5:5:2:0|P5:8:3:1:0|P6:2:7:3:0|P7:10:6:1:0,"3,3,0,0",0.0
A0:12:2:1|A1:3:0:1|A2:5:8:1|A3:2:4:1$P4:5:5:2:0|P5:8:3:1:0|P6:2:7:3:0|P7:10:6:1:0,"0,1,3,2",0.0
A0:12:2:1|A1:3:0:1|A2:5:8:1|A3:2:4:1$P4:5:5:2:0|P5:8:3:1:0|P6:2:7:3:0|P7:10:6:1:0,"0,3,3,3",0.0
A0:12:2:1|A1:3:0:1|A2:5:8:1|A3:2:4:1$P4:5:5:2:0|P5:8:3:1:0|P6:2:7:3:0|P7:10:6:1:0,"1,2,3,0",0.0
A0:12:2:1|A1:3:0:1|A2:5:8:1|A3:2:4:1$P4:5:5:2:0|P5:8:3:1:0|P6:2:7:3:0|P7:10:6:1:0,"2,1,0,1",0.0
A0:12:3:1|A1:4:0:1|A2:5:8:1|A3:2:4:1$P4:5:5:2:0|P5:8:3:1:0|P6:2:7:3:0|P7:10:6:1:0,"0,2,1,3",0.0
A0:12:3:1|A1:4:0:1|A2:6:8:1|A3:2:5:1$P4:5:5:2:0|P5:8:3:1:0|P6:2:7:3:0|P7:10:6:1:0,"3,0,3,3",0.0
A0:12:3:1|A1:4:0:1|A2:6:8:1|A3:2:5:1$P4:5:5:2:0|P5:8:3:1:0|P6:2:7:3:0|P7:10:6:1:0,"0,0,2,2",0.0
A0:12:3:1|A1:4:0:1|A2:6:8:1|A3:2:5:1$P4:5:5:2:0|P5:8:3:1:0|P6:2:7:3:0|P7:10:6:1:0,"3,2,2,3",0.0
A0:12:3:1|A1:4:0:1|A2:6:8:1|A3:2:5:1$P4:5:5:2:0|P5:8:3:1:0|P6:2:7:3:0|P7:10:6:1:0,"3,2,2,0",0.0
A0:12:3:1|A1:4:0:1|A2:6:8:1|A3:2:5:1$P4:5:5:2:0|P5:8:3:1:0|P6:2:7:3:0|P7:10:6:1:0,"0,3,0,0",0.0
A0:12:3:1|A1:4:0:1|A2:6:8:1|A3:2:5:1$P4:5:5:2:0|P5:8:3:1:0|P6:2:7:3:0|P7:10:6:1:0,"3,3,1,3",0.0
A0:12:3:1|A1:4:0:1|A2:6:8:1|A3:2:5:1$P4:5:5:2:0|P5:8:3:1:0|P6:2:7:3:0|P7:10:6:1:0,"0,2,3,1",0.0
A0:12:3:1|A1:4:0:1|A2:6:8:1|A3:2:5:1$P4:5:5:2:0|P5:8:3:1:0|P6:2:7:3:0|P7:10:6:1:0,"3,3,0,3",0.0
A0:12:3:1|A1:4:0:1|A2:6:8:1|A3:2:5:1$P4:5:5:2:0|P5:8:3:1:0|P6:2:7:3:0|P7:10:6:1:0,"3,3,0,1",0.0
A0:12:3:1|A1:4:0:1|A2:6:8:1|A3:2:5:1$P4:5:5:2:0|P5:8:3:1:0|P6:2:7:3:0|P7:10:6:1:0,"0,2,1,1",0.0
A0:12:3:1|A1:4:0:1|A2:6:8:1|A3:3:5:1$P4:5:5:2:0|P5:8:3:1:0|P6:2:7:3:0|P7:10:6:1:0,"0,2,0,0",0.0
A0:11:3:1|A1:5:0:1|A2:6:7:1|A3:3:5:1$P4:5:5:2:0|P5:8:3:1:0|P6:2:7:3:0|P7:10:6:1:0,"2,3,1,3",0.0
A0:11:3:1|A1:5:0:1|A2:6:7:1|A3:3:5:1$P4:5:5:2:0|P5:8:3:1:0|P6:2:7:3:0|P7:10:6:1:0,"0,0,0,1",0.0
A0:11:3:1|A1:5:0:1|A2:6:7:1|A3:3:5:1$P4:5:5:2:0|P5:8:3:1:0|P6:2:7:3:0|P7:10:6:1:0,"0,2,2,2",0.0
A0:11:3:1|A1:5:0:1|A2:6:7:1|A3:3:5:1$P4:5:5:2:0|P5:8:3:1:0|P6:2:7:3:0|P7:10:6:1:0,"2,2,0,1",0.0
A0:11:3:1|A1:5:0:1|A2:6:7:1|A3:3:5:1$P4:5:5:2:0|P5:8:3:1:0|P6:2:7:3:0|P7:10:6:1:0,"0,1,2,1",0.0
A0:11:3:1|A1:5:0:1|A2:6:7:1|A3:3:5:1$P4:5:5:2:0|P5:8:3:1:0|P6:2:7:3:0|P7:10:6:1:0,"0,1,0,3",0.0
A0:11:3:1|A1:5:0:1|A2:6:7:1|A3:3:5:1$P4:5:5:2:0|P5:8:3:1:0|P6:2:7:3:0|P7:10:6:1:0,"3,1,0,2",0.0
A0:11:3:1|A1:5:0:1|A2:6:7:1|A3:3:5:1$P4:5:5:2:0|P5:8:3:1:0|P6:2:7:3:0|P7:10:6:1:0,"3,1,0,0",0.0
A0:11:3:1|A1:5:0:1|A2:6:7:1|A3:3:5:1$P4:5:5:2:0|P5:8:3:1:0|P6:2:7:3:0|P7:10:6:1:0,"2,1,0,1",0.0
A0:11:4:1|A1:5:0:1|A2:6:7:1|A3:4:5:1$P4:5:5:2:0|P5:8:3:1:0|P6:2:7:3:0|P7:10:6:1:0,"0,2,3,3",0.0
A0:11:4:1|A1:4:0:1|A2:6:8:1|A3:4:5:1$P4:5:5:2:0|P5:8:3:1:0|P6:2:7:3:0|P7:10:6:1:0,"0,2,1,0",0.0
A0:11:4:1|A1:4:0:1|A2:6:8:1|A3:4:5:1$P4:5:5:2:0|P5:8:3:1:0|P6:2:7:3:0|P7:10:6:1:0,"3,2,0,0",0.0
A0:11:4:1|A1:4:0:1|A2:6:8:1|A3:4:5:1$P4:5:5:2:0|P5:8:3:1:0|P6:2:7:3:0|P7:10:6:1:0,"0,2,1,2",0.0
A0:11:4:1|A1:4:0:1|A2:6:8:1|A3:4:5:1$P4:5:5:2:0|P5:8:3:1:0|P6:2:7:3:0|P7:10:6:1:0,"3,2,2,0",0.0
A0:11:4:1|A1:4:0:1|A2:6:8:1|A3:4:5:1$P4:5:5:2:0|P5:8:3:1:0|P6:2:7:3:0|P7:10:6:1:0,"3,3,2,1",0.0
A0:11:4:1|A1:4:0:1|A2:6:8:1|A3:4:5:1$P4:5:5:2:0|P5:8:3:1:0|P6:2:7:3:0|P7:10:6:1:0,"2,2,2,0",0.0
A0:11:4:1|A1:4:0:1|A2:6:8:1|A3:4:5:1$P4:5:5:2:0|P5:8:3:1:0|P6:2:7:3:0|P7:10:6:1:0,"1,0,0,0",0.0
A0:11:4:1|A1:4:0:1|A2:6:8:1|A3:4:5:1$P4:5:5:2:0|P5:8:3:1:0|P6:2:7:3:0|P7:10:6:1:0,"1,0,3,2",0.0
A0:11:4:1|A1:4:0:1|A2:6:8:1|A3:4:5:1$P4:5:5:2:0|P5:8:3:1:0|P6:2:7:3:0|P7:10:6:1:0,"2,2,1,2",0.0
A0:11:4:1|A1:4:0:1|A2:6:8:1|A3:4:5:1$P4:5:5:2:0|P5:8:3:1:0|P6:2:7:3:0|P7:10:6:1:0,"0,1,1,1",0.0
A0:11:4:1|A1:3:0:1|A2:6:8:1|A3:4:5:1$P4:5:5:2:0|P5:8:3:1:0|P6:2:7:3:0|P7:10:6:1:0,"0,0,2,2",0.0
A0:10:4:1|A1:3:0:1|A2:5:8:1|A3:4:6:1$P4:5:5:2:0|P5:8:3:1:0|P6:2:7:3:0|P7:10:6:1:0,"0,1,3,1",0.0
A0:10:4:1|A1:3:0:1|A2:5:8:1|A3:4:6:1$P4:5:5:2:0|P5:8:3:1:0|P6:2:7:3:0|P7:10:6:1:0,"3,1,2,3",0.0
A0:10:4:1|A1:3:0:1|A2:5:8:1|A3:4:6:1$P4:5:5:2:0|P5:8:3:1:0|P6:2:7:3:0|P7:10:6:1:0,"1,1,0,3",0.0
A0:10:4:1|A1:3:0:1|A2:5:8:1|A3:4:6:1$P4:5:5:2:0|P5:8:3:1:0|P6:2:7:3:0|P7:10:6:1:0,"0,3,2,1",0.0
A0:10:4:1|A1:3:0:1|A2:5:8:1|A3:4:6:1$P4:5:5:2:0|P5:8:3:1:0|P6:2:7:3:0|P7:10:6:1:0,"0,0,2,0",0.0
A0:10:4:1|A1:3:0:1|A2:5:8:1|A3:4:6:1$P4:5:5:2:0|P5:8:3:1:0|P6:2:7:3:0|P7:10:6:1:0,"2,3,2,1",0.0
A0:10:4:1|A1:3:0:1|A2:5:8:1|A3:4:6:1$P4:5:5:2:0|P5:8:3:1:0|P6:2:7:3:0|P7:10:6:1:0,"3,3,3,1",0.0
A0:10:4:1|A1:3:0:1|A2:5:8:1|A3:4:6:1$P4:5:5:2:0|P5:8:3:1:0|P6:2:7:3:0|P7:10:6:1:0,"1,0,1,3",0.0
A0:10:4:1|A1:3:0:1|A2:5:8:1|A3:4:6:1$P4:5:5:2:0|P5:8:3:1:0|P6:2:7:3:0|P7:10:6:1:0,"2,2,0,2",0.0
A0:10:4:1|A1:3:0:1|A2:5:8:1|A3:4:6:1$P4:5:5:2:0|P5:8:3:1:0|P6:2:7:3:0|P7:10:6:1:0,"1,2,2,0",0.0
A0:10:4:1|A1:4:0:1|A2:5:8:1|A3:4:6:1$P4:5:5:2:0|P5:8:3:1:0|P6:2:7:3:0|P7:10:6:1:0,"0,1,3,1",0.0
A0:9:4:1|A1:4:0:1|A2:4:8:1|A3:4:5:1$P4:5:5:2:0|P5:8:3:1:0|P6:2:7:3:0|P7:10:6:1:0,"0,2,2,1",0.0
A0:9:4:1|A1:4:0:1|A2:4:8:1|A3:4:5:1$P4:5:5:2:0|P5:8:3:1:0|P6:2:7:3:0|P7:10:6:1:0,"3,1,0,2",0.0
A0:9:4:1|A1:4:0:1|A2:4:8:1|A3:4:5:1$P4:5:5:2:0|P5:8:3:1:0|P6:2:7:3:0|P7:10:6:1:0,"2,3,0,1",0.0
A0:9:4:1|A1:4:0:1|A2:4:8:1|A3:4:5:1$P4:5:5:2:0|P5:8:3:1:0|P6:2:7:3:0|P7:10:6:1:0,"3,2,0,3",0.0
A0:9:4:1|A1:4:0:1|A2:4:8:1|A3:4:5:1$P4:5:5:2:0|P5:8:3:1:0|P6:2:7:3:0|P7:10:6:1:0,"1,1,2,0",0.0
A0:9:4:1|A1:4:0:1|A2:4:8:1|A3:4:5:1$P4:5:5:2:0|P5:8:3:1:0|P6:2:7:3:0|P7:10:6:1:0,"2,1,2,0",0.0
A0:9:4:1|A1:4:0:1|A2:4:8:1|A3:4:5:1$P4:5:5:2:0|P5:8:3:1:0|P6:2:7:3:0|P7:10:6:1:0,"2,2,0,3",0.0
A0:9:4:1|A1:4:0:1|A2:4:8:1|A3:4:5:1$P4:5:5:2:0|P5:8:3:1:0|P6:2:7:3:0|P7:10:6:1:0,"3,1,2,0",0.0
A0:9:4:1|A1:4:0:1|A2:4:8:1|A3:4:5:1$P4:5:5:2:0|P5:8:3:1:0|P6:2:7:3:0|P7:10:6:1:0,"2,0,2,2",0.0
A0:9:4:1|A1:4:0:1|A2:4:8:1|A3:4:5:1$P4:5:5:2:0|P5:8:3:1:0|P6:2:7:3:0|P7:10:6:1:0,"0,1,3,2",0.0
A0:9:4:1|A1:4:0:1|A2:3:8:1|A3:4:5:1$P4:5:5:2:0|P5:8:3:1:0|P6:2:7:3:0|P7:10:6:1:0,"3,3,1,2",0.0
A0:8:4:1|A1:4:1:1|A2:3:8:1|A3:4:6:1$P4:5:5:2:0|P5:8:3:1:0|P6:2:7:3:0|P7:10:6:1:0,"1,1,3,1",0.0
A0:8:4:1|A1:4:1:1|A2:3:8:1|A3:4:6:1$P4:5:5:2:0|P5:8:3:1:0|P6:2:7:3:0|P7:10:6:1:0,"1,1,1,3",0.0
A0:8:4:1|A1:4:1:1|A2:3:8:1|A3:4:6:1$P4:5:5:2:0|P5:8:3:1:0|P6:2:7:3:0|P7:10:6:1:0,"2,0,3,2",0.0
A0:8:4:1|A1:4:1:1|A2:3:8:1|A3:4:6:1$P4:5:5:2:0|P5:8:3:1:0|P6:2:7:3:0|P7:10:6:1:0,"3,2,3,3",0.0
A0:8:4:1|A1:4:1:1|A2:3:8:1|A3:4:6:1$P4:5:5:2:0|P5:8:3:1:0|P6:2:7:3:0|P7:10:6:1:0,"0,2,3,3",0.1
A0:8:4:2|A1:4:1:1|A2:3:8:1|A3:4:6:1$P4:5:5:2:0|P5:8:3:1:1|P6:2:7:3:0|P7:10:6:1:0,"2,3,0,3",0.0
A0:8:4:2|A1:4:1:1|A2:3:8:1|A3:4:6:1$P4:5:5:2:0|P5:8:3:1:1|P6:2:7:3:0|P7:10:6:1:0,"2,0,2,1",0.0
A0:8:4:2|A1:4:1:1|A2:3:8:1|A3:4:6:1$P4:5:5:2:0|P5:8:3:1:1|P6:2:7:3:0|P7:10:6:1:0,"2,3,0,1",0.0
A0:8:4:2|A1:4:1:1|A2:3:8:1|A3:4:6:1$P4:5:5:2:0|P5:8:3:1:1|P6:2:7:3:0|P7:10:6:1:0,"0,3,3,2",0.0
A0:8:4:2|A1:4:1:1|A2:3:8:1|A3:4:6:1$P4:5:5:2:0|P5:8:3:1:1|P6:2:7:3:0|P7:10:6:1:0,"0,2,2,3",0.0
A0:8:4:2|A1:4:1:1|A2:4:8:1|A3:4:6:1$P4:5:5:2:0|P5:8:3:1:1|P6:2:7:3:0|P7:10:6:1:0,"2,1,3,3",0.0
A0:7:4:2|A1:5:1:1|A2:4:8:1|A3:5:6:1$P4:5:5:2:0|P5:8:3:1:1|P6:2:7:3:0|P7:10:6:1:0,"1,3,3,1",0.0
A0:7:4:2|A1:5:1:1|A2:4:8:1|A3:5:6:1$P4:5:5:2:0|P5:8:3:1:1|P6:2:7:3:0|P7:10:6:1:0,"2,2,3,3",0.0
A0:7:4:2|A1:5:1:1|A2:4:8:1|A3:5:6:1$P4:5:5:2:0|P5:8:3:1:1|P6:2:7:3:0|P7:10:6:1:0,"3,3,0,0",0.0
A0:7:4:2|A1:5:1:1|A2:4:8:1|A3:5:6:1$P4:5:5:2:0|P5:8:3:1:1|P6:2:7:3:0|P7:10:6:1:0,"2,1,0,2",0.0
A0:7:4:2|A1:5:1:1|A2:4:8:1|A3:5:6:1$P4:5:5:2:0|P5:8:3:1:1|P6:2:7:3:0|P7:10:6:1:0,"2,2,0,3",0.0
A0:7:4:2|A1:5:1:1|A2:4:8:1|A3:5:6:1$P4:5:5:2:0|P5:8:3:1:1|P6:2:7:3:0|P7:10:6:1:0,"1,1,2,1",0.0
A0:7:4:2|A1:5:1:1|A2:4:8:1|A3:5:6:1$P4:5:5:2:0|P5:8:3:1:1|P6:2:7:3:0|P7:10:6:1:0,"0,1,1,0",0.0
A0:7:4:2|A1:5:1:1|A2:4:8:1|A3:5:6:1$P4:5:5:2:0|P5:8:3:1:1|P6:2:7:3:0|P7:10:6:1:0,"1,2,3,1",0.0
A0:7:4:2|A1:5:1:1|A2:4:8:1|A3:5:6:1$P4:5:5:2:0|P5:8:3:1:1|P6:2:7:3:0|P7:10:6:1:0,"2,0,2,2",0.0
A0:7:4:2|A1:5:1:1|A2:4:8:1|A3:5:6:1$P4:5:5:2:0|P5:8:3:1:1|P6:2:7:3:0|P7:10:6:1:0,"2,1,1,0",0.0
A0:7:3:2|A1:5:1:1|A2:3:8:1|A3:5:6:1$P4:5:5:2:0|P5:8:3:1:1|P6:2:7:3:0|P7:10:6:1:0,"2,2,2,1",0.0
A0:7:3:2|A1:5:0:1|A2:3:8:1|A3:5:7:1$P4:5:5:2:0|P5:8:3:1:1|P6:2:7:3:0|P7:10:6:1:0,"2,3,0,1",0.0
A0:7:3:2|A1:5:0:1|A2:3:8:1|A3:5:7:1$P4:5:5:2:0|P5:8:3:1:1|P6:2:7:3:0|P7:10:6:1:0,"0,3,0,3",0.0
A0:7:3:2|A1:5:0:1|A2:3:8:1|A3:5:7:1$P4:5:5:2:0|P5:8:3:1:1|P6:2:7:3:0|P7:10:6:1:0,"2,3,3,2",0.0
A0:7:3:2|A1:5:0:1|A2:3:8:1|A3:5:7:1$P4:5:5:2:0|P5:8:3:1:1|P6:2:7:3:0|P7:10:6:1:0,"0,1,1,2",0.0
A0:7:3:2|A1:5:0:1|A2:3:8:1|A3:5:7:1$P4:5:5:2:0|P5:8:3:1:1|P6:2:7:3:0|P7:10:6:1:0,"0,1,2,2",0.0
A0:7:3:2|A1:5:0:1|A2:3:8:1|A3:5:7:1$P4:5:5:2:0|P5:8:3:1:1|P6:2:7:3:0|P7:10:6:1:0,"3,3,1,2",0.0
A0:7:3:2|A1:5:0:1|A2:3:8:1|A3:5:7:1$P4:5:5:2:0|P5:8:3:1:1|P6:2:7:3:0|P7:10:6:1:0,"1,0,3,1",0.0
A0:7:3:2|A1:5:0:1|A2:3:8:1|A3:5:7:1$P4:5:5:2:0|P5:8:3:1:1|P6:2:7:3:0|P7:10:6:1:0,"2,0,3,2",0.0
A0:7:3:2|A1:5:0:1|A2:3:8:1|A3:5:7:1$P4:5:5:2:0|P5:8:3:1:1|P6:2:7:3:0|P7:10:6:1:0,"2,2,1,0",0.0
A0:7:3:2|A1:5:0:1|A2:3:8:1|A3:5:7:1$P4:5:5:2:0|P5:8:3:1:1|P6:2:7:3:0|P7:10:6:1:0,"2,2,0,0",0.0
A0:7:3:2|A1:5:0:1|A2:3:8:1|A3:5:7:1$P4:5:5:2:0|P5:8:3:1:1|P6:2:7:3:0|P7:10:6:1:0,"0,0,2,2",0.0
A0:8:3:2|A1:6:0:1|A2:3:7:1|A3:4:7:1$P4:5:5:2:0|P5:8:3:1:1|P6:2:7:3:0|P7:10:6:1:0,"1,1,2,1",0.0
A0:8:3:2|A1:6:0:1|A2:3:7:1|A3:4:7:1$P4:5:5:2:0|P5:8:3:1:1|P6:2:7:3:0|P7:10:6:1:0,"0,1,2,0",0.0
A0:8:3:2|A1:6:0:1|A2:3:7:1|A3:4:7:1$P4:5:5:2:0|P5:8:3:1:1|P6:2:7:3:0|P7:10:6:1:0,"1,1,2,0",0.0
A0:8:3:2|A1:6:0:1|A2:3:7:1|A3:4:7:1$P4:5:5:2:0|P5:8:3:1:1|P6:2:7:3:0|P7:10:6:1:0,"3,0,1,1",0.0
A0:8:3:2|A1:6:0:1|A2:3:7:1|A3:4:7:1$P4:5:5:2:0|P5:8:3:1:1|P6:2:7:3:0|P7:10:6:1:0,"2,0,3,3",0.0
A0:8:3:2|A1:6:0:1|A2:3:7:1|A3:4:7:1$P4:5:5:2:0|P5:8:3:1:1|P6:2:7:3:0|P7:10:6:1:0,"0,1,1,0",0.0
A0:8:3:2|A1:6:0:1|A2:3:7:1|A3:4:7:1$P4:5:5:2:0|P5:8:3:1:1|P6:2:7:3:0|P7:10:6:1:0,"1,3,2,2",0.0
A0:8:3:2|A1:6:0:1|A2:3:7:1|A3:4:7:1$P4:5:5:2:0|P5:8:3:1:1|P6:2:7:3:0|P7:10:6:1:0,"3,0,2,3",0.0
A0:8:3:2|A1:6:0:1|A2:3:7:1|A3:4:7:1$P4:5:5:2:0|P5:8:3:1:1|P6:2:7:3:0|P7:10:6:1:0,"3,1,3,3",0.0
A0:8:3:2|A1:6:0:1|A2:3:7:1|A3:4:7:1$P4:5:5:2:0|P5:8:3:1:1|P6:2:7:3:0|P7:10:6:1:0,"3,2,2,1",0.0
A0:8:4:2|A1:6:0:1|A2:3:7:1|A3:4:7:1$P4:5:5:2:0|P5:8:3:1:1|P6:2:7:3:0|P7:10:6:1:0,"0,0,0,1",0.0
A0:8:4:2|A1:6:1:1|A2:3:6:1|A3:4:8:1$P4:5:5:2:0|P5:8:3:1:1|P6:2:7:3:0|P7:10:6:1:0,"0,2,3,0",0.0
A0:8:4:2|A1:6:1:1|A2:3:6:1|A3:4:8:1$P4:5:5:2:0|P5:8:3:1:1|P6:2:7:3:0|P7:10:6:1:0,"0,2,2,0",0.0
A0:8:4:2|A1:6:1:1|A2:3:6:1|A3:4:8:1$P4:5:5:2:0|P5:8:3:1:1|P6:2:7:3:0|P7:10:6:1:0,"1,0,3,3",0.0
A0:8:4:2|A1:6:1:1|A2:3:6:1|A3:4:8:1$P4:5:5:2:0|P5:8:3:1:1|P6:2:7:3:0|P7:10:6:1:0,"2,0,2,2",0.0
A0:8:4:2|A1:6:1:1|A2:3:6:1|A3:4:8:1$P4:5:5:2:0|P5:8:3:1:1|P6:2:7:3:0|P7:10:6:1:0,"1,0,1,3",0.0
A0:8:4:2|A1:6:1:1|A2:3:6:1|A3:4:8:1$P4:5:5:2:0|P5:8:3:1:1|P6:2:7:3:0|P7:10:6:1:0,"0,3,1,3",0.0
A0:8:4:2|A1:6:1:1|A2:3:6:1|A3:4:8:1$P4:5:5:2:0|P5:8:3:1:1|P6:2:7:3:0|P7:10:6:1:0,"2,0,3,2",0.0
A0:8:4:2|A1:6:1:1|A2:3:6:1|A3:4:8:1$P4:5:5:2:0|P5:8:3:1:1|P6:2:7:3:0|P7:10:6:1:0,"1,2,0,1",0.0
A0:8:4:2|A1:6:1:1|A2:3:6:1|A3:4:8:1$P4:5:5:2:0|P5:8:3:1:1|P6:2:7:3:0|P7:10:6:1:0,"2,1,1,0",0.0
A0:8:4:2|A1:6:1:1|A2:3:6:1|A3:4:8:1$P4:5:5:2:0|P5:8:3:1:1|P6:2:7:3:0|P7:10:6:1:0,"3,2,2,2",0.0
A0:8:4:2|A1:6:1:1|A2:3:6:1|A3:4:8:1$P4:5:5:2:0|P5:8:3:1:1|P6:2:7:3:0|P7:10:6:1:0,"3,1,3,3",0.0
A0:8:5:2|A1:7:1:1|A2:3:5:1|A3:5:8:1$P4:5:5:2:0|P5:8:3:1:1|P6:2:7:3:0|P7:10:6:1:0,"0,3,1,1",0.0
A0:8:5:2|A1:7:1:1|A2:3:5:1|A3:5:8:1$P4:5:5:2:0|P5:8:3:1:1|P6:2:7:3:0|P7:10:6:1:0,"3,2,0,3",0.0
A0:8:5:2|A1:7:1:1|A2:3:5:1|A3:5:8:1$P4:5:5:2:0|P5:8:3:1:1|P6:2:7:3:0|P7:10:6:1:0,"2,0,0,3",0.0
A0:8:5:2|A1:7:1:1|A2:3:5:1|A3:5:8:1$P4:5:5:2:0|P5:8:3:1:1|P6:2:7:3:0|P7:10:6:1:0,"0,0,3,0",0.0
A0:8:5:2|A1:7:1:1|A2:3:5:1|A3:5:8:1$P4:5:5:2:0|P5:8:3:1:1|P6:2:7:3:0|P7:10:6:1:0,"0,1,0,0",0.0
A0:8:5:2|A1:7:1:1|A2:3:5:1|A3:5:8:1$P4:5:5:2:0|P5:8:3:1:1|P6:2:7:3:0|P7:10:6:1:0,"1,1,2,1",0.0
A0:8:5:2|A1:7:1:1|A2:3:5:1|A3:5:8:1$P4:5:5:2:0|P5:8:3:1:1|P6:2:7:3:0|P7:10:6:1:0,"3,1,2,2",0.0
A0:8:5:2|A1:7:1:1|A2:3:5:1|A3:5:8:1$P4:5:5:2:0|P5:8:3:1:1|P6:2:7:3:0|P7:10:6:1:0,"3,0,2,2",0.0
A0:8:5:2|A1:7:1:1|A2:3:5:1|A3:5:8:1$P4:5:5:2:0|P5:8:3:1:1|P6:2:7:3:0|P7:10:6:1:0,"3,3,0,2",0.0
A0:8:5:2|A1:7:1:1|A2:3:5:1|A3:5:8:1$P4:5:5:2:0|P5:8:3:1:1|P6:2:7:3:0|P7:10:6:1:0,"0,2,2,2",0.0
A0:8:5:2|A1:7:1:1|A2:2:5:1|A3:5:8:1$P4:5:5:2:0|P5:8:3:1:1|P6:2:7:3:0|P7:10:6:1:0,"0,1,0,3",0.0
A0:8:4:2|A1:7:0:1|A2:2:5:1|A3:5:7:1$P4:5:5:2:0|P5:8:3:1:1|P6:2:7:3:0|P7:10:6:1:0,"1,2,0,1",0.0
A0:8:4:2|A1:7:0:1|A2:2:5:1|A3:5:7:1$P4:5:5:2:0|P5:8:3:1:1|P6:2:7:3:0|P7:10:6:1:0,"3,2,2,0",0.0
A0:8:4:2|A1:7:0:1|A2:2:5:1|A3:5:7:1$P4:5:5:2:0|P5:8:3:1:1|P6:2:7:3:0|P7:10:6:1:0,"1,2,3,2",0.0
A0:8:4:2|A1:7:0:1|A2:2:5:1|A3:5:7:1$P4:5:5:2:0|P5:8:3:1:1|P6:2:7:3:0|P7:10:6:1:0,"1,3,2,0",0.0
A0:8:4:2|A1:7:0:1|A2:2:5:1|A3:5:7:1$P4:5:5:2:0|P5:8:3:1:1|P6:2:7:3:0|P7:10:6:1:0,"1,0,1,1",0.0
A0:8:4:2|A1:7:0:1|A2:2:5:1|A3:5:7:1$P4:5:5:2:0|P5:8:3:1:1|P6:2:7:3:0|P7:10:6:1:0,"1,3,3,0",0.0
A0:8:4:2|A1:7:0:1|A2:2:5:1|A3:5:7:1$P4:5:5:2:0|P5:8:3:1:1|P6:2:7:3:0|P7:10:6:1:0,"2,1,2,3",0.0
A0:8:4:2|A1:7:0:1|A2:2:5:1|A3:5:7:1$P4:5:5:2:0|P5:8:3:1:1|P6:2:7:3:0|P7:10:6:1:0,"2,2,2,1",0.0
A0:8:4:2|A1:7:0:1|A2:2:5:1|A3:5:7:1$P4:5:5:2:0|P5:8:3:1:1|P6:2:7:3:0|P7:10:6:1:0,"2,0,2,0",0.0
A0:8:4:2|A1:7:0:1|A2:2:5:1|A3:5:7:1$P4:5:5:2:0|P5:8:3:1:1|P6:2:7:3:0|P7:10:6:1:0,"3,2,0,2",0.0
A0:8:3:2|A1:7:0:1|A2:3:5:1|A3:5:7:1$P4:5:5:2:0|P5:8:3:1:1|P6:2:7:3:0|P7:10:6:1:0,"2,0,0,2",0.0
A0:8:3:2|A1:8:0:1|A2:3:5:1|A3:5:8:1$P4:5:5:2:0|P5:8:3:1:1|P6:2:7:3:0|P7:10:6:1:0,"3,2,1,1",0.0
A0:8:3:2|A1:8:0:1|A2:3:5:1|A3:5:8:1$P4:5:5:2:0|P5:8:3:1:1|P6:2:7:3:0|P7:10:6:1:0,"1,1,2,2",0.0
A0:8:3:2|A1:8:0:1|A2:3:5:1|A3:5:8:1$P4:5:5:2:0|P5:8:3:1:1|P6:2:7:3:0|P7:10:6:1:0,"2,0,1,3",0.0
A0:8:3:2|A1:8:0:1|A2:3:5:1|A3:5:8:1$P4:5:5:2:0|P5:8:3:1:1|P6:2:7:3:0|P7:10:6:1:0,"0,0,0,0",0.0
A0:8:3:2|A1:8:0:1|A2:3:5:1|A3:5:8:1$P4:5:5:2:0|P5:8:3:1:1|P6:2:7:3:0|P7:10:6:1:0,"0,2,1,3",0.0
A0:8:3:2|A1:8:0:1|A2:3:5:1|A3:5:8:1$P4:5:5:2:0|P5:8:3:1:1|P6:2:7:3:0|P7:10:6:1:0,"0,0,2,2",0.0
A0:8:3:2|A1:8:0:1|A2:3:5:1|A3:5:8:1$P4:5:5:2:0|P5:8:3:1:1|P6:2:7:3:0|P7:10:6:1:0,"1,1,0,2",0.0
A0:8:3:2|A1:8:0:1|A2:3:5:1|A3:5:8:1$P4:5:5:2:0|P5:8:3:1:1|P6:2:7:3:0|P7:10:6:1:0,"1,2,2,0",0.0
A0:8:3:2|A1:8:0:1|A2:3:5:1|A3:5:8:1$P4:5:5:2:0|P5:8:3:1:1|P6:2:7:3:0|P7:10:6:1:0,"2,3,0,2",0.0
A0:8:3:2|A1:8:0:1|A2:3:5:1|A3:5:8:1$P4:5:5:2:0|P5:8:3:1:1|P6:2:7:3:0|P7:10:6:1:0,"3,0,2,1",0.0
A0:8:4:2|A1:8:0:1|A2:2:5:1|A3:5:8:1$P4:5:5:2:0|P5:8:3:1:1|P6:2:7:3:0|P7:10:6:1:0,"0,1,1,1",0.0
A0:8:4:2|A1:8:1:1|A2:2:5:1|A3:4:8:1$P4:5:5:2:0|P5:8:3:1:1|P6:2:7:3:0|P7:10:6:1:0,"1,0,2,1",0.0
A0:8:4:2|A1:8:1:1|A2:2:5:1|A3:4:8:1$P4:5:5:2:0|P5:8:3:1:1|P6:2:7:3:0|P7:10:6:1:0,"2,2,0,0",0.0
A0:8:4:2|A1:8:1:1|A2:2:5:1|A3:4:8:1$P4:5:5:2:0|P5:8:3:1:1|P6:2:7:3:0|P7:10:6:1:0,"2,3,0,3",0.0
A0:8:4:2|A1:8:1:1|A2:2:5:1|A3:4:8:1$P4:5:5:2:0|P5:8:3:1:1|P6:2:7:3:0|P7:10:6:1:0,"1,3,2,3",0.0
A0:8:4:2|A1:8:1:1|A2:2:5:1|A3:4:8:1$P4:5:5:2:0|P5:8:3:1:1|P6:2:7:3:0|P7:10:6:1:0,"0,1,0,0",0.0
A0:8:4:2|A1:8:1:1|A2:2:5:1|A3:4:8:1$P4:5:5:2:0|P5:8:3:1:1|P6:2:7:3:0|P7:10:6:1:0,"1,3,1,3",0.0
A0:8:4:2|A1:8:1:1|A2:2:5:1|A3:4:8:1$P4:5:5:2:0|P5:8:3:1:1|P6:2:7:3:0|P7:10:6:1:0,"0,0,1,2",0.0
A0:8:4:2|A1:8:1:1|A2:2:5:1|A3:4:8:1$P4:5:5:2:0|P5:8:3:1:1|P6:2:7:3:0|P7:10:6:1:0,"3,1,3,3",0.0
A0:8:4:2|A1:8:1:1|A2:2:5:1|A3:4:8:1$P4:5:5:2:0|P5:8:3:1:1|P6:2:7:3:0|P7:10:6:1:0,"0,0,1,1",0.0
A0:8:4:2|A1:8:1:1|A2:2:5:1|A3:4:8:1$P4:5:5:2:0|P5:8:3:1:1|P6:2:7:3:0|P7:10:6:1:0,"1,2,2,1",0.0
A0:7:4:2|A1:9:1:1|A2:2:6:1|A3:5:8:1$P4:5:5:2:0|P5:8:3:1:1|P6:2:7:3:0|P7:10:6:1:0,"2,1,3,2",0.0
A0:7:4:2|A1:9:1:1|A2:2:6:1|A3:5:8:1$P4:5:5:2:0|P5:8:3:1:1|P6:2:7:3:0|P7:10:6:1:0,"0,3,3,3",0.0
A0:7:4:2|A1:9:1:1|A2:2:6:1|A3:5:8:1$P4:5:5:2:0|P5:8:3:1:1|P6:2:7:3:0|P7:10:6:1:0,"2,3,0,0",0.0
A0:7:4:2|A1:9:1:1|A2:2:6:1|A3:5:8:1$P4:5:5:2:0|P5:8:3:1:1|P6:2:7:3:0|P7:10:6:1:0,"3,2,0,3",0.0
A0:7:4:2|A1:9:1:1|A2:2:6:1|A3:5:8:1$P4:5:5:2:0|P5:8:3:1:1|P6:2:7:3:0|P7:10:6:1:0,"1,3,3,2",0.0
A0:7:4:2|A1:9:1:1|A2:2:6:1|A3:5:8:1$P4:5:5:2:0|P5:8:3:1:1|P6:2:7:3:0|P7:10:6:1:0,"3,2,3,3",0.0
A0:7:4:2|A1:9:1:1|A2:2:6:1|A3:5:8:1$P4:5:5:2:0|P5:8:3:1:1|P6:2:7:3:0|P7:10:6:1:0,"2,2,0,1",0.0
A0:7:4:2|A1:9:1:1|A2:2:6:1|A3:5:8:1$P4:5:5:2:0|P5:8:3:1:1|P6:2:7:3:0|P7:10:6:1:0,"3,0,1,0",0.0
A0:7:4:2|A1:9:1:1|A2:2:6:1|A3:5:8:1$P4:5:5:2:0|P5:8:3:1:1|P6:2:7:3:0|P7:10:6:1:0,"1,1,2,3",0.0
A0:7:4:2|A1:9:1:1|A2:2:6:1|A3:5:8:1$P4:5:5:2:0|P5:8:3:1:1|P6:2:7:3:0|P7:10:6:1:0,"2,1,3,0",0.0
A0:7:4:2|A1:9:1:1|A2:3:6:1|A3:5:8:1$P4:5:5:2:0|P5:8:3:1:1|P6:2:7:3:0|P7:10:6:1:0,"0,0,3,1",0.0
A0:8:4:2|A1:8:1:1|A2:3:6:1|A3:6:8:1$P4:5:5:2:0|P5:8:3:1:1|P6:2:7:3:0|P7:10:6:1:0,"1,2,0,0",0.0
A0:8:4:2|A1:8:1:1|A2:3:6:1|A3:6:8:1$P4:5:5:2:0|P5:8:3:1:1|P6:2:7:3:0|P7:10:6:1:0,"3,3,3,3",0.0
A0:8:4:2|A1:8:1:1|A2:3:6:1|A3:6:8:1$P4:5:5:2:0|P5:8:3:1:1|P6:2:7:3:0|P7:10:6:1:0,"1,0,0,1",0.0
A0:8:4:2|A1:8:1:1|A2:3:6:1|A3:6:8:1$P4:5:5:2:0|P5:8:3:1:1|P6:2:7:3:0|P7:10:6:1:0,"0,2,2,2",0.0
A0:8:4:2|A1:8:1:1|A2:3:6:1|A3:6:8:1$P4:5:5:2:0|P5:8:3:1:1|P6:2:7:3:0|P7:10:6:1:0,"3,3,3,1",0.0
A0:8:4:2|A1:8:1:1|A2:3:6:1|A3:6:8:1$P4:5:5:2:0|P5:8:3:1:1|P6:2:7:3:0|P7:10:6:1:0,"1,0,1,0",0.0
A0:8:4:2|A1:8:1:1|A2:3:6:1|A3:6:8:1$P4:5:5:2:0|P5:8:3:1:1|P6:2:7:3:0|P7:10:6:1:0,"2,2,2,1",0.0
A0:8:4:2|A1:8:1:1|A2:3:6:1|A3:6:8:1$P4:5:5:2:0|P5:8:3:1:1|P6:2:7:3:0|P7:10:6:1:0,"3,0,2,3",0.0
A0:8:4:2|A1:8:1:1|A2:3:6:1|A3:6:8:1$P4:5:5:2:0|P5:8:3:1:1|P6:2:7:3:0|P7:10:6:1:0,"2,3,1,2",0.0
A0:8:4:2|A1:8:1:1|A2:3:6:1|A3:6:8:1$P4:5:5:2:0|P5:8:3:1:1|P6:2:7:3:0|P7:10:6:1:0,"2,2,0,3",0.0
A0:8:3:2|A1:8:2:1|A2:3:6:1|A3:6:8:1$P4:5:5:2:0|P5:8:3:1:1|P6:2:7:3:0|P7:10:6:1:0,"2,1,0,3",0.0
A0:8:3:2|A1:8:2:1|A2:3:5:1|A3:6:7:1$P4:5:5:2:0|P5:8:3:1:1|P6:2:7:3:0|P7:10:6:1:0,"1,3,0,1",0.0
A0:8:3:2|A1:8:2:1|A2:3:5:1|A3:6:7:1$P4:5:5:2:0|P5:8:3:1:1|P6:2:7:3:0|P7:10:6:1:0,"1,2,3,2",0.0
A0:8:3:2|A1:8:2:1|A2:3:5:1|A3:6:7:1$P4:5:5:2:0|P5:8:3:1:1|P6:2:7:3:0|P7:10:6:1:0,"2,3,3,3",0.0
A0:8:3:2|A1:8:2:1|A2:3:5:1|A3:6:7:1$P4:5:5:2:0|P5:8:3:1:1|P6:2:7:3:0|P7:10:6:1:0,"0,2,2,1",0.0
A0:8:3:2|A1:8:2:1|A2:3:5:1|A3:6:7:1$P4:5:5:2:0|P5:8:3:1:1|P6:2:7:3:0|P7:10:6:1:0,"2,1,2,1",0.0
A0:8:3:2|A1:8:2:1|A2:3:5:1|A3:6:7:1$P4:5:5:2:0|P5:8:3:1:1|P6:2:7:3:0|P7:10:6:1:0,"3,0,1,2",0.0
A0:8:3:2|A1:8:2:1|A2:3:5:1|A3:6:7:1$P4:5:5:2:0|P5:8:3:1:1|P6:2:7:3:0|P7:10:6:1:0,"3,0,0,2",0.0
A0:8:3:2|A1:8:2:1|A2:3:5:1|A3:6:7:1$P4:5:5:2:0|P5:8:3:1:1|P6:2:7:3:0|P7:10:6:1:0,"1,1,0,3",0.0
A0:8:3:2|A1:8:2:1|A2:3:5:1|A3:6:7:1$P4:5:5:2:0|P5:8:3:1:1|P6:2:7:3:0|P7:10:6:1:0,"3,3,0,3",0.0
A0:8:3:2|A1:8:1:1|A2:3:5:1|A3:6:7:1$P4:5:5:2:0|P5:8:3:1:1|P6:2:7:3:0|P7:10:6:1:0,"3,3,0,1",0.0
A0:9:3:2|A1:8:1:1|A2:3:4:1|A3:5:7:1$P4:5:5:2:0|P5:8:3:1:1|P6:2:7:3:0|P7:10:6:1:0,"3,0,2,1",0.0
A0:9:3:2|A1:8:1:1|A2:3:4:1|A3:5:7:1$P4:5:5:2:0|P5:8:3:1:1|P6:2:7:3:0|P7:10:6:1:0,"1,2,1,0",0.0
A0:9:3:2|A1:8:1:1|A2:3:4:1|A3:5:7:1$P4:5:5:2:0|P5:8:3:1:1|P6:2:7:3:0|P7:10:6:1:0,"0,0,3,0",0.0
A0:9:3:2|A1:8:1:1|A2:3:4:1|A3:5:7:1$P4:5:5:2:0|P5:8:3:1:1|P6:2:7:3:0|P7:10:6:1:0,"3,2,2,2",0.0
A0:9:3:2|A1:8:1:1|A2:3:4:1|A3:5:7:1$P4:5:5:2:0|P5:8:3:1:1|P6:2:7:3:0|P7:10:6:1:0,"2,0,2,2",0.0
A0:9:3:2|A1:8:1:1|A2:3:4:1|A3:5:7:1$P4:5:5:2:0|P5:8:3:1:1|P6:2:7:3:0|P7:10:6:1:0,"1,1,1,1",0.0
A0:9:3:2|A1:8:1:1|A2:3:4:1|A3:5:7:1$P4:5:5:2:0|P5:8:3:1:1|P6:2:7:3:0|P7:10:6:1:0,"0,1,3,3",0.0
A0:9:3:2|A1:8:1:1|A2:3:4:1|A3:5:7:1$P4:5:5:2:0|P5:8:3:1:1|P6:2:7:3:0|P7:10:6:1:0,"3,0,2,0",0.0
A0:9:3:2|A1:8:1:1|A2:3:4:1|A3:5:7:1$P4:5:5:2:0|P5:8:3:1:1|P6:2:7:3:0|P7:10:6:1:0,"1,1,0,2",0.0
A0:9:3:2|A1:8:1:1|A2:3:4:1|A3:5:7:1$P4:5:5:2:0|P5:8:3:1:1|P6:2:7:3:0|P7:10:6:1:0,"0,2,2,2",0.0
A0:9:2:2|A1:8:1:1|A2:3:3:1|A3:5:7:1$P4:5:5:2:0|P5:8:3:1:1|P6:2:7:3:0|P7:10:6:1:0,"3,0,0,2",0.0
A0:9:2:2|A1:8:0:1|A2:3:3:1|A3:5:6:1$P4:5:5:2:0|P5:8:3:1:1|P6:2:7:3:0|P7:10:6:1:0,"0,3,2,0",0.0
A0:9:2:2|A1:8:0:1|A2:3:3:1|A3:5:6:1$P4:5:5:2:0|P5:8:3:1:1|P6:2:7:3:0|P7:10:6:1:0,"0,1,3,1",0.0
A0:9:2:2|A1:8:0:1|A2:3:3:1|A3:5:6:1$P4:5:5:2:0|P5:8:3:1:1|P6:2:7:3:0|P7:10:6:1:0,"0,1,2,3",0.0
A0:9:2:2|A1:8:0:1|A2:3:3:1|A3:5:6:1$P4:5:5:2:0|P5:8:3:1:1|P6:2:7:3:0|P7:10:6:1:0,"3,2,3,0",0.0
A0:9:2:2|A1:8:0:1|A2:3:3:1|A3:5:6:1$P4:5:5:2:0|P5:8:3:1:1|P6:2:7:3:0|P7:10:6:1:0,"0,3,3,0",0.0
A0:9:2:2|A1:8:0:1|A2:3:3:1|A3:5:6:1$P4:5:5:2:0|P5:8:3:1:1|P6:2:7:3:0|P7:10:6:1:0,"2,0,2,3",0.0
A0:9:2:2|A1:8:0:1|A2:3:3:1|A3:5:6:1$P4:5:5:2:0|P5:8:3:1:1|P6:2:7:3:0|P7:10:6:1:0,"2,2,2,2",0.0
A0:9:2:2|A1:8:0:1|A2:3:3:1|A3:5:6:1$P4:5:5:2:0|P5:8:3:1:1|P6:2:7:3:0|P7:10:6:1:0,"2,0,1,3",0.0
A0:9:2:2|A1:8:0:1|A2:3:3:1|A3:5:6:1$P4:5:5:2:0|P5:8:3:1:1|P6:2:7:3:0|P7:10:6:1:0,"0,1,1,1",0.0
A0:9:2:2|A1:8:0:1|A2:3:3:1|A3:5:6:1$P4:5:5:2:0|P5:8:3:1:1|P6:2:7:3:0|P7:10:6:1:0,"3,1,3,3",0.0
A0:9:2:2|A1:8:0:1|A2:2:3:1|A3:5:6:1$P4:5:5:2:0|P5:8:3:1:1|P6:2:7:3:0|P7:10:6:1:0,"2,0,2,3",0.0
A0:8:2:2|A1:8:1:1|A2:2:3:1|A3:6:6:1$P4:5:5:2:0|P5:8:3:1:1|P6:2:7:3:0|P7:10:6:1:0,"0,3,3,2",0.0
A0:8:2:2|A1:8:1:1|A2:2:3:1|A3:6:6:1$P4:5:5:2:0|P5:8:3:1:1|P6:2:7:3:0|P7:10:6:1:0,"0,3,2,0",0.0
A0:8:2:2|A1:8:1:1|A2:2:3:1|A3:6:6:1$P4:5:5:2:0|P5:8:3:1:1|P6:2:7:3:0|P7:10:6:1:0,"3,2,3,0",0.0
A0:8:2:2|A1:8:1:1|A2:2:3:1|A3:6:6:1$P4:5:5:2:0|P5:8:3:1:1|P6:2:7:3:0|P7:10:6:1:0,"2,0,3,3",0.0
A0:8:2:2|A1:8:1:1|A2:2:3:1|A3:6:6:1$P4:5:5:2:0|P5:8:3:1:1|P6:2:7:3:0|P7:10:6:1:0,"2,3,1,3",0.0
A0:8:2:2|A1:8:1:1|A2:2:3:1|A3:6:6:1$P4:5:5:2:0|P5:8:3:1:1|P6:2:7:3:0|P7:10:6:1:0,"0,3,1,1",0.0
A0:8:2:2|A1:8:1:1|A2:2:3:1|A3:6:6:1$P4:5:5:2:0|P5:8:3:1:1|P6:2:7:3:0|P7:10:6:1:0,"3,2,0,3",0.0
A0:8:2:2|A1:8:1:1|A2:2:3:1|A3:6:6:1$P4:5:5:2:0|P5:8:3:1:1|P6:2:7:3:0|P7:10:6:1:0,"0,1,0,0",0.0
A0:8:2:2|A1:8:1:1|A2:2:3:1|A3:6:6:1$P4:5:5:2:0|P5:8:3:1:1|P6:2:7:3:0|P7:10:6:1:0,"0,3,3,0",0.0
A0:8:3:2|A1:8:1:1|A2:2:2:1|A3:6:6:1$P4:5:5:2:0|P5:8:3:1:1|P6:2:7:3:0|P7:10:6:1:0,"2,1,0,0",0.0
A0:8:3:2|A1:9:1:1|A2:2:2:1|A3:6:5:1$P4:5:5:2:0|P5:8:3:1:1|P6:2:7:3:0|P7:10:6:1:0,"1,1,3,1",0.0
A0:8:3:2|A1:9:1:1|A2:2:2:1|A3:6:5:1$P4:5:5:2:0|P5:8:3:1:1|P6:2:7:3:0|P7:10:6:1:0,"3,0,2,3",0.0
A0:8:3:2|A1:9:1:1|A2:2:2:1|A3:6:5:1$P4:5:5:2:0|P5:8:3:1:1|P6:2:7:3:0|P7:10:6:1:0,"2,1,0,0",0.0
A0:8:3:2|A1:9:1:1|A2:2:2:1|A3:6:5:1$P4:5:5:2:0|P5:8:3:1:1|P6:2:7:3:0|P7:10:6:1:0,"3,0,1,1",0.0
A0:8:3:2|A1:9:1:1|A2:2:2:1|A3:6:5:1$P4:5:5:2:0|P5:8:3:1:1|P6:2:7:3:0|P7:10:6:1:0,"2,0,1,3",0.0
A0:8:3:2|A1:9:1:1|A2:2:2:1|A3:6:5:1$P4:5:5:2:0|P5:8:3:1:1|P6:2:7:3:0|P7:10:6:1:0,"3,1,3,3",0.0
A0:8:3:2|A1:9:1:1|A2:2:2:1|A3:6:5:1$P4:5:5:2:0|P5:8:3:1:1|P6:2:7:3:0|P7:10:6:1:0,"1,3,3,3",0.0
A0:8:3:2|A1:9:1:1|A2:2:2:1|A3:6:5:1$P4:5:5:2:0|P5:8:3:1:1|P6:2:7:3:0|P7:10:6:1:0,"1,2,0,0",0.0
A0:8:3:2|A1:9:1:1|A2:2:2:1|A3:6:5:1$P4:5:5:2:0|P5:8:3:1:1|P6:2:7:3:0|P7:10:6:1:0,"3,2,0,0",0.0
A0:8:3:2|A1:9:1:1|A2:2:2:1|A3:6:5:1$P4:5:5:2:0|P5:8:3:1:1|P6:2:7:3:0|P7:10:6:1:0,"3,0,1,2",0.0
A0:8:3:2|A1:9:1:1|A2:3:2:1|A3:6:5:1$P4:5:5:2:0|P5:8:3:1:1|P6:2:7:3:0|P7:10:6:1:0,"0,1,2,0",0.0
A0:9:3:2|A1:9:0:1|A2:3:2:1|A3:7:5:1$P4:5:5:2:0|P5:8:3:1:1|P6:2:7:3:0|P7:10:6:1:0,"1,1,2,0",0.0
A0:9:3:2|A1:9:0:1|A2:3:2:1|A3:7:5:1$P4:5:5:2:0|P5:8:3:1:1|P6:2:7:3:0|P7:10:6:1:0,"1,0,0,0",0.0
A0:9:3:2|A1:9:0:1|A2:3:2:1|A3:7:5:1$P4:5:5:2:0|P5:8:3:1:1|P6:2:7:3:0|P7:10:6:1:0,"1,2,1,3",0.0
A0:9:3:2|A1:9:0:1|A2:3:2:1|A3:7:5:1$P4:5:5:2:0|P5:8:3:1:1|P6:2:7:3:0|P7:10:6:1:0,"2,3,1,3",0.0
A0:9:3:2|A1:9:0:1|A2:3:2:1|A3:7:5:1$P4:5:5:2:0|P5:8:3:1:1|P6:2:7:3:0|P7:10:6:1:0,"3,0,0,1",0.0
A0:9:3:2|A1:9:0:1|A2:3:2:1|A3:7:5:1$P4:5:5:2:0|P5:8:3:1:1|P6:2:7:3:0|P7:10:6:1:0,"3,3,2,0",0.0
A0:9:3:2|A1:9:0:1|A2:3:2:1|A3:7:5:1$P4:5:5:2:0|P5:8:3:1:1|P6:2:7:3:0|P7:10:6:1:0,"3,1,2,2",0.0
A0:9:3:2|A1:9:0:1|A2:3:2:1|A3:7:5:1$P4:5:5:2:0|P5:8:3:1:1|P6:2:7:3:0|P7:10:6:1:0,"3,3,2,1",0.0
A0:9:3:2|A1:9:0:1|A2:3:2:1|A3:7:5:1$P4:5:5:2:0|P5:8:3:1:1|P6:2:7:3:0|P7:10:6:1:0,"0,3,2,3",0.0
A0:9:3:2|A1:9:0:1|A2:3:2:1|A3:7:5:1$P4:5:5:2:0|P5:8:3:1:1|P6:2:7:3:0|P7:10:6:1:0,"0,2,1,1",0.0
A0:9:3:2|A1:9:0:1|A2:2:2:1|A3:7:5:1$P4:5:5:2:0|P5:8:3:1:1|P6:2:7:3:0|P7:10:6:1:0,"0,1,3,2",0.0
A0:10:3:2|A1:10:0:1|A2:2:2:1|A3:7:6:1$P4:5:5:2:0|P5:8:3:1:1|P6:2:7:3:0|P7:10:6:1:0,"0,1,0,2",0.0
A0:10:3:2|A1:10:0:1|A2:2:2:1|A3:7:6:1$P4:5:5:2:0|P5:8:3:1:1|P6:2:7:3:0|P7:10:6:1:0,"2,1,3,1",0.0
A0:10:3:2|A1:10:0:1|A2:2:2:1|A3:7:6:1$P4:5:5:2:0|P5:8:3:1:1|P6:2:7:3:0|P7:10:6:1:0,"0,3,2,3",0.0
A0:10:3:2|A1:10:0:1|A2:2:2:1|A3:7:6:1$P4:5:5:2:0|P5:8:3:1:1|P6:2:7:3:0|P7:10:6:1:0,"3,2,0,1",0.0
A0:10:3:2|A1:10:0:1|A2:2:2:1|A3:7:6:1$P4:5:5:2:0|P5:8:3:1:1|P6:2:7:3:0|P7:10:6:1:0,"0,1,1,2",0.0
A0:10:3:2|A1:10:0:1|A2:2:2:1|A3:7:6:1$P4:5:5:2:0|P5:8:3:1:1|P6:2:7:3:0|P7:10:6:1:0,"1,2,2,1",0.0
A0:10:3:2|A1:10:0:1|A2:2:2:1|A3:7:6:1$P4:5:5:2:0|P5:8:3:1:1|P6:2:7:3:0|P7:10:6:1:0,"3,2,3,0",0.0
A0:10:3:2|A1:10:0:1|A2:2:2:1|A3:7:6:1$P4:5:5:2:0|P5:8:3:1:1|P6:2:7:3:0|P7:10:6:1:0,"0,0,1,2",0.0
A0:10:3:2|A1:10:0:1|A2:2:2:1|A3:7:6:1$P4:5:5:2:0|P5:8:3:1:1|P6:2:7:3:0|P7:10:6:1:0,"0,3,2,1",0.0
A0:10:3:2|A1:10:0:1|A2:2:2:1|A3:7:6:1$P4:5:5:2:0|P5:8:3:1:1|P6:2:7:3:0|P7:10:6:1:0,"2,2,3,0",0.0
A0:10:2:2|A1:10:0:1|A2:1:2:1|A3:7:6:1$P4:5:5:2:0|P5:8:3:1:1|P6:2:7:3:0|P7:10:6:1:0,"2,3,0,0",0.0
A0:10:2:2|A1:9:0:1|A2:1:2:1|A3:7:5:1$P4:5:5:2:0|P5:8:3:1:1|P6:2:7:3:0|P7:10:6:1:0,"0,1,0,3",0.0
A0:10:2:2|A1:9:0:1|A2:1:2:1|A3:7:5:1$P4:5:5:2:0|P5:8:3:1:1|P6:2:7:3:0|P7:10:6:1:0,"3,2,2,1",0.0
A0:10:2:2|A1:9:0:1|A2:1:2:1|A3:7:5:1$P4:5:5:2:0|P5:8:3:1:1|P6:2:7:3:0|P7:10:6:1:0,"3,2,3,3",0.0
A0:10:2:2|A1:9:0:1|A2:1:2:1|A3:7:5:1$P4:5:5:2:0|P5:8:3:1:1|P6:2:7:3:0|P7:10:6:1:0,"2,0,0,1",0.0
A0:10:2:2|A1:9:0:1|A2:1:2:1|A3:7:5:1$P4:5:5:2:0|P5:8:3:1:1|P6:2:7:3:0|P7:10:6:1:0,"2,3,1,2",0.0
A0:10:2:2|A1:9:0:1|A2:1:2:1|A3:7:5:1$P4:5:5:2:0|P5:8:3:1:1|P6:2:7:3:0|P7:10:6:1:0,"3,1,2,3",0.0
A0:10:2:2|A1:9:0:1|A2:1:2:1|A3:7:5:1$P4:5:5:2:0|P5:8:3:1:1|P6:2:7:3:0|P7:10:6:1:0,"0,3,1,3",0.0
A0:10:2:2|A1:9:0:1|A2:1:2:1|A3:7:5:1$P4:5:5:2:0|P5:8:3:1:1|P6:2:7:3:0|P7:10:6:1:0,"0,1,0,1",0.0
A0:10:2:2|A1:9:0:1|A2:1:2:1|A3:7:5:1$P4:5:5:2:0|P5:8:3:1:1|P6:2:7:3:0|P7:10:6:1:0,"1,1,3,0",0.0
A0:10:2:2|A1:9:0:1|A2:1:2:1|A3:7:5:1$P4:5:5:2:0|P5:8:3:1:1|P6:2:7:3:0|P7:10:6:1:0,"2,2,2,1",0.0
A0:10:2:2|A1:9:0:1|A2:1:2:1|A3:7:5:1$P4:5:5:2:0|P5:8:3:1:1|P6:2:7:3:0|P7:10:6:1:0,"2,1,2,3",0.0
A0:11:2:2|A1:8:0:1|A2:0:2:1|A3:8:5:1$P4:5:5:2:0|P5:8:3:1:1|P6:2:7:3:0|P7:10:6:1:0,"3,3,0,2",0.0
A0:11:2:2|A1:8:0:1|A2:0:2:1|A3:8:5:1$P4:5:5:2:0|P5:8:3:1:1|P6:2:7:3:0|P7:10:6:1:0,"1,3,0,2",0.0
A0:11:2:2|A1:8:0:1|A2:0:2:1|A3:8:5:1$P4:5:5:2:0|P5:8:3:1:1|P6:2:7:3:0|P7:10:6:1:0,"0,3,0,1",0.0
A0:11:2:2|A1:8:0:1|A2:0:2:1|A3:8:5:1$P4:5:5:2:0|P5:8:3:1:1|P6:2:7:3:0|P7:10:6:1:0,"0,3,1,3",0.0
A0:11:2:2|A1:8:0:1|A2:0:2:1|A3:8:5:1$P4:5:5:2:0|P5:8:3:1:1|P6:2:7:3:0|P7:10:6:1:0,"0,0,2,0",0.0
A0:11:2:2|A1:8:0:1|A2:0:2:1|A3:8:5:1$P4:5:5:2:0|P5:8:3:1:1|P6:2:7:3:0|P7:10:6:1:0,"0,2,0,0",0.0
A0:11:2:2|A1:8:0:1|A2:0:2:1|A3:8:5:1$P4:5:5:2:0|P5:8:3:1:1|P6:2:7:3:0|P7:10:6:1:0,"2,2,0,0",0.0
A0:11:2:2|A1:8:0:1|A2:0:2:1|A3:8:5:1$P4:5:5:2:0|P5:8:3:1:1|P6:2:7:3:0|P7:10:6:1:0,"3,3,0,1",0.0
A0:11:2:2|A1:8:0:1|A2:0:2:1|A3:8:5:1$P4:5:5:2:0|P5:8:3:1:1|P6:2:7:3:0|P7:10:6:1:0,"3,1,3,3",0.0
A0:11:2:2|A1:8:0:1|A2:0:2:1|A3:8:5:1$P4:5:5:2:0|P5:8:3:1:1|P6:2:7:3:0|P7:10:6:1:0,"0,0,3,1",0.0
A0:11:3:2|A1:8:0:1|A2:0:3:1|A3:8:5:1$P4:5:5:2:0|P5:8:3:1:1|P6:2:7:3:0|P7:10:6:1:0,"1,0,0,1",0.0
A0:11:3:2|A1:7:0:1|A2:0:3:1|A3:8:6:1$P4:5:5:2:0|P5:8:3:1:1|P6:2:7:3:0|P7:10:6:1:0,"3,2,0,1",0.0
A0:11:3:2|A1:7:0:1|A2:0:3:1|A3:8:6:1$P4:5:5:2:0|P5:8:3:1:1|P6:2:7:3:0|P7:10:6:1:0,"3,0,1,0",0.0
A0:11:3:2|A1:7:0:1|A2:0:3:1|A3:8:6:1$P4:5:5:2:0|P5:8:3:1:1|P6:2:7:3:0|P7:10:6:1:0,"3,3,2,3",0.0
A0:11:3:2|A1:7:0:1|A2:0:3:1|A3:8:6:1$P4:5:5:2:0|P5:8:3:1:1|P6:2:7:3:0|P7:10:6:1:0,"2,1,3,2",0.0
A0:11:3:2|A1:7:0:1|A2:0:3:1|A3:8:6:1$P4:5:5:2:0|P5:8:3:1:1|P6:2:7:3:0|P7:10:6:1:0,"0,0,1,1",0.0
A0:11:3:2|A1:7:0:1|A2:0:3:1|A3:8:6:1$P4:5:5:2:0|P5:8:3:1:1|P6:2:7:3:0|P7:10:6:1:0,"3,1,0,1",0.0
A0:11:3:2|A1:7:0:1|A2:0:3:1|A3:8:6:1$P4:5:5:2:0|P5:8:3:1:1|P6:2:7:3:0|P7:10:6:1:0,"0,3,3,2",0.0
A0:11:3:2|A1:7:0:1|A2:0:3:1|A3:8:6:1$P4:5:5:2:0|P5:8:3:1:1|P6:2:7:3:0|P7:10:6:1:0,"3,2,1,1",0.0
A0:11:3:2|A1:7:0:1|A2:0:3:1|A3:8:6:1$P4:5:5:2:0|P5:8:3:1:1|P6:2:7:3:0|P7:10:6:1:0,"1,2,3,1",0.0
A0:11:3:2|A1:7:0:1|A2:0:3:1|A3:8:6:1$P4:5:5:2:0|P5:8:3:1:1|P6:2:7:3:0|P7:10:6:1:0,"3,3,1,3",0.0
A0:11:3:2|A1:7:0:1|A2:0:4:1|A3:8:6:1$P4:5:5:2:0|P5:8:3:1:1|P6:2:7:3:0|P7:10:6:1:0,"0,0,1,3",0.0
A0:12:3:2|A1:6:0:1|A2:0:4:1|A3:8:5:1$P4:5:5:2:0|P5:8:3:1:1|P6:2:7:3:0|P7:10:6:1:0,"0,2,3,2",0.0
A0:12:3:2|A1:6:0:1|A2:0:4:1|A3:8:5:1$P4:5:5:2:0|P5:8:3:1:1|P6:2:7:3:0|P7:10:6:1:0,"1,2,0,2",0.0
A0:12:3:2|A1:6:0:1|A2:0:4:1|A3:8:5:1$P4:5:5:2:0|P5:8:3:1:1|P6:2:7:3:0|P7:10:6:1:0,"0,0,2,2",0.0
A0:12:3:2|A1:6:0:1|A2:0:4:1|A3:8:5:1$P4:5:5:2:0|P5:8:3:1:1|P6:2:7:3:0|P7:10:6:1:0,"2,1,0,0",0.0
A0:12:3:2|A1:6:0:1|A2:0:4:1|A3:8:5:1$P4:5:5:2:0|P5:8:3:1:1|P6:2:7:3:0|P7:10:6:1:0,"3,2,2,0",0.0
A0:12:3:2|A1:6:0:1|A2:0:4:1|A3:8:5:1$P4:5:5:2:0|P5:8:3:1:1|P6:2:7:3:0|P7:10:6:1:0,"1,3,0,2",0.0
A0:12:3:2|A1:6:0:1|A2:0:4:1|A3:8:5:1$P4:5:5:2:0|P5:8:3:1:1|P6:2:7:3:0|P7:10:6:1:0,"0,0,3,1",0.0
A0:12:3:2|A1:6:0:1|A2:0:4:1|A3:8:5:1$P4:5:5:2:0|P5:8:3:1:1|P6:2:7:3:0|P7:10:6:1:0,"1,2,1,3",0.0
A0:12:3:2|A1:6:0:1|A2:0:4:1|A3:8:5:1$P4:5:5:2:0|P5:8:3:1:1|P6:2:7:3:0|P7:10:6:1:0,"1,2,3,3",0.0
A0:12:3:2|A1:6:0:1|A2:0:4:1|A3:8:5:1$P4:5:5:2:0|P5:8:3:1:1|P6:2:7:3:0|P7:10:6:1:0,"2,3,1,2",0.0
A0:12:2:2|A1:6:0:1|A2:0:4:1|A3:8:5:1$P4:5:5:2:0|P5:8:3:1:1|P6:2:7:3:0|P7:10:6:1:0,"3,0,1,0",0.0
A0:12:2:2|A1:7:0:1|A2:0:5:1|A3:7:5:1$P4:5:5:2:0|P5:8:3:1:1|P6:2:7:3:0|P7:10:6:1:0,"1,1,2,3",0.0
A0:12:2:2|A1:7:0:1|A2:0:5:1|A3:7:5:1$P4:5:5:2:0|P5:8:3:1:1|P6:2:7:3:0|P7:10:6:1:0,"3,0,3,1",0.0
A0:12:2:2|A1:7:0:1|A2:0:5:1|A3:7:5:1$P4:5:5:2:0|P5:8:3:1:1|P6:2:7:3:0|P7:10:6:1:0,"2,3,0,2",0.0
A0:12:2:2|A1:7:0:1|A2:0:5:1|A3:7:5:1$P4:5:5:2:0|P5:8:3:1:1|P6:2:7:3:0|P7:10:6:1:0,"1,0,2,2",0.0
A0:12:2:2|A1:7:0:1|A2:0:5:1|A3:7:5:1$P4:5:5:2:0|P5:8:3:1:1|P6:2:7:3:0|P7:10:6:1:0,"2,0,0,1",0.0
A0:12:2:2|A1:7:0:1|A2:0:5:1|A3:7:5:1$P4:5:5:2:0|P5:8:3:1:1|P6:2:7:3:0|P7:10:6:1:0,"1,2,3,0",0.0
A0:12:2:2|A1:7:0:1|A2:0:5:1|A3:7:5:1$P4:5:5:2:0|P5:8:3:1:1|P6:2:7:3:0|P7:10:6:1:0,"3,3,1,2",0.0
A0:12:2:2|A1:7:0:1|A2:0:5:1|A3:7:5:1$P4:5:5:2:0|P5:8:3:1:1|P6:2:7:3:0|P7:10:6:1:0,"2,0,2,3",0.0
A0:12:2:2|A1:7:0:1|A2:0:5:1|A3:7:5:1$P4:5:5:2:0|P5:8:3:1:1|P6:2:7:3:0|P7:10:6:1:0,"2,3,2,0",0.0
A0:12:2:2|A1:7:0:1|A2:0:5:1|A3:7:5:1$P4:5:5:2:0|P5:8:3:1:1|P6:2:7:3:0|P7:10:6:1:0,"0,3,2,1",0.0
A0:12:1:2|A1:7:0:1|A2:0:5:1|A3:7:5:1$P4:5:5:2:0|P5:8:3:1:1|P6:2:7:3:0|P7:10:6:1:0,"3,2,1,3",0.0
A0:12:1:2|A1:6:0:1|A2:1:5:1|A3:7:6:1$P4:5:5:2:0|P5:8:3:1:1|P6:2:7:3:0|P7:10:6:1:0,"2,2,1,2",0.0
A0:12:1:2|A1:6:0:1|A2:1:5:1|A3:7:6:1$P4:5:5:2:0|P5:8:3:1:1|P6:2:7:3:0|P7:10:6:1:0,"2,2,0,1",0.0
A0:12:1:2|A1:6:0:1|A2:1:5:1|A3:7:6:1$P4:5:5:2:0|P5:8:3:1:1|P6:2:7:3:0|P7:10:6:1:0,"2,3,1,2",0.0
A0:12:1:2|A1:6:0:1|A2:1:5:1|A3:7:6:1$P4:5:5:2:0|P5:8:3:1:1|P6:2:7:3:0|P7:10:6:1:0,"2,0,3,0",0.0
A0:12:1:2|A1:6:0:1|A2:1:5:1|A3:7:6:1$P4:5:5:2:0|P5:8:3:1:1|P6:2:7:3:0|P7:10:6:1:0,"1,2,2,0",0.0
A0:12:1:2|A1:6:0:1|A2:1:5:1|A3:7:6:1$P4:5:5:2:0|P5:8:3:1:1|P6:2:7:3:0|P7:10:6:1:0,"0,1,1,1",0.0
A0:12:1:2|A1:6:0:1|A2:1:5:1|A3:7:6:1$P4:5:5:2:0|P5:8:3:1:1|P6:2:7:3:0|P7:10:6:1:0,"2,1,1,1",0.0
A0:12:1:2|A1:6:0:1|A2:1:5:1|A3:7:6:1$P4:5:5:2:0|P5:8:3:1:1|P6:2:7:3:0|P7:10:6:1:0,"0,3,1,2",0.0
A0:12:1:2|A1:6:0:1|A2:1:5:1|A3:7:6:1$P4:5:5:2:0|P5:8:3:1:1|P6:2:7:3:0|P7:10:6:1:0,"0,0,2,3",0.0
A0:12:1:2|A1:6:0:1|A2:1:5:1|A3:7:6:1$P4:5:5:2:0|P5:8:3:1:1|P6:2:7:3:0|P7:10:6:1:0,"0,0,0,2",0.0
A0:12:2:2|A1:6:0:1|A2:1:5:1|A3:7:6:1$P4:5:5:2:0|P5:8:3:1:1|P6:2:7:3:0|P7:10:6:1:0,"0,0,2,2",0.0
A0:12:2:2|A1:5:0:1|A2:1:4:1|A3:7:5:1$P4:5:5:2:0|P5:8:3:1:1|P6:2:7:3:0|P7:10:6:1:0,"0,3,1,0",0.0
A0:12:2:2|A1:5:0:1|A2:1:4:1|A3:7:5:1$P4:5:5:2:0|P5:8:3:1:1|P6:2:7:3:0|P7:10:6:1:0,"0,1,1,2",0.0
A0:12:2:2|A1:5:0:1|A2:1:4:1|A3:7:5:1$P4:5:5:2:0|P5:8:3:1:1|P6:2:7:3:0|P7:10:6:1:0,"0,2,0,3",0.0
A0:12:2:2|A1:5:0:1|A2:1:4:1|A3:7:5:1$P4:5:5:2:0|P5:8:3:1:1|P6:2:7:3:0|P7:10:6:1:0,"3,2,1,3",0.0
A0:12:2:2|A1:5:0:1|A2:1:4:1|A3:7:5:1$P4:5:5:2:0|P5:8:3:1:1|P6:2:7:3:0|P7:10:6:1:0,"0,2,1,2",0.0
A0:12:2:2|A1:5:0:1|A2:1:4:1|A3:7:5:1$P4:5:5:2:0|P5:8:3:1:1|P6:2:7:3:0|P7:10:6:1:0,"2,1,0,3",0.0
A0:12:2:2|A1:5:0:1|A2:1:4:1|A3:7:5:1$P4:5:5:2:0|P5:8:3:1:1|P6:2:7:3:0|P7:10:6:1:0,"1,2,1,2",0.0
A0:12:2:2|A1:5:0:1|A2:1:4:1|A3:7:5:1$P4:5:5:2:0|P5:8:3:1:1|P6:2:7:3:0|P7:10:6:1:0,"2,3,0,0",0.0
A0:12:2:2|A1:5:0:1|A2:1:4:1|A3:7:5:1$P4:5:5:2:0|P5:8:3:1:1|P6:2:7:3:0|P7:10:6:1:0,"2,2,0,1",0.0
A0:12:2:2|A1:5:0:1|A2:1:4:1|A3:7:5:1$P4:5:5:2:0|P5:8:3:1:1|P6:2:7:3:0|P7:10:6:1:0,"1,3,3,3",0.0
A0:12:2:2|A1:5:0:1|A2:1:4:1|A3:7:5:1$P4:5:5:2:0|P5:8:3:1:1|P6:2:7:3:0|P7:10:6:1:0,"0,1,2,0",0.0
A0:11:2:2|A1:6:0:1|A2:1:5:1|A3:8:5:1$P4:5:5:2:0|P5:8:3:1:1|P6:2:7:3:0|P7:10:6:1:0,"1,3,2,3",0.0
A0:11:2:2|A1:6:0:1|A2:1:5:1|A3:8:5:1$P4:5:5:2:0|P5:8:3:1:1|P6:2:7:3:0|P7:10:6:1:0,"1,1,2,3",0.0
A0:11:2:2|A1:6:0:1|A2:1:5:1|A3:8:5:1$P4:5:5:2:0|P5:8:3:1:1|P6:2:7:3:0|P7:10:6:1:0,"2,0,2,0",0.0
A0:11:2:2|A1:6:0:1|A2:1:5:1|A3:8:5:1$P4:5:5:2:0|P5:8:3:1:1|P6:2:7:3:0|P7:10:6:1:0,"1,0,0,3",0.0
A0:11:2:2|A1:6:0:1|A2:1:5:1|A3:8:5:1$P4:5:5:2:0|P5:8:3:1:1|P6:2:7:3:0|P7:10:6:1:0,"0,3,2,3",0.0
A0:11:2:2|A1:6:0:1|A2:1:5:1|A3:8:5:1$P4:5:5:2:0|P5:8:3:1:1|P6:2:7:3:0|P7:10:6:1:0,"1,0,3,2",0.0
A0:11:2:2|A1:6:0:1|A2:1:5:1|A3:8:5:1$P4:5:5:2:0|P5:8:3:1:1|P6:2:7:3:0|P7:10:6:1:0,"3,1,0,0",0.0
A0:11:2:2|A1:6:0:1|A2:1:5:1|A3:8:5:1$P4:5:5:2:0|P5:8:3:1:1|P6:2:7:3:0|P7:10:6:1:0,"2,3,2,2",0.0
A0:11:2:2|A1:6:0:1|A2:1:5:1|A3:8:5:1$P4:5:5:2:0|P5:8:3:1:1|P6:2:7:3:0|P7:10:6:1:0,"1,1,2,1",0.0
A0:11:2:2|A1:6:0:1|A2:1:5:1|A3:8:5:1$P4:5:5:2:0|P5:8:3:1:1|P6:2:7:3:0|P7:10:6:1:0,"1,1,0,3",0.0
A0:11:1:2|A1:6:0:1|A2:2:5:1|A3:8:5:1$P4:5:5:2:0|P5:8:3:1:1|P6:2:7:3:0|P7:10:6:1:0,"0,2,0,0",0.0
A0:11:1:2|A1:6:1:1|A2:2:5:1|A3:7:5:1$P4:5:5:2:0|P5:8:3:1:1|P6:2:7:3:0|P7:10:6:1:0,"1,2,2,3",0.0
A0:11:1:2|A1:6:1:1|A2:2:5:1|A3:7:5:1$P4:5:5:2:0|P5:8:3:1:1|P6:2:7:3:0|P7:10:6:1:0,"3,3,2,0",0.0
A0:11:1:2|A1:6:1:1|A2:2:5:1|A3:7:5:1$P4:5:5:2:0|P5:8:3:1:1|P6:2:7:3:0|P7:10:6:1:0,"1,2,1,0",0.0
A0:11:1:2|A1:6:1:1|A2:2:5:1|A3:7:5:1$P4:5:5:2:0|P5:8:3:1:1|P6:2:7:3:0|P7:10:6:1:0,"0,3,3,1",0.0
A0:11:1:2|A1:6:1:1|A2:2:5:1|A3:7:5:1$P4:5:5:2:0|P5:8:3:1:1|P6:2:7:3:0|P7:10:6:1:0,"3,3,0,2",0.0
A0:11:1:2|A1:6:1:1|A2:2:5:1|A3:7:5:1$P4:5:5:2:0|P5:8:3:1:1|P6:2:7:3:0|P7:10:6:1:0,"1,0,1,2",0.0
A0:11:1:2|A1:6:1:1|A2:2:5:1|A3:7:5:1$P4:5:5:2:0|P5:8:3:1:1|P6:2:7:3:0|P7:10:6:1:0,"0,0,3,2",0.0
A0:11:1:2|A1:6:1:1|A2:2:5:1|A3:7:5:1$P4:5:5:2:0|P5:8:3:1:1|P6:2:7:3:0|P7:10:6:1:0,"1,2,2,1",0.0
A0:11:1:2|A1:6:1:1|A2:2:5:1|A3:7:5:1$P4:5:5:2:0|P5:8:3:1:1|P6:2:7:3:0|P7:10:6:1:0,"1,3,1,2",0.0
A0:11:1:2|A1:6:1:1|A2:2:5:1|A3:7:5:1$P4:5:5:2:0|P5:8:3:1:1|P6:2:7:3:0|P7:10:6:1:0,"2,3,2,0",0.0
A0:11:1:2|A1:6:2:1|A2:2:5:1|A3:7:5:1$P4:5:5:2:0|P5:8:3:1:1|P6:2:7:3:0|P7:10:6:1:0,"0,1,2,3",0.0
A0:11:0:2|A1:6:2:1|A2:2:4:1|A3:6:5:1$P4:5:5:2:0|P5:8:3:1:1|P6:2:7:3:0|P7:10:6:1:0,"2,3,1,2",0.0
A0:11:0:2|A1:6:2:1|A2:2:4:1|A3:6:5:1$P4:5:5:2:0|P5:8:3:1:1|P6:2:7:3:0|P7:10:6:1:0,"3,3,2,2",0.0
A0:11:0:2|A1:6:2:1|A2:2:4:1|A3:6:5:1$P4:5:5:2:0|P5:8:3:1:1|P6:2:7:3:0|P7:10:6:1:0,"3,3,1,0",0.0
A0:11:0:2|A1:6:2:1|A2:2:4:1|A3:6:5:1$P4:5:5:2:0|P5:8:3:1:1|P6:2:7:3:0|P7:10:6:1:0,"2,1,3,3",0.0
A0:11:0:2|A1:6:2:1|A2:2:4:1|A3:6:5:1$P4:5:5:2:0|P5:8:3:1:1|P6:2:7:3:0|P7:10:6:1:0,"3,0,3,1",0.0
A0:11:0:2|A1:6:2:1|A2:2:4:1|A3:6:5:1$P4:5:5:2:0|P5:8:3:1:1|P6:2:7:3:0|P7:10:6:1:0,"0,3,1,1",0.0
A0:11:0:2|A1:6:2:1|A2:2:4:1|A3:6:5:1$P4:5:5:2:0|P5:8:3:1:1|P6:2:7:3:0|P7:10:6:1:0,"1,2,3,1",0.0
A0:11:0:2|A1:6:2:1|A2:2:4:1|A3:6:5:1$P4:5:5:2:0|P5:8:3:1:1|P6:2:7:3:0|P7:10:6:1:0,"3,2,1,3",0.0
A0:11:0:2|A1:6:2:1|A2:2:4:1|A3:6:5:1$P4:5:5:2:0|P5:8:3:1:1|P6:2:7:3:0|P7:10:6:1:0,"1,0,0,2",0.0
A0:11:0:2|A1:6:2:1|A2:2:4:1|A3:6:5:1$P4:5:5:2:0|P5:8:3:1:1|P6:2:7:3:0|P7:10:6:1:0,"1,0,2,2",0.0
A0:11:0:2|A1:6:2:1|A2:2:3:1|A3:6:5:1$P4:5:5:2:0|P5:8:3:1:1|P6:2:7:3:0|P7:10:6:1:0,"2,0,1,1",0.0
A0:11:1:2|A1:7:2:1|A2:2:3:1|A3:6:4:1$P4:5:5:2:0|P5:8:3:1:1|P6:2:7:3:0|P7:10:6:1:0,"2,3,0,3",0.0
A0:11:1:2|A1:7:2:1|A2:2:3:1|A3:6:4:1$P4:5:5:2:0|P5:8:3:1:1|P6:2:7:3:0|P7:10:6:1:0,"1,0,2,0",0.0
A0:11:1:2|A1:7:2:1|A2:2:3:1|A3:6:4:1$P4:5:5:2:0|P5:8:3:1:1|P6:2:7:3:0|P7:10:6:1:0,"2,3,0,1",0.0
A0:11:1:2|A1:7:2:1|A2:2:3:1|A3:6:4:1$P4:5:5:2:0|P5:8:3:1:1|P6:2:7:3:0|P7:10:6:1:0,"0,1,1,3",0.0
A0:11:1:2|A1:7:2:1|A2:2:3:1|A3:6:4:1$P4:5:5:2:0|P5:8:3:1:1|P6:2:7:3:0|P7:10:6:1:0,"2,2,0,0",0.0
A0:11:1:2|A1:7:2:1|A2:2:3:1|A3:6:4:1$P4:5:5:2:0|P5:8:3:1:1|P6:2:7:3:0|P7:10:6:1:0,"0,2,3,2",0.0
A0:11:1:2|A1:7:2:1|A2:2:3:1|A3:6:4:1$P4:5:5:2:0|P5:8:3:1:1|P6:2:7:3:0|P7:10:6:1:0,"1,2,0,1",0.0
A0:11:1:2|A1:7:2:1|A2:2:3:1|A3:6:4:1$P4:5:5:2:0|P5:8:3:1:1|P6:2:7:3:0|P7:10:6:1:0,"3,0,2,0",0.0
A0:11:1:2|A1:7:2:1|A2:2:3:1|A3:6:4:1$P4:5:5:2:0|P5:8:3:1:1|P6:2:7:3:0|P7:10:6:1:0,"3,0,1,2",0.0
A0:11:1:2|A1:7:2:1|A2:2:3:1|A3:6:4:1$P4:5:5:2:0|P5:8:3:1:1|P6:2:7:3:0|P7:10:6:1:0,"0,3,2,0",0.0
A0:11:2:2|A1:7:2:1|A2:3:3:1|A3:6:4:1$P4:5:5:2:0|P5:8:3:1:1|P6:2:7:3:0|P7:10:6:1:0,"1,1,2,0",0.0
A0:11:2:2|A1:6:2:1|A2:3:3:1|A3:5:4:1$P4:5:5:2:0|P5:8:3:1:1|P6:2:7:3:0|P7:10:6:1:0,"3,2,1,1",0.0
A0:11:2:2|A1:6:2:1|A2:3:3:1|A3:5:4:1$P4:5:5:2:0|P5:8:3:1:1|P6:2:7:3:0|P7:10:6:1:0,"2,0,2,1",0.0
A0:11:2:2|A1:6:2:1|A2:3:3:1|A3:5:4:1$P4:5:5:2:0|P5:8:3:1:1|P6:2:7:3:0|P7:10:6:1:0,"2,2,1,3",0.0
A0:11:2:2|A1:6:2:1|A2:3:3:1|A3:5:4:1$P4:5:5:2:0|P5:8:3:1:1|P6:2:7:3:0|P7:10:6:1:0,"0,2,1,3",0.0
A0:11:2:2|A1:6:2:1|A2:3:3:1|A3:5:4:1$P4:5:5:2:0|P5:8:3:1:1|P6:2:7:3:0|P7:10:6:1:0,"1,3,2,0",0.0
A0:11:2:2|A1:6:2:1|A2:3:3:1|A3:5:4:1$P4:5:5:2:0|P5:8:3:1:1|P6:2:7:3:0|P7:10:6:1:0,"1,3,3,0",0.0
A0:11:2:2|A1:6:2:1|A2:3:3:1|A3:5:4:1$P4:5:5:2:0|P5:8:3:1:1|P6:2:7:3:0|P7:10:6:1:0,"0,3,0,2",0.0
A0:11:2:2|A1:6:2:1|A2:3:3:1|A3:5:4:1$P4:5:5:2:0|P5:8:3:1:1|P6:2:7:3:0|P7:10:6:1:0,"1,3,3,3",0.0
A0:11:2:2|A1:6:2:1|A2:3:3:1|A3:5:4:1$P4:5:5:2:0|P5:8:3:1:1|P6:2:7:3:0|P7:10:6:1:0,"0,1,1,0",0.0
A0:11:2:2|A1:6:2:1|A2:3:3:1|A3:5:4:1$P4:5:5:2:0|P5:8:3:1:1|P6:2:7:3:0|P7:10:6:1:0,"0,2,2,1",0.0
A0:11:1:2|A1:6:2:1|A2:4:3:1|A3:5:4:1$P4:5:5:2:0|P5:8:3:1:1|P6:2:7:3:0|P7:10:6:1:0,"3,3,2,3",0.0
A0:11:1:2|A1:7:2:1|A2:4:3:1|A3:6:4:1$P4:5:5:2:0|P5:8:3:1:1|P6:2:7:3:0|P7:10:6:1:0,"0,0,2,0",0.0
A0:11:1:2|A1:7:2:1|A2:4:3:1|A3:6:4:1$P4:5:5:2:0|P5:8:3:1:1|P6:2:7:3:0|P7:10:6:1:0,"2,3,3,1",0.0
A0:11:1:2|A1:7:2:1|A2:4:3:1|A3:6:4:1$P4:5:5:2:0|P5:8:3:1:1|P6:2:7:3:0|P7:10:6:1:0,"0,3,2,1",0.0
A0:11:1:2|A1:7:2:1|A2:4:3:1|A3:6:4:1$P4:5:5:2:0|P5:8:3:1:1|P6:2:7:3:0|P7:10:6:1:0,"2,1,3,3",0.0
A0:11:1:2|A1:7:2:1|A2:4:3:1|A3:6:4:1$P4:5:5:2:0|P5:8:3:1:1|P6:2:7:3:0|P7:10:6:1:0,"0,3,3,0",0.0
A0:11:1:2|A1:7:2:1|A2:4:3:1|A3:6:4:1$P4:5:5:2:0|P5:8:3:1:1|P6:2:7:3:0|P7:10:6:1:0,"1,1,2,0",0.0
A0:11:1:2|A1:7:2:1|A2:4:3:1|A3:6:4:1$P4:5:5:2:0|P5:8:3:1:1|P6:2:7:3:0|P7:10:6:1:0,"3,2,2,1",0.0
A0:11:1:2|A1:7:2:1|A2:4:3:1|A3:6:4:1$P4:5:5:2:0|P5:8:3:1:1|P6:2:7:3:0|P7:10:6:1:0,"3,2,0,3",0.0
A0:11:1:2|A1:7:2:1|A2:4:3:1|A3:6:4:1$P4:5:5:2:0|P5:8:3:1:1|P6:2:7:3:0|P7:10:6:1:0,"0,3,0,2",0.0
A0:11:1:2|A1:7:2:1|A2:4:3:1|A3:6:4:1$P4:5:5:2:0|P5:8:3:1:1|P6:2:7:3:0|P7:10:6:1:0,"0,1,3,3",0.0
A0:11:1:2|A1:7:1:1|A2:3:3:1|A3:6:4:1$P4:5:5:2:0|P5:8:3:1:1|P6:2:7:3:0|P7:10:6:1:0,"3,1,1,2",0.0
A0:11:0:2|A1:7:1:1|A2:3:3:1|A3:6:5:1$P4:5:5:2:0|P5:8:3:1:1|P6:2:7:3:0|P7:10:6:1:0,"1,3,0,1",0.0
A0:11:0:2|A1:7:1:1|A2:3:3:1|A3:6:5:1$P4:5:5:2:0|P5:8:3:1:1|P6:2:7:3:0|P7:10:6:1:0,"0,3,2,0",0.0
A0:11:0:2|A1:7:1:1|A2:3:3:1|A3:6:5:1$P4:5:5:2:0|P5:8:3:1:1|P6:2:7:3:0|P7:10:6:1:0,"2,0,0,3",0.0
A0:11:0:2|A1:7:1:1|A2:3:3:1|A3:6:5:1$P4:5:5:2:0|P5:8:3:1:1|P6:2:7:3:0|P7:10:6:1:0,"0,3,1,2",0.0
A0:11:0:2|A1:7:1:1|A2:3:3:1|A3:6:5:1$P4:5:5:2:0|P5:8:3:1:1|P6:2:7:3:0|P7:10:6:1:0,"0,0,2,0",0.0
A0:11:0:2|A1:7:1:1|A2:3:3:1|A3:6:5:1$P4:5:5:2:0|P5:8:3:1:1|P6:2:7:3:0|P7:10:6:1:0,"3,0,3,1",0.0
A0:11:0:2|A1:7:1:1|A2:3:3:1|A3:6:5:1$P4:5:5:2:0|P5:8:3:1:1|P6:2:7:3:0|P7:10:6:1:0,"0,2,3,0",0.0
A0:11:0:2|A1:7:1:1|A2:3:3:1|A3:6:5:1$P4:5:5:2:0|P5:8:3:1:1|P6:2:7:3:0|P7:10:6:1:0,"2,0,3,2",0.0
A0:11:0:2|A1:7:1:1|A2:3:3:1|A3:6:5:1$P4:5:5:2:0|P5:8:3:1:1|P6:2:7:3:0|P7:10:6:1:0,"0,0,0,0",0.0
A0:11:0:2|A1:7:1:1|A2:3:3:1|A3:6:5:1$P4:5:5:2:0|P5:8:3:1:1|P6:2:7:3:0|P7:10:6:1:0,"2,2,0,1",0.0
A0:11:0:2|A1:7:2:1|A2:4:3:1|A3:6:5:1$P4:5:5:2:0|P5:8:3:1:1|P6:2:7:3:0|P7:10:6:1:0,"2,1,2,1",0.0
A0:12:0:2|A1:7:2:1|A2:4:3:1|A3:6:4:1$P4:5:5:2:0|P5:8:3:1:1|P6:2:7:3:0|P7:10:6:1:0,"0,0,1,0",0.0
A0:12:0:2|A1:7:2:1|A2:4:3:1|A3:6:4:1$P4:5:5:2:0|P5:8:3:1:1|P6:2:7:3:0|P7:10:6:1:0,"3,3,3,0",0.0
A0:12:0:2|A1:7:2:1|A2:4:3:1|A3:6:4:1$P4:5:5:2:0|P5:8:3:1:1|P6:2:7:3:0|P7:10:6:1:0,"3,2,0,2",0.0
A0:12:0:2|A1:7:2:1|A2:4:3:1|A3:6:4:1$P4:5:5:2:0|P5:8:3:1:1|P6:2:7:3:0|P7:10:6:1:0,"1,3,3,1",0.0
A0:12:0:2|A1:7:2:1|A2:4:3:1|A3:6:4:1$P4:5:5:2:0|P5:8:3:1:1|P6:2:7:3:0|P7:10:6:1:0,"0,0,0,3",0.0
A0:12:0:2|A1:7:2:1|A2:4:3:1|A3:6:4:1$P4:5:5:2:0|P5:8:3:1:1|P6:2:7:3:0|P7:10:6:1:0,"3,1,2,0",0.0
A0:12:0:2|A1:7:2:1|A2:4:3:1|A3:6:4:1$P4:5:5:2:0|P5:8:3:1:1|P6:2:7:3:0|P7:10:6:1:0,"3,2,1,2",0.0
A0:12:0:2|A1:7:2:1|A2:4:3:1|A3:6:4:1$P4:5:5:2:0|P5:8:3:1:1|P6:2:7:3:0|P7:10:6:1:0,"3,0,1,3",0.0
A0:12:0:2|A1:7:2:1|A2:4:3:1|A3:6:4:1$P4:5:5:2:0|P5:8:3:1:1|P6:2:7:3:0|P7:10:6:1:0,"0,1,2,1",0.0
A0:12:0:2|A1:7:2:1|A2:4:3:1|A3:6:4:1$P4:5:5:2:0|P5:8:3:1:1|P6:2:7:3:0|P7:10:6:1:0,"0,0,0,2",0.0
A0:12:0:2|A1:7:1:1|A2:3:3:1|A3:6:4:1$P4:5:5:2:0|P5:8:3:1:1|P6:2:7:3:0|P7:10:6:1:0,"1,3,0,0",0.0
A0:12:1:2|A1:7:1:1|A2:3:3:1|A3:6:5:1$P4:5:5:2:0|P5:8:3:1:1|P6:2:7:3:0|P7:10:6:1:0,"0,2,0,0",0.0
A0:12:1:2|A1:7:1:1|A2:3:3:1|A3:6:5:1$P4:5:5:2:0|P5:8:3:1:1|P6:2:7:3:0|P7:10:6:1:0,"2,1,2,1",0.0
A0:12:1:2|A1:7:1:1|A2:3:3:1|A3:6:5:1$P4:5:5:2:0|P5:8:3:1:1|P6:2:7:3:0|P7:10:6:1:0,"3,3,3,1",0.0
A0:12:1:2|A1:7:1:1|A2:3:3:1|A3:6:5:1$P4:5:5:2:0|P5:8:3:1:1|P6:2:7:3:0|P7:10:6:1:0,"0,1,1,0",0.0
A0:12:1:2|A1:7:1:1|A2:3:3:1|A3:6:5:1$P4:5:5:2:0|P5:8:3:1:1|P6:2:7:3:0|P7:10:6:1:0,"0,2,2,1",0.0
A0:12:1:2|A1:7:1:1|A2:3:3:1|A3:6:5:1$P4:5:5:2:0|P5:8:3:1:1|P6:2:7:3:0|P7:10:6:1:0,"2,1,1,0",0.0
A0:12:1:2|A1:7:1:1|A2:3:3:1|A3:6:5:1$P4:5:5:2:0|P5:8:3:1:1|P6:2:7:3:0|P7:10:6:1:0,"2,1,3,2",0.0
A0:12:1:2|A1:7:1:1|A2:3:3:1|A3:6:5:1$P4:5:5:2:0|P5:8:3:1:1|P6:2:7:3:0|P7:10:6:1:0,"2,3,1,2",0.0
A0:12:1:2|A1:7:1:1|A2:3:3:1|A3:6:5:1$P4:5:5:2:0|P5:8:3:1:1|P6:2:7:3:0|P7:10:6:1:0,"3,2,1,0",0.0
A0:12:1:2|A1:7:1:1|A2:3:3:1|A3:6:5:1$P4:5:5:2:0|P5:8:3:1:1|P6:2:7:3:0|P7:10:6:1:0,"0,0,3,1",0.0
A0:12:1:2|A1:7:1:1|A2:3:2:1|A3:6:5:1$P4:5:5:2:0|P5:8:3:1:1|P6:2:7:3:0|P7:10:6:1:0,"0,3,3,1",0.0
A0:11:1:2|A1:7:0:1|A2:3:2:1|A3:6:6:1$P4:5:5:2:0|P5:8:3:1:1|P6:2:7:3:0|P7:10:6:1:0,"2,1,3,2",0.0
A0:11:1:2|A1:7:0:1|A2:3:2:1|A3:6:6:1$P4:5:5:2:0|P5:8:3:1:1|P6:2:7:3:0|P7:10:6:1:0,"0,1,3,2",0.0
A0:11:1:2|A1:7:0:1|A2:3:2:1|A3:6:6:1$P4:5:5:2:0|P5:8:3:1:1|P6:2:7:3:0|P7:10:6:1:0,"3,2,2,2",0.0
A0:11:1:2|A1:7:0:1|A2:3:2:1|A3:6:6:1$P4:5:5:2:0|P5:8:3:1:1|P6:2:7:3:0|P7:10:6:1:0,"2,1,1,1",0.0
A0:11:1:2|A1:7:0:1|A2:3:2:1|A3:6:6:1$P4:5:5:2:0|P5:8:3:1:1|P6:2:7:3:0|P7:10:6:1:0,"2,3,1,0",0.0
A0:11:1:2|A1:7:0:1|A2:3:2:1|A3:6:6:1$P4:5:5:2:0|P5:8:3:1:1|P6:2:7:3:0|P7:10:6:1:0,"3,0,2,0",0.0
A0:11:1:2|A1:7:0:1|A2:3:2:1|A3:6:6:1$P4:5:5:2:0|P5:8:3:1:1|P6:2:7:3:0|P7:10:6:1:0,"1,3,2,3",0.0
A0:11:1:2|A1:7:0:1|A2:3:2:1|A3:6:6:1$P4:5:5:2:0|P5:8:3:1:1|P6:2:7:3:0|P7:10:6:1:0,"0,0,3,2",0.0
A0:11:1:2|A1:7:0:1|A2:3:2:1|A3:6:6:1$P4:5:5:2:0|P5:8:3:1:1|P6:2:7:3:0|P7:10:6:1:0,"0,1,0,3",0.0
A0:11:1:2|A1:7:0:1|A2:3:1:1|A3:6:6:1$P4:5:5:2:0|P5:8:3:1:1|P6:2:7:3:0|P7:10:6:1:0,"2,3,1,1",0.0
A0:10:1:2|A1:8:0:1|A2:3:1:1|A3:6:7:1$P4:5:5:2:0|P5:8:3:1:1|P6:2:7:3:0|P7:10:6:1:0,"2,1,0,0",0.0
A0:10:1:2|A1:8:0:1|A2:3:1:1|A3:6:7:1$P4:5:5:2:0|P5:8:3:1:1|P6:2:7:3:0|P7:10:6:1:0,"3,2,0,2",0.0
A0:10:1:2|A1:8:0:1|A2:3:1:1|A3:6:7:1$P4:5:5:2:0|P5:8:3:1:1|P6:2:7:3:0|P7:10:6:1:0,"2,3,2,0",0.0
A0:10:1:2|A1:8:0:1|A2:3:1:1|A3:6:7:1$P4:5:5:2:0|P5:8:3:1:1|P6:2:7:3:0|P7:10:6:1:0,"0,3,2,3",0.0
A0:10:1:2|A1:8:0:1|A2:3:1:1|A3:6:7:1$P4:5:5:2:0|P5:8:3:1:1|P6:2:7:3:0|P7:10:6:1:0,"0,2,0,0",0.0
A0:10:1:2|A1:8:0:1|A2:3:1:1|A3:6:7:1$P4:5:5:2:0|P5:8:3:1:1|P6:2:7:3:0|P7:10:6:1:0,"0,1,2,3",0.0
A0:10:1:2|A1:8:0:1|A2:3:1:1|A3:6:7:1$P4:5:5:2:0|P5:8:3:1:1|P6:2:7:3:0|P7:10:6:1:0,"3,3,0,2",0.0
A0:10:1:2|A1:8:0:1|A2:3:1:1|A3:6:7:1$P4:5:5:2:0|P5:8:3:1:1|P6:2:7:3:0|P7:10:6:1:0,"2,3,2,2",0.0
A0:10:1:2|A1:8:0:1|A2:3:1:1|A3:6:7:1$P4:5:5:2:0|P5:8:3:1:1|P6:2:7:3:0|P7:10:6:1:0,"3,1,3,0",0.0
A0:10:1:2|A1:8:0:1|A2:3:1:1|A3:6:7:1$P4:5:5:2:0|P5:8:3:1:1|P6:2:7:3:0|P7:10:6:1:0,"0,3,0,0",0.0
A0:10:2:2|A1:8:0:1|A2:2:1:1|A3:6:7:1$P4:5:5:2:0|P5:8:3:1:1|P6:2:7:3:0|P7:10:6:1:0,"3,3,1,2",0.0
A0:10:2:2|A1:8:1:1|A2:2:1:1|A3:7:7:1$P4:5:5:2:0|P5:8:3:1:1|P6:2:7:3:0|P7:10:6:1:0,"0,3,0,3",0.0
A0:10:2:2|A1:8:1:1|A2:2:1:1|A3:7:7:1$P4:5:5:2:0|P5:8:3:1:1|P6:2:7:3:0|P7:10:6:1:0,"2,2,2,1",0.0
A0:10:2:2|A1:8:1:1|A2:2:1:1|A3:7:7:1$P4:5:5:2:0|P5:8:3:1:1|P6:2:7:3:0|P7:10:6:1:0,"1,2,2,1",0.0
A0:10:2:2|A1:8:1:1|A2:2:1:1|A3:7:7:1$P4:5:5:2:0|P5:8:3:1:1|P6:2:7:3:0|P7:10:6:1:0,"2,2,2,2",0.0
A0:10:2:2|A1:8:1:1|A2:2:1:1|A3:7:7:1$P4:5:5:2:0|P5:8:3:1:1|P6:2:7:3:0|P7:10:6:1:0,"2,3,3,3",0.0
A0:10:2:2|A1:8:1:1|A2:2:1:1|A3:7:7:1$P4:5:5:2:0|P5:8:3:1:1|P6:2:7:3:0|P7:10:6:1:0,"1,3,0,3",0.0
A0:10:2:2|A1:8:1:1|A2:2:1:1|A3:7:7:1$P4:5:5:2:0|P5:8:3:1:1|P6:2:7:3:0|P7:10:6:1:0,"0,0,3,2",0.0
A0:10:2:2|A1:8:1:1|A2:2:1:1|A3:7:7:1$P4:5:5:2:0|P5:8:3:1:1|P6:2:7:3:0|P7:10:6:1:0,"3,0,2,3",0.0
A0:10:2:2|A1:8:1:1|A2:2:1:1|A3:7:7:1$P4:5:5:2:0|P5:8:3:1:1|P6:2:7:3:0|P7:10:6:1:0,"2,2,0,3",0.0
A0:10:2:2|A1:8:1:1|A2:2:1:1|A3:7:7:1$P4:5:5:2:0|P5:8:3:1:1|P6:2:7:3:0|P7:10:6:1:0,"1,0,2,1",0.0
A0:10:1:2|A1:8:1:1|A2:2:2:1|A3:7:7:1$P4:5:5:2:0|P5:8:3:1:1|P6:2:7:3:0|P7:10:6:1:0,"1,2,3,2",0.0
A0:10:1:2|A1:9:1:1|A2:2:2:1|A3:8:7:1$P4:5:5:2:0|P5:8:3:1:1|P6:2:7:3:0|P7:10:6:1:0,"3,2,1,3",0.0
A0:10:1:2|A1:9:1:1|A2:2:2:1|A3:8:7:1$P4:5:5:2:0|P5:8:3:1:1|P6:2:7:3:0|P7:10:6:1:0,"2,1,3,3",0.0
A0:10:1:2|A1:9:1:1|A2:2:2:1|A3:8:7:1$P4:5:5:2:0|P5:8:3:1:1|P6:2:7:3:0|P7:10:6:1:0,"0,0,3,2",0.0
A0:10:1:2|A1:9:1:1|A2:2:2:1|A3:8:7:1$P4:5:5:2:0|P5:8:3:1:1|P6:2:7:3:0|P7:10:6:1:0,"1,3,0,1",0.0
A0:10:1:2|A1:9:1:1|A2:2:2:1|A3:8:7:1$P4:5:5:2:0|P5:8:3:1:1|P6:2:7:3:0|P7:10:6:1:0,"3,0,1,3",0.0
A0:10:1:2|A1:9:1:1|A2:2:2:1|A3:8:7:1$P4:5:5:2:0|P5:8:3:1:1|P6:2:7:3:0|P7:10:6:1:0,"1,2,0,0",0.0
A0:10:1:2|A1:9:1:1|A2:2:2:1|A3:8:7:1$P4:5:5:2:0|P5:8:3:1:1|P6:2:7:3:0|P7:10:6:1:0,"1,1,3,3",0.0
A0:10:1:2|A1:9:1:1|A2:2:2:1|A3:8:7:1$P4:5:5:2:0|P5:8:3:1:1|P6:2:7:3:0|P7:10:6:1:0,"1,3,1,0",0.0
A0:10:1:2|A1:9:1:1|A2:2:2:1|A3:8:7:1$P4:5:5:2:0|P5:8:3:1:1|P6:2:7:3:0|P7:10:6:1:0,"2,3,2,1",0.0
A0:10:1:2|A1:9:1:1|A2:2:2:1|A3:8:7:1$P4:5:5:2:0|P5:8:3:1:1|P6:2:7:3:0|P7:10:6:1:0,"1,1,3,2",0.0
A0:10:1:2|A1:9:1:1|A2:2:3:1|A3:8:7:1$P4:5:5:2:0|P5:8:3:1:1|P6:2:7:3:0|P7:10:6:1:0,"0,2,0,1",0.0
A0:10:0:2|A1:8:1:1|A2:2:3:1|A3:8:8:1$P4:5:5:2:0|P5:8:3:1:1|P6:2:7:3:0|P7:10:6:1:0,"1,1,2,3",0.0
A0:10:0:2|A1:8:1:1|A2:2:3:1|A3:8:8:1$P4:5:5:2:0|P5:8:3:1:1|P6:2:7:3:0|P7:10:6:1:0,"2,2,2,0",0.0
A0:10:0:2|A1:8:1:1|A2:2:3:1|A3:8:8:1$P4:5:5:2:0|P5:8:3:1:1|P6:2:7:3:0|P7:10:6:1:0,"3,2,1,0",0.0
A0:10:0:2|A1:8:1:1|A2:2:3:1|A3:8:8:1$P4:5:5:2:0|P5:8:3:1:1|P6:2:7:3:0|P7:10:6:1:0,"3,0,3,3",0.0
A0:10:0:2|A1:8:1:1|A2:2:3:1|A3:8:8:1$P4:5:5:2:0|P5:8:3:1:1|P6:2:7:3:0|P7:10:6:1:0,"2,0,3,0",0.0
A0:10:0:2|A1:8:1:1|A2:2:3:1|A3:8:8:1$P4:5:5:2:0|P5:8:3:1:1|P6:2:7:3:0|P7:10:6:1:0,"1,1,0,3",0.0
A0:10:0:2|A1:8:1:1|A2:2:3:1|A3:8:8:1$P4:5:5:2:0|P5:8:3:1:1|P6:2:7:3:0|P7:10:6:1:0,"0,2,1,2",0.0
A0:10:0:2|A1:8:1:1|A2:2:3:1|A3:8:8:1$P4:5:5:2:0|P5:8:3:1:1|P6:2:7:3:0|P7:10:6:1:0,"3,2,2,1",0.0
A0:10:0:2|A1:8:1:1|A2:2:3:1|A3:8:8:1$P4:5:5:2:0|P5:8:3:1:1|P6:2:7:3:0|P7:10:6:1:0,"2,0,0,0",0.0
A0:10:0:2|A1:8:1:1|A2:2:3:1|A3:8:8:1$P4:5:5:2:0|P5:8:3:1:1|P6:2:7:3:0|P7:10:6:1:0,"2,1,1,2",0.0
A0:10:0:2|A1:8:1:1|A2:2:4:1|A3:8:8:1$P4:5:5:2:0|P5:8:3:1:1|P6:2:7:3:0|P7:10:6:1:0,"2,3,0,3",0.0
A0:9:0:2|A1:8:0:1|A2:2:4:1|A3:9:8:1$P4:5:5:2:0|P5:8:3:1:1|P6:2:7:3:0|P7:10:6:1:0,"0,1,3,2",0.0
A0:9:0:2|A1:8:0:1|A2:2:4:1|A3:9:8:1$P4:5:5:2:0|P5:8:3:1:1|P6:2:7:3:0|P7:10:6:1:0,"2,2,3,3",0.0
A0:9:0:2|A1:8:0:1|A2:2:4:1|A3:9:8:1$P4:5:5:2:0|P5:8:3:1:1|P6:2:7:3:0|P7:10:6:1:0,"3,2,3,1",0.0
A0:9:0:2|A1:8:0:1|A2:2:4:1|A3:9:8:1$P4:5:5:2:0|P5:8:3:1:1|P6:2:7:3:0|P7:10:6:1:0,"3,3,2,2",0.0
A0:9:0:2|A1:8:0:1|A2:2:4:1|A3:9:8:1$P4:5:5:2:0|P5:8:3:1:1|P6:2:7:3:0|P7:10:6:1:0,"1,2,2,3",0.0
A0:9:0:2|A1:8:0:1|A2:2:4:1|A3:9:8:1$P4:5:5:2:0|P5:8:3:1:1|P6:2:7:3:0|P7:10:6:1:0,"0,1,1,0",0.0
A0:9:0:2|A1:8:0:1|A2:2:4:1|A3:9:8:1$P4:5:5:2:0|P5:8:3:1:1|P6:2:7:3:0|P7:10:6:1:0,"2,2,1,0",0.0
A0:9:0:2|A1:8:0:1|A2:2:4:1|A3:9:8:1$P4:5:5:2:0|P5:8:3:1:1|P6:2:7:3:0|P7:10:6:1:0,"1,0,3,0",0.0
A0:9:0:2|A1:8:0:1|A2:2:4:1|A3:9:8:1$P4:5:5:2:0|P5:8:3:1:1|P6:2:7:3:0|P7:10:6:1:0,"3,3,3,3",0.0
A0:9:0:2|A1:8:0:1|A2:2:4:1|A3:9:8:1$P4:5:5:2:0|P5:8:3:1:1|P6:2:7:3:0|P7:10:6:1:0,"0,2,3,1",0.0
A0:9:0:2|A1:8:0:1|A2:2:3:1|A3:9:8:1$P4:5:5:2:0|P5:8:3:1:1|P6:2:7:3:0|P7:10:6:1:0,"0,2,0,3",0.0
A0:9:1:2|A1:8:1:1|A2:2:3:1|A3:10:8:1$P4:5:5:2:0|P5:8:3:1:1|P6:2:7:3:0|P7:10:6:1:0,"1,2,1,2",0.0
A0:9:1:2|A1:8:1:1|A2:2:3:1|A3:10:8:1$P4:5:5:2:0|P5:8:3:1:1|P6:2:7:3:0|P7:10:6:1:0,"2,0,0,3",0.0
A0:9:1:2|A1:8:1:1|A2:2:3:1|A3:10:8:1$P4:5:5:2:0|P5:8:3:1:1|P6:2:7:3:0|P7:10:6:1:0,"2,2,1,0",0.0
A0:9:1:2|A1:8:1:1|A2:2:3:1|A3:10:8:1$P4:5:5:2:0|P5:8:3:1:1|P6:2:7:3:0|P7:10:6:1:0,"1,1,1,3",0.0
A0:9:1:2|A1:8:1:1|A2:2:3:1|A3:10:8:1$P4:5:5:2:0|P5:8:3:1:1|P6:2:7:3:0|P7:10:6:1:0,"1,2,1,3",0.0
A0:9:1:2|A1:8:1:1|A2:2:3:1|A3:10:8:1$P4:5:5:2:0|P5:8:3:1:1|P6:2:7:3:0|P7:10:6:1:0,"1,1,2,3",0.0
A0:9:1:2|A1:8:1:1|A2:2:3:1|A3:10:8:1$P4:5:5:2:0|P5:8:3:1:1|P6:2:7:3:0|P7:10:6:1:0,"1,0,1,3",0.0
A0:9:1:2|A1:8:1:1|A2:2:3:1|A3:10:8:1$P4:5:5:2:0|P5:8:3:1:1|P6:2:7:3:0|P7:10:6:1:0,"2,2,0,1",0.0
A0:9:1:2|A1:8:1:1|A2:2:3:1|A3:10:8:1$P4:5:5:2:0|P5:8:3:1:1|P6:2:7:3:0|P7:10:6:1:0,"2,0,3,3",0.0
A0:9:1:2|A1:8:1:1|A2:2:3:1|A3:10:8:1$P4:5:5:2:0|P5:8:3:1:1|P6:2:7:3:0|P7:10:6:1:0,"0,0,0,3",0.0
A0:9:1:2|A1:8:1:1|A2:1:3:1|A3:10:8:1$P4:5:5:2:0|P5:8:3:1:1|P6:2:7:3:0|P7:10:6:1:0,"1,3,0,0",0.0
A0:9:0:2|A1:8:0:1|A2:1:3:1|A3:11:8:1$P4:5:5:2:0|P5:8:3:1:1|P6:2:7:3:0|P7:10:6:1:0,"1,2,1,1",0.0
A0:9:0:2|A1:8:0:1|A2:1:3:1|A3:11:8:1$P4:5:5:2:0|P5:8:3:1:1|P6:2:7:3:0|P7:10:6:1:0,"3,2,1,3",0.0
A0:9:0:2|A1:8:0:1|A2:1:3:1|A3:11:8:1$P4:5:5:2:0|P5:8:3:1:1|P6:2:7:3:0|P7:10:6:1:0,"0,0,3,2",0.0
A0:9:0:2|A1:8:0:1|A2:1:3:1|A3:11:8:1$P4:5:5:2:0|P5:8:3:1:1|P6:2:7:3:0|P7:10:6:1:0,"3,2,0,0",0.0
A0:9:0:2|A1:8:0:1|A2:1:3:1|A3:11:8:1$P4:5:5:2:0|P5:8:3:1:1|P6:2:7:3:0|P7:10:6:1:0,"3,0,1,0",0.0
A0:9:0:2|A1:8:0:1|A2:1:3:1|A3:11:8:1$P4:5:5:2:0|P5:8:3:1:1|P6:2:7:3:0|P7:10:6:1:0,"3,1,2,1",0.0
A0:9:0:2|A1:8:0:1|A2:1:3:1|A3:11:8:1$P4:5:5:2:0|P5:8:3:1:1|P6:2:7:3:0|P7:10:6:1:0,"2,2,2,0",0.0
A0:9:0:2|A1:8:0:1|A2:1:3:1|A3:11:8:1$P4:5:5:2:0|P5:8:3:1:1|P6:2:7:3:0|P7:10:6:1:0,"2,0,2,0",0.0
A0:9:0:2|A1:8:0:1|A2:1:3:1|A3:11:8:1$P4:5:5:2:0|P5:8:3:1:1|P6:2:7:3:0|P7:10:6:1:0,"0,0,0,3",0.0
A0:9:0:2|A1:8:0:1|A2:1:3:1|A3:11:8:1$P4:5:5:2:0|P5:8:3:1:1|P6:2:7:3:0|P7:10:6:1:0,"3,2,3,3",0.0
A0:9:0:2|A1:8:0:1|A2:1:3:1|A3:11:8:1$P4:5:5:2:0|P5:8:3:1:1|P6:2:7:3:0|P7:10:6:1:0,"3,1,0,3",0.0
A0:10:0:2|A1:7:0:1|A2:0:3:1|A3:11:7:1$P4:5:5:2:0|P5:8:3:1:1|P6:2:7:3:0|P7:10:6:1:0,"0,2,3,1",0.0
A0:10:0:2|A1:7:0:1|A2:0:3:1|A3:11:7:1$P4:5:5:2:0|P5:8:3:1:1|P6:2:7:3:0|P7:10:6:1:0,"1,2,1,3",0.0
A0:10:0:2|A1:7:0:1|A2:0:3:1|A3:11:7:1$P4:5:5:2:0|P5:8:3:1:1|P6:2:7:3:0|P7:10:6:1:0,"2,3,0,2",0.0
A0:10:0:2|A1:7:0:1|A2:0:3:1|A3:11:7:1$P4:5:5:2:0|P5:8:3:1:1|P6:2:7:3:0|P7:10:6:1:0,"3,1,1,0",0.0
A0:10:0:2|A1:7:0:1|A2:0:3:1|A3:11:7:1$P4:5:5:2:0|P5:8:3:1:1|P6:2:7:3:0|P7:10:6:1:0,"0,2,1,2",0.0
A0:10:0:2|A1:7:0:1|A2:0:3:1|A3:11:7:1$P4:5:5:2:0|P5:8:3:1:1|P6:2:7:3:0|P7:10:6:1:0,"2,3,1,0",0.0
A0:10:0:2|A1:7:0:1|A2:0:3:1|A3:11:7:1$P4:5:5:2:0|P5:8:3:1:1|P6:2:7:3:0|P7:10:6:1:0,"1,3,0,3",0.0
A0:10:0:2|A1:7:0:1|A2:0:3:1|A3:11:7:1$P4:5:5:2:0|P5:8:3:1:1|P6:2:7:3:0|P7:10:6:1:0,"1,3,3,3",0.0
A0:10:0:2|A1:7:0:1|A2:0:3:1|A3:11:7:1$P4:5:5:2:0|P5:8:3:1:1|P6:2:7:3:0|P7:10:6:1:0,"1,0,3,2",0.0
A0:10:0:2|A1:7:0:1|A2:0:3:1|A3:11:7:1$P4:5:5:2:0|P5:8:3:1:1|P6:2:7:3:0|P7:10:6:1:0,"0,2,0,0",0.0
A0:10:1:2|A1:6:0:1|A2:1:3:1|A3:11:6:1$P4:5:5:2:0|P5:8:3:1:1|P6:2:7:3:0|P7:10:6:1:0,"1,3,1,3",0.0
A0:10:1:2|A1:6:0:1|A2:1:3:1|A3:11:6:1$P4:5:5:2:0|P5:8:3:1:1|P6:2:7:3:0|P7:10:6:1:0,"2,3,0,1",0.0
A0:10:1:2|A1:6:0:1|A2:1:3:1|A3:11:6:1$P4:5:5:2:0|P5:8:3:1:1|P6:2:7:3:0|P7:10:6:1:0,"1,1,3,0",0.0
A0:10:1:2|A1:6:0:1|A2:1:3:1|A3:11:6:1$P4:5:5:2:0|P5:8:3:1:1|P6:2:7:3:0|P7:10:6:1:0,"2,3,0,2",0.0
A0:10:1:2|A1:6:0:1|A2:1:3:1|A3:11:6:1$P4:5:5:2:0|P5:8:3:1:1|P6:2:7:3:0|P7:10:6:1:0,"2,1,0,2",0.1
A0:10:1:2|A1:6:0:1|A2:1:3:1|A3:11:6:2$P4:5:5:2:0|P5:8:3:1:1|P6:2:7:3:0|P7:10:6:1:1,"2,1,3,2",0.0
A0:10:1:2|A1:6:0:1|A2:1:3:1|A3:11:6:2$P4:5:5:2:0|P5:8:3:1:1|P6:2:7:3:0|P7:10:6:1:1,"3,3,0,0",0.0
A0:10:1:2|A1:6:0:1|A2:1:3:1|A3:11:6:2$P4:5:5:2:0|P5:8:3:1:1|P6:2:7:3:0|P7:10:6:1:1,"0,0,1,1",0.0
A0:10:1:2|A1:6:0:1|A2:1:3:1|A3:11:6:2$P4:5:5:2:0|P5:8:3:1:1|P6:2:7:3:0|P7:10:6:1:1,"2,3,3,3",0.0
A0:10:1:2|A1:6:0:1|A2:1:3:1|A3:11:6:2$P4:5:5:2:0|P5:8:3:1:1|P6:2:7:3:0|P7:10:6:1:1,"0,2,2,0",0.0
A0:10:1:2|A1:6:0:1|A2:2:3:1|A3:11:6:2$P4:5:5:2:0|P5:8:3:1:1|P6:2:7:3:0|P7:10:6:1:1,"0,3,0,3",0.0
A0:9:1:2|A1:7:0:1|A2:2:3:1|A3:10:6:2$P4:5:5:2:0|P5:8:3:1:1|P6:2:7:3:0|P7:10:6:1:1,"0,0,3,1",0.0
A0:9:1:2|A1:7:0:1|A2:2:3:1|A3:10:6:2$P4:5:5:2:0|P5:8:3:1:1|P6:2:7:3:0|P7:10:6:1:1,"2,2,3,1",0.0
A0:9:1:2|A1:7:0:1|A2:2:3:1|A3:10:6:2$P4:5:5:2:0|P5:8:3:1:1|P6:2:7:3:0|P7:10:6:1:1,"3,2,3,3",0.0
A0:9:1:2|A1:7:0:1|A2:2:3:1|A3:10:6:2$P4:5:5:2:0|P5:8:3:1:1|P6:2:7:3:0|P7:10:6:1:1,"2,0,2,0",0.0
A0:9:1:2|A1:7:0:1|A2:2:3:1|A3:10:6:2$P4:5:5:2:0|P5:8:3:1:1|P6:2:7:3:0|P7:10:6:1:1,"1,3,1,0",0.0
A0:9:1:2|A1:7:0:1|A2:2:3:1|A3:10:6:2$P4:5:5:2:0|P5:8:3:1:1|P6:2:7:3:0|P7:10:6:1:1,"3,3,2,1",0.0
A0:9:1:2|A1:7:0:1|A2:2:3:1|A3:10:6:2$P4:5:5:2:0|P5:8:3:1:1|P6:2:7:3:0|P7:10:6:1:1,"1,0,1,1",0.0
A0:9:1:2|A1:7:0:1|A2:2:3:1|A3:10:6:2$P4:5:5:2:0|P5:8:3:1:1|P6:2:7:3:0|P7:10:6:1:1,"2,3,1,3",0.0
A0:9:1:2|A1:7:0:1|A2:2:3:1|A3:10:6:2$P4:5:5:2:0|P5:8:3:1:1|P6:2:7:3:0|P7:10:6:1:1,"3,2,1,2",0.0
A0:9:1:2|A1:7:0:1|A2:2:3:1|A3:10:6:2$P4:5:5:2:0|P5:8:3:1:1|P6:2:7:3:0|P7:10:6:1:1,"1,1,0,3",0.0
A0:9:1:2|A1:7:0:1|A2:1:3:1|A3:10:6:2$P4:5:5:2:0|P5:8:3:1:1|P6:2:7:3:0|P7:10:6:1:1,"1,0,1,0",0.0
A0:10:1:2|A1:8:0:1|A2:1:3:1|A3:10:5:2$P4:5:5:2:0|P5:8:3:1:1|P6:2:7:3:0|P7:10:6:1:1,"0,0,0,1",0.0
A0:10:1:2|A1:8:0:1|A2:1:3:1|A3:10:5:2$P4:5:5:2:0|P5:8:3:1:1|P6:2:7:3:0|P7:10:6:1:1,"1,3,1,1",0.0
A0:10:1:2|A1:8:0:1|A2:1:3:1|A3:10:5:2$P4:5:5:2:0|P5:8:3:1:1|P6:2:7:3:0|P7:10:6:1:1,"3,3,0,0",0.0
A0:10:1:2|A1:8:0:1|A2:1:3:1|A3:10:5:2$P4:5:5:2:0|P5:8:3:1:1|P6:2:7:3:0|P7:10:6:1:1,"3,3,2,2",0.0
A0:10:1:2|A1:8:0:1|A2:1:3:1|A3:10:5:2$P4:5:5:2:0|P5:8:3:1:1|P6:2:7:3:0|P7:10:6:1:1,"0,3,0,2",0.0
A0:10:1:2|A1:8:0:1|A2:1:3:1|A3:10:5:2$P4:5:5:2:0|P5:8:3:1:1|P6:2:7:3:0|P7:10:6:1:1,"2,1,1,3",0.0
A0:10:1:2|A1:8:0:1|A2:1:3:1|A3:10:5:2$P4:5:5:2:0|P5:8:3:1:1|P6:2:7:3:0|P7:10:6:1:1,"0,1,1,0",0.0
A0:10:1:2|A1:8:0:1|A2:1:3:1|A3:10:5:2$P4:5:5:2:0|P5:8:3:1:1|P6:2:7:3:0|P7:10:6:1:1,"0,2,3,2",0.0
A0:10:1:2|A1:8:0:1|A2:1:3:1|A3:10:5:2$P4:5:5:2:0|P5:8:3:1:1|P6:2:7:3:0|P7:10:6:1:1,"3,0,2,1",0.0
A0:10:1:2|A1:8:0:1|A2:1:3:1|A3:10:5:2$P4:5:5:2:0|P5:8:3:1:1|P6:2:7:3:0|P7:10:6:1:1,"2,2,0,1",0.0
A0:10:1:2|A1:8:0:1|A2:1:2:1|A3:10:5:2$P4:5:5:2:0|P5:8:3:1:1|P6:2:7:3:0|P7:10:6:1:1,"0,0,1,0",0.0
A0:9:1:2|A1:7:0:1|A2:1:2:1|A3:11:5:2$P4:5:5:2:0|P5:8:3:1:1|P6:2:7:3:0|P7:10:6:1:1,"0,2,3,0",0.0
A0:9:1:2|A1:7:0:1|A2:1:2:1|A3:11:5:2$P4:5:5:2:0|P5:8:3:1:1|P6:2:7:3:0|P7:10:6:1:1,"3,1,1,2",0.0
A0:9:1:2|A1:7:0:1|A2:1:2:1|A3:11:5:2$P4:5:5:2:0|P5:8:3:1:1|P6:2:7:3:0|P7:10:6:1:1,"0,0,2,1",0.0
A0:9:1:2|A1:7:0:1|A2:1:2:1|A3:11:5:2$P4:5:5:2:0|P5:8:3:1:1|P6:2:7:3:0|P7:10:6:1:1,"0,1,3,0",0.0
A0:9:1:2|A1:7:0:1|A2:1:2:1|A3:11:5:2$P4:5:5:2:0|P5:8:3:1:1|P6:2:7:3:0|P7:10:6:1:1,"3,2,1,1",0.0
A0:9:1:2|A1:7:0:1|A2:1:2:1|A3:11:5:2$P4:5:5:2:0|P5:8:3:1:1|P6:2:7:3:0|P7:10:6:1:1,"0,0,1,1",0.0
A0:9:1:2|A1:7:0:1|A2:1:2:1|A3:11:5:2$P4:5:5:2:0|P5:8:3:1:1|P6:2:7:3:0|P7:10:6:1:1,"0,2,1,2",0.0
A0:9:1:2|A1:7:0:1|A2:1:2:1|A3:11:5:2$P4:5:5:2:0|P5:8:3:1:1|P6:2:7:3:0|P7:10:6:1:1,"2,1,3,3",0.0
A0:9:1:2|A1:7:0:1|A2:1:2:1|A3:11:5:2$P4:5:5:2:0|P5:8:3:1:1|P6:2:7:3:0|P7:10:6:1:1,"1,1,2,1",0.0
A0:9:2:2|A1:7:0:1|A2:1:1:1|A3:11:5:2$P4:5:5:2:0|P5:8:3:1:1|P6:2:7:3:0|P7:10:6:1:1,"2,3,2,0",0.0
A0:9:2:2|A1:7:1:1|A2:1:1:1|A3:11:4:2$P4:5:5:2:0|P5:8:3:1:1|P6:2:7:3:0|P7:10:6:1:1,"0,3,3,0",0.0
A0:9:2:2|A1:7:1:1|A2:1:1:1|A3:11:4:2$P4:5:5:2:0|P5:8:3:1:1|P6:2:7:3:0|P7:10:6:1:1,"2,2,3,1",0.0
A0:9:2:2|A1:7:1:1|A2:1:1:1|A3:11:4:2$P4:5:5:2:0|P5:8:3:1:1|P6:2:7:3:0|P7:10:6:1:1,"2,2,0,1",0.0
A0:9:2:2|A1:7:1:1|A2:1:1:1|A3:11:4:2$P4:5:5:2:0|P5:8:3:1:1|P6:2:7:3:0|P7:10:6:1:1,"3,2,0,0",0.0
A0:9:2:2|A1:7:1:1|A2:1:1:1|A3:11:4:2$P4:5:5:2:0|P5:8:3:1:1|P6:2:7:3:0|P7:10:6:1:1,"2,3,3,2",0.0
A0:9:2:2|A1:7:1:1|A2:1:1:1|A3:11:4:2$P4:5:5:2:0|P5:8:3:1:1|P6:2:7:3:0|P7:10:6:1:1,"3,1,0,1",0.0
A0:9:2:2|A1:7:1:1|A2:1:1:1|A3:11:4:2$P4:5:5:2:0|P5:8:3:1:1|P6:2:7:3:0|P7:10:6:1:1,"1,0,3,0",0.0
A0:9:2:2|A1:7:1:1|A2:1:1:1|A3:11:4:2$P4:5:5:2:0|P5:8:3:1:1|P6:2:7:3:0|P7:10:6:1:1,"2,2,1,1",0.0
A0:9:2:2|A1:7:1:1|A2:1:1:1|A3:11:4:2$P4:5:5:2:0|P5:8:3:1:1|P6:2:7:3:0|P7:10:6:1:1,"3,0,1,0",0.0
A0:9:2:2|A1:7:1:1|A2:1:1:1|A3:11:4:2$P4:5:5:2:0|P5:8:3:1:1|P6:2:7:3:0|P7:10:6:1:1,"0,2,0,1",0.0
A0:9:2:2|A1:7:1:1|A2:1:2:1|A3:11:3:2$P4:5:5:2:0|P5:8:3:1:1|P6:2:7:3:0|P7:10:6:1:1,"0,3,2,0",0.0
A0:10:2:2|A1:7:0:1|A2:1:2:1|A3:11:3:2$P4:5:5:2:0|P5:8:3:1:1|P6:2:7:3:0|P7:10:6:1:1,"1,3,2,2",0.0
A0:10:2:2|A1:7:0:1|A2:1:2:1|A3:11:3:2$P4:5:5:2:0|P5:8:3:1:1|P6:2:7:3:0|P7:10:6:1:1,"1,1,1,3",0.0
A0:10:2:2|A1:7:0:1|A2:1:2:1|A3:11:3:2$P4:5:5:2:0|P5:8:3:1:1|P6:2:7:3:0|P7:10:6:1:1,"1,1,3,2",0.0
A0:10:2:2|A1:7:0:1|A2:1:2:1|A3:11:3:2$P4:5:5:2:0|P5:8:3:1:1|P6:2:7:3:0|P7:10:6:1:1,"3,0,1,1",0.0
A0:10:2:2|A1:7:0:1|A2:1:2:1|A3:11:3:2$P4:5:5:2:0|P5:8:3:1:1|P6:2:7:3:0|P7:10:6:1:1,"3,2,0,1",0.0
A0:10:2:2|A1:7:0:1|A2:1:2:1|A3:11:3:2$P4:5:5:2:0|P5:8:3:1:1|P6:2:7:3:0|P7:10:6:1:1,"1,2,3,2",0.0
A0:10:2:2|A1:7:0:1|A2:1:2:1|A3:11:3:2$P4:5:5:2:0|P5:8:3:1:1|P6:2:7:3:0|P7:10:6:1:1,"2,2,0,2",0.0
A0:10:2:2|A1:7:0:1|A2:1:2:1|A3:11:3:2$P4:5:5:2:0|P5:8:3:1:1|P6:2:7:3:0|P7:10:6:1:1,"2,3,1,3",0.0
A0:10:2:2|A1:7:0:1|A2:1:2:1|A3:11:3:2$P4:5:5:2:0|P5:8:3:1:1|P6:2:7:3:0|P7:10:6:1:1,"1,1,0,2",0.0
A0:10:2:2|A1:7:0:1|A2:1:2:1|A3:11:3:2$P4:5:5:2:0|P5:8:3:1:1|P6:2:7:3:0|P7:10:6:1:1,"2,0,1,2",0.0
A0:10:1:2|A1:7:0:1|A2:2:2:1|A3:11:3:2$P4:5:5:2:0|P5:8:3:1:1|P6:2:7:3:0|P7:10:6:1:1,"1,2,2,3",0.0
A0:10:1:2|A1:6:0:1|A2:2:2:1|A3:10:3:2$P4:5:5:2:0|P5:8:3:1:1|P6:2:7:3:0|P7:10:6:1:1,"3,0,0,1",0.0
A0:10:1:2|A1:6:0:1|A2:2:2:1|A3:10:3:2$P4:5:5:2:0|P5:8:3:1:1|P6:2:7:3:0|P7:10:6:1:1,"0,3,2,3",0.0
A0:10:1:2|A1:6:0:1|A2:2:2:1|A3:10:3:2$P4:5:5:2:0|P5:8:3:1:1|P6:2:7:3:0|P7:10:6:1:1,"3,2,2,3",0.0
A0:10:1:2|A1:6:0:1|A2:2:2:1|A3:10:3:2$P4:5:5:2:0|P5:8:3:1:1|P6:2:7:3:0|P7:10:6:1:1,"2,2,1,0",0.0
A0:10:1:2|A1:6:0:1|A2:2:2:1|A3:10:3:2$P4:5:5:2:0|P5:8:3:1:1|P6:2:7:3:0|P7:10:6:1:1,"1,2,2,1",0.0
A0:10:1:2|A1:6:0:1|A2:2:2:1|A3:10:3:2$P4:5:5:2:0|P5:8:3:1:1|P6:2:7:3:0|P7:10:6:1:1,"3,2,2,1",0.0
A0:10:1:2|A1:6:0:1|A2:2:2:1|A3:10:3:2$P4:5:5:2:0|P5:8:3:1:1|P6:2:7:3:0|P7:10:6:1:1,"3,1,1,1",0.0
A0:10:1:2|A1:6:0:1|A2:2:2:1|A3:10:3:2$P4:5:5:2:0|P5:8:3:1:1|P6:2:7:3:0|P7:10:6:1:1,"3,1,1,3",0.0
A0:10:1:2|A1:6:0:1|A2:2:2:1|A3:10:3:2$P4:5:5:2:0|P5:8:3:1:1|P6:2:7:3:0|P7:10:6:1:1,"1,3,1,2",0.0
A0:10:1:2|A1:6:0:1|A2:2:2:1|A3:10:3:2$P4:5:5:2:0|P5:8:3:1:1|P6:2:7:3:0|P7:10:6:1:1,"2,1,3,0",0.0
A0:10:1:2|A1:6:0:1|A2:1:2:1|A3:10:2:2$P4:5:5:2:0|P5:8:3:1:1|P6:2:7:3:0|P7:10:6:1:1,"3,3,3,2",0.0
A0:11:1:2|A1:5:0:1|A2:1:2:1|A3:10:2:2$P4:5:5:2:0|P5:8:3:1:1|P6:2:7:3:0|P7:10:6:1:1,"1,0,0,2",0.0
A0:11:1:2|A1:5:0:1|A2:1:2:1|A3:10:2:2$P4:5:5:2:0|P5:8:3:1:1|P6:2:7:3:0|P7:10:6:1:1,"0,2,1,3",0.0
A0:11:1:2|A1:5:0:1|A2:1:2:1|A3:10:2:2$P4:5:5:2:0|P5:8:3:1:1|P6:2:7:3:0|P7:10:6:1:1,"2,2,1,3",0.0
A0:11:1:2|A1:5:0:1|A2:1:2:1|A3:10:2:2$P4:5:5:2:0|P5:8:3:1:1|P6:2:7:3:0|P7:10:6:1:1,"0,1,1,0",0.0
A0:11:1:2|A1:5:0:1|A2:1:2:1|A3:10:2:2$P4:5:5:2:0|P5:8:3:1:1|P6:2:7:3:0|P7:10:6:1:1,"1,2,0,2",0.0
A0:11:1:2|A1:5:0:1|A2:1:2:1|A3:10:2:2$P4:5:5:2:0|P5:8:3:1:1|P6:2:7:3:0|P7:10:6:1:1,"3,0,0,1",0.0
A0:11:1:2|A1:5:0:1|A2:1:2:1|A3:10:2:2$P4:5:5:2:0|P5:8:3:1:1|P6:2:7:3:0|P7:10:6:1:1,"2,1,3,1",0.0
A0:11:1:2|A1:5:0:1|A2:1:2:1|A3:10:2:2$P4:5:5:2:0|P5:8:3:1:1|P6:2:7:3:0|P7:10:6:1:1,"3,2,2,1",0.0
A0:11:1:2|A1:5:0:1|A2:1:2:1|A3:10:2:2$P4:5:5:2:0|P5:8:3:1:1|P6:2:7:3:0|P7:10:6:1:1,"0,1,3,2",0.0
A0:11:1:2|A1:5:0:1|A2:1:2:1|A3:10:2:2$P4:5:5:2:0|P5:8:3:1:1|P6:2:7:3:0|P7:10:6:1:1,"1,1,0,0",0.0
A0:11:1:2|A1:5:0:1|A2:1:3:1|A3:10:1:2$P4:5:5:2:0|P5:8:3:1:1|P6:2:7:3:0|P7:10:6:1:1,"1,1,2,2",0.0
A0:12:1:2|A1:5:1:1|A2:1:3:1|A3:10:1:2$P4:5:5:2:0|P5:8:3:1:1|P6:2:7:3:0|P7:10:6:1:1,"3,0,2,1",0.0
A0:12:1:2|A1:5:1:1|A2:1:3:1|A3:10:1:2$P4:5:5:2:0|P5:8:3:1:1|P6:2:7:3:0|P7:10:6:1:1,"0,2,3,1",0.0
A0:12:1:2|A1:5:1:1|A2:1:3:1|A3:10:1:2$P4:5:5:2:0|P5:8:3:1:1|P6:2:7:3:0|P7:10:6:1:1,"0,3,0,0",0.0
A0:12:1:2|A1:5:1:1|A2:1:3:1|A3:10:1:2$P4:5:5:2:0|P5:8:3:1:1|P6:2:7:3:0|P7:10:6:1:1,"2,1,1,3",0.0
A0:12:1:2|A1:5:1:1|A2:1:3:1|A3:10:1:2$P4:5:5:2:0|P5:8:3:1:1|P6:2:7:3:0|P7:10:6:1:1,"2,2,1,1",0.0
A0:12:1:2|A1:5:1:1|A2:1:3:1|A3:10:1:2$P4:5:5:2:0|P5:8:3:1:1|P6:2:7:3:0|P7:10:6:1:1,"1,2,3,3",0.0
A0:12:1:2|A1:5:1:1|A2:1:3:1|A3:10:1:2$P4:5:5:2:0|P5:8:3:1:1|P6:2:7:3:0|P7:10:6:1:1,"0,2,0,1",0.0
A0:12:1:2|A1:5:1:1|A2:1:3:1|A3:10:1:2$P4:5:5:2:0|P5:8:3:1:1|P6:2:7:3:0|P7:10:6:1:1,"3,2,3,1",0.0
A0:12:1:2|A1:5:1:1|A2:1:3:1|A3:10:1:2$P4:5:5:2:0|P5:8:3:1:1|P6:2:7:3:0|P7:10:6:1:1,"2,1,2,1",0.0
A0:12:1:2|A1:5:1:1|A2:1:3:1|A3:10:1:2$P4:5:5:2:0|P5:8:3:1:1|P6:2:7:3:0|P7:10:6:1:1,"3,1,1,0",0.0
A0:12:1:2|A1:5:1:1|A2:2:3:1|A3:10:1:2$P4:5:5:2:0|P5:8:3:1:1|P6:2:7:3:0|P7:10:6:1:1,"2,3,2,2",0.0
A0:12:0:2|A1:4:1:1|A2:2:3:1|A3:11:1:2$P4:5:5:2:0|P5:8:3:1:1|P6:2:7:3:0|P7:10:6:1:1,"2,3,1,1",0.0
A0:12:0:2|A1:4:1:1|A2:2:3:1|A3:11:1:2$P4:5:5:2:0|P5:8:3:1:1|P6:2:7:3:0|P7:10:6:1:1,"0,2,3,3",0.0
A0:12:0:2|A1:4:1:1|A2:2:3:1|A3:11:1:2$P4:5:5:2:0|P5:8:3:1:1|P6:2:7:3:0|P7:10:6:1:1,"1,0,2,0",0.0
A0:12:0:2|A1:4:1:1|A2:2:3:1|A3:11:1:2$P4:5:5:2:0|P5:8:3:1:1|P6:2:7:3:0|P7:10:6:1:1,"0,0,1,0",0.0
A0:12:0:2|A1:4:1:1|A2:2:3:1|A3:11:1:2$P4:5:5:2:0|P5:8:3:1:1|P6:2:7:3:0|P7:10:6:1:1,"2,1,1,1",0.0
A0:12:0:2|A1:4:1:1|A2:2:3:1|A3:11:1:2$P4:5:5:2:0|P5:8:3:1:1|P6:2:7:3:0|P7:10:6:1:1,"0,2,3,1",0.0
A0:12:0:2|A1:4:1:1|A2:2:3:1|A3:11:1:2$P4:5:5:2:0|P5:8:3:1:1|P6:2:7:3:0|P7:10:6:1:1,"1,0,0,1",0.0
A0:12:0:2|A1:4:1:1|A2:2:3:1|A3:11:1:2$P4:5:5:2:0|P5:8:3:1:1|P6:2:7:3:0|P7:10:6:1:1,"0,2,2,1",0.0
A0:12:0:2|A1:4:1:1|A2:2:3:1|A3:11:1:2$P4:5:5:2:0|P5:8:3:1:1|P6:2:7:3:0|P7:10:6:1:1,"1,0,3,2",0.0
A0:12:0:2|A1:4:1:1|A2:2:3:1|A3:11:1:2$P4:5:5:2:0|P5:8:3:1:1|P6:2:7:3:0|P7:10:6:1:1,"1,3,0,2",0.0
A0:12:0:2|A1:3:1:1|A2:3:3:1|A3:11:1:2$P4:5:5:2:0|P5:8:3:1:1|P6:2:7:3:0|P7:10:6:1:1,"0,1,1,2",0.0
A0:12:1:2|A1:3:1:1|A2:3:3:1|A3:11:0:2$P4:5:5:2:0|P5:8:3:1:1|P6:2:7:3:0|P7:10:6:1:1,"0,1,2,2",0.0
A0:12:1:2|A1:3:1:1|A2:3:3:1|A3:11:0:2$P4:5:5:2:0|P5:8:3:1:1|P6:2:7:3:0|P7:10:6:1:1,"3,0,1,1",0.0
A0:12:1:2|A1:3:1:1|A2:3:3:1|A3:11:0:2$P4:5:5:2:0|P5:8:3:1:1|P6:2:7:3:0|P7:10:6:1:1,"3,2,2,0",0.0
A0:12:1:2|A1:3:1:1|A2:3:3:1|A3:11:0:2$P4:5:5:2:0|P5:8:3:1:1|P6:2:7:3:0|P7:10:6:1:1,"1,0,0,0",0.0
A0:12:1:2|A1:3:1:1|A2:3:3:1|A3:11:0:2$P4:5:5:2:0|P5:8:3:1:1|P6:2:7:3:0|P7:10:6:1:1,"1,0,3,3",0.0
A0:12:1:2|A1:3:1:1|A2:3:3:1|A3:11:0:2$P4:5:5:2:0|P5:8:3:1:1|P6:2:7:3:0|P7:10:6:1:1,"1,0,2,0",0.0
A0:12:1:2|A1:3:1:1|A2:3:3:1|A3:11:0:2$P4:5:5:2:0|P5:8:3:1:1|P6:2:7:3:0|P7:10:6:1:1,"2,2,2,2",0.0
A0:12:1:2|A1:3:1:1|A2:3:3:1|A3:11:0:2$P4:5:5:2:0|P5:8:3:1:1|P6:2:7:3:0|P7:10:6:1:1,"1,1,2,3",0.0
A0:12:1:2|A1:3:1:1|A2:3:3:1|A3:11:0:2$P4:5:5:2:0|P5:8:3:1:1|P6:2:7:3:0|P7:10:6:1:1,"2,2,3,0",0.0
A0:12:1:2|A1:3:1:1|A2:3:3:1|A3:11:0:2$P4:5:5:2:0|P5:8:3:1:1|P6:2:7:3:0|P7:10:6:1:1,"1,1,0,3",0.0
A0:12:1:2|A1:3:2:1|A2:2:3:1|A3:11:0:2$P4:5:5:2:0|P5:8:3:1:1|P6:2:7:3:0|P7:10:6:1:1,"0,2,1,2",0.0
A0:12:0:2|A1:3:2:1|A2:2:3:1|A3:11:1:2$P4:5:5:2:0|P5:8:3:1:1|P6:2:7:3:0|P7:10:6:1:1,"1,2,1,0",0.0
A0:12:0:2|A1:3:2:1|A2:2:3:1|A3:11:1:2$P4:5:5:2:0|P5:8:3:1:1|P6:2:7:3:0|P7:10:6:1:1,"1,2,3,1",0.0
A0:12:0:2|A1:3:2:1|A2:2:3:1|A3:11:1:2$P4:5:5:2:0|P5:8:3:1:1|P6:2:7:3:0|P7:10:6:1:1,"0,3,2,3",0.0
A0:12:0:2|A1:3:2:1|A2:2:3:1|A3:11:1:2$P4:5:5:2:0|P5:8:3:1:1|P6:2:7:3:0|P7:10:6:1:1,"2,2,0,1",0.0
A0:12:0:2|A1:3:2:1|A2:2:3:1|A3:11:1:2$P4:5:5:2:0|P5:8:3:1:1|P6:2:7:3:0|P7:10:6:1:1,"1,1,1,0",0.0
A0:12:0:2|A1:3:2:1|A2:2:3:1|A3:11:1:2$P4:5:5:2:0|P5:8:3:1:1|P6:2:7:3:0|P7:10:6:1:1,"0,3,3,2",0.0
A0:12:0:2|A1:3:2:1|A2:2:3:1|A3:11:1:2$P4:5:5:2:0|P5:8:3:1:1|P6:2:7:3:0|P7:10:6:1:1,"3,1,3,2",0.0
A0:12:0:2|A1:3:2:1|A2:2:3:1|A3:11:1:2$P4:5:5:2:0|P5:8:3:1:1|P6:2:7:3:0|P7:10:6:1:1,"3,1,1,3",0.0
A0:12:0:2|A1:3:2:1|A2:2:3:1|A3:11:1:2$P4:5:5:2:0|P5:8:3:1:1|P6:2:7:3:0|P7:10:6:1:1,"1,2,3,3",0.0
A0:12:0:2|A1:3:2:1|A2:2:3:1|A3:11:1:2$P4:5:5:2:0|P5:8:3:1:1|P6:2:7:3:0|P7:10:6:1:1,"2,1,1,0",0.0
A0:12:0:2|A1:4:2:1|A2:3:3:1|A3:11:1:2$P4:5:5:2:0|P5:8:3:1:1|P6:2:7:3:0|P7:10:6:1:1,"0,0,3,0",0.0
A0:12:1:2|A1:4:2:1|A2:3:3:1|A3:10:1:2$P4:5:5:2:0|P5:8:3:1:1|P6:2:7:3:0|P7:10:6:1:1,"0,1,2,3",0.0
A0:12:1:2|A1:4:2:1|A2:3:3:1|A3:10:1:2$P4:5:5:2:0|P5:8:3:1:1|P6:2:7:3:0|P7:10:6:1:1,"1,1,3,3",0.0
A0:12:1:2|A1:4:2:1|A2:3:3:1|A3:10:1:2$P4:5:5:2:0|P5:8:3:1:1|P6:2:7:3:0|P7:10:6:1:1,"2,1,1,1",0.0
A0:12:1:2|A1:4:2:1|A2:3:3:1|A3:10:1:2$P4:5:5:2:0|P5:8:3:1:1|P6:2:7:3:0|P7:10:6:1:1,"0,0,1,1",0.0
A0:12:1:2|A1:4:2:1|A2:3:3:1|A3:10:1:2$P4:5:5:2:0|P5:8:3:1:1|P6:2:7:3:0|P7:10:6:1:1,"3,3,0,3",0.0
A0:12:1:2|A1:4:2:1|A2:3:3:1|A3:10:1:2$P4:5:5:2:0|P5:8:3:1:1|P6:2:7:3:0|P7:10:6:1:1,"3,3,0,1",0.0
A0:12:1:2|A1:4:2:1|A2:3:3:1|A3:10:1:2$P4:5:5:2:0|P5:8:3:1:1|P6:2:7:3:0|P7:10:6:1:1,"1,0,2,1",0.0
A0:12:1:2|A1:4:2:1|A2:3:3:1|A3:10:1:2$P4:5:5:2:0|P5:8:3:1:1|P6:2:7:3:0|P7:10:6:1:1,"3,1,2,0",0.0
A0:12:1:2|A1:4:2:1|A2:3:3:1|A3:10:1:2$P4:5:5:2:0|P5:8:3:1:1|P6:2:7:3:0|P7:10:6:1:1,"3,3,0,0",0.0
A0:12:1:2|A1:4:2:1|A2:3:4:1|A3:10:1:2$P4:5:5:2:0|P5:8:3:1:1|P6:2:7:3:0|P7:10:6:1:1,"0,3,3,3",0.0
A0:12:0:2|A1:5:2:1|A2:3:4:1|A3:10:0:2$P4:5:5:2:0|P5:8:3:1:1|P6:2:7:3:0|P7:10:6:1:1,"0,0,0,2",0.0
A0:12:0:2|A1:5:2:1|A2:3:4:1|A3:10:0:2$P4:5:5:2:0|P5:8:3:1:1|P6:2:7:3:0|P7:10:6:1:1,"0,2,2,1",0.0
A0:12:0:2|A1:5:2:1|A2:3:4:1|A3:10:0:2$P4:5:5:2:0|P5:8:3:1:1|P6:2:7:3:0|P7:10:6:1:1,"1,0,2,3",0.0
A0:12:0:2|A1:5:2:1|A2:3:4:1|A3:10:0:2$P4:5:5:2:0|P5:8:3:1:1|P6:2:7:3:0|P7:10:6:1:1,"3,3,2,0",0.0
A0:12:0:2|A1:5:2:1|A2:3:4:1|A3:10:0:2$P4:5:5:2:0|P5:8:3:1:1|P6:2:7:3:0|P7:10:6:1:1,"1,2,3,0",0.0
A0:12:0:2|A1:5:2:1|A2:3:4:1|A3:10:0:2$P4:5:5:2:0|P5:8:3:1:1|P6:2:7:3:0|P7:10:6:1:1,"3,0,2,2",0.0
A0:12:0:2|A1:5:2:1|A2:3:4:1|A3:10:0:2$P4:5:5:2:0|P5:8:3:1:1|P6:2:7:3:0|P7:10:6:1:1,"0,3,2,3",0.0
A0:12:0:2|A1:5:2:1|A2:3:4:1|A3:10:0:2$P4:5:5:2:0|P5:8:3:1:1|P6:2:7:3:0|P7:10:6:1:1,"2,3,2,0",0.0
A0:12:0:2|A1:5:2:1|A2:3:4:1|A3:10:0:2$P4:5:5:2:0|P5:8:3:1:1|P6:2:7:3:0|P7:10:6:1:1,"2,0,1,2",0.0
A0:12:0:2|A1:5:2:1|A2:3:4:1|A3:10:0:2$P4:5:5:2:0|P5:8:3:1:1|P6:2:7:3:0|P7:10:6:1:1,"1,1,2,2",0.0
A0:12:0:2|A1:5:3:1|A2:2:4:1|A3:10:0:2$P4:5:5:2:0|P5:8:3:1:1|P6:2:7:3:0|P7:10:6:1:1,"3,3,2,2",0.0
A0:11:0:2|A1:5:3:1|A2:2:4:1|A3:9:0:2$P4:5:5:2:0|P5:8:3:1:1|P6:2:7:3:0|P7:10:6:1:1,"2,2,0,2",0.0
A0:11:0:2|A1:5:3:1|A2:2:4:1|A3:9:0:2$P4:5:5:2:0|P5:8:3:1:1|P6:2:7:3:0|P7:10:6:1:1,"0,3,0,0",0.0
A0:11:0:2|A1:5:3:1|A2:2:4:1|A3:9:0:2$P4:5:5:2:0|P5:8:3:1:1|P6:2:7:3:0|P7:10:6:1:1,"2,0,3,2",0.0
A0:11:0:2|A1:5:3:1|A2:2:4:1|A3:9:0:2$P4:5:5:2:0|P5:8:3:1:1|P6:2:7:3:0|P7:10:6:1:1,"0,3,2,2",0.0
A0:11:0:2|A1:5:3:1|A2:2:4:1|A3:9:0:2$P4:5:5:2:0|P5:8:3:1:1|P6:2:7:3:0|P7:10:6:1:1,"3,0,2,2",0.0
A0:11:0:2|A1:5:3:1|A2:2:4:1|A3:9:0:2$P4:5:5:2:0|P5:8:3:1:1|P6:2:7:3:0|P7:10:6:1:1,"0,0,1,1",0.0
A0:11:0:2|A1:5:3:1|A2:2:4:1|A3:9:0:2$P4:5:5:2:0|P5:8:3:1:1|P6:2:7:3:0|P7:10:6:1:1,"1,1,2,0",0.0
A0:11:0:2|A1:5:3:1|A2:2:4:1|A3:9:0:2$P4:5:5:2:0|P5:8:3:1:1|P6:2:7:3:0|P7:10:6:1:1,"3,3,0,1",0.0
A0:11:0:2|A1:5:3:1|A2:2:4:1|A3:9:0:2$P4:5:5:2:0|P5:8:3:1:1|P6:2:7:3:0|P7:10:6:1:1,"3,1,0,3",0.0
A0:11:0:2|A1:5:3:1|A2:2:4:1|A3:9:0:2$P4:5:5:2:0|P5:8:3:1:1|P6:2:7:3:0|P7:10:6:1:1,"0,0,0,2",0.0
A0:11:0:2|A1:5:4:1|A2:2:3:1|A3:9:0:2$P4:5:5:2:0|P5:8:3:1:1|P6:2:7:3:0|P7:10:6:1:1,"0,2,2,3",0.0
A0:11:1:2|A1:5:4:1|A2:2:3:1|A3:8:0:2$P4:5:5:2:0|P5:8:3:1:1|P6:2:7:3:0|P7:10:6:1:1,"1,1,2,3",0.0
A0:11:1:2|A1:5:4:1|A2:2:3:1|A3:8:0:2$P4:5:5:2:0|P5:8:3:1:1|P6:2:7:3:0|P7:10:6:1:1,"2,1,2,0",0.0
A0:11:1:2|A1:5:4:1|A2:2:3:1|A3:8:0:2$P4:5:5:2:0|P5:8:3:1:1|P6:2:7:3:0|P7:10:6:1:1,"0,0,1,0",0.0
A0:11:1:2|A1:5:4:1|A2:2:3:1|A3:8:0:2$P4:5:5:2:0|P5:8:3:1:1|P6:2:7:3:0|P7:10:6:1:1,"1,3,1,3",0.0
A0:11:1:2|A1:5:4:1|A2:2:3:1|A3:8:0:2$P4:5:5:2:0|P5:8:3:1:1|P6:2:7:3:0|P7:10:6:1:1,"2,0,3,0",0.0
A0:11:1:2|A1:5:4:1|A2:2:3:1|A3:8:0:2$P4:5:5:2:0|P5:8:3:1:1|P6:2:7:3:0|P7:10:6:1:1,"2,2,2,2",0.0
A0:11:1:2|A1:5:4:1|A2:2:3:1|A3:8:0:2$P4:5:5:2:0|P5:8:3:1:1|P6:2:7:3:0|P7:10:6:1:1,"3,3,3,0",0.0
A0:11:1:2|A1:5:4:1|A2:2:3:1|A3:8:0:2$P4:5:5:2:0|P5:8:3:1:1|P6:2:7:3:0|P7:10:6:1:1,"3,3,2,1",0.0
A0:11:1:2|A1:5:4:1|A2:2:3:1|A3:8:0:2$P4:5:5:2:0|P5:8:3:1:1|P6:2:7:3:0|P7:10:6:1:1,"0,3,3,1",0.0
A0:11:1:2|A1:5:4:1|A2:2:3:1|A3:8:0:2$P4:5:5:2:0|P5:8:3:1:1|P6:2:7:3:0|P7:10:6:1:1,"3,0,0,2",0.0
A0:11:1:2|A1:5:4:1|A2:1:3:1|A3:8:0:2$P4:5:5:2:0|P5:8:3:1:1|P6:2:7:3:0|P7:10:6:1:1,"2,1,1,1",0.0
A0:10:1:2|A1:4:4:1|A2:1:3:1|A3:7:0:2$P4:5:5:2:0|P5:8:3:1:1|P6:2:7:3:0|P7:10:6:1:1,"2,0,3,2",0.0
A0:10:1:2|A1:4:4:1|A2:1:3:1|A3:7:0:2$P4:5:5:2:0|P5:8:3:1:1|P6:2:7:3:0|P7:10:6:1:1,"3,2,0,0",0.0
A0:10:1:2|A1:4:4:1|A2:1:3:1|A3:7:0:2$P4:5:5:2:0|P5:8:3:1:1|P6:2:7:3:0|P7:10:6:1:1,"3,3,0,0",0.0
A0:10:1:2|A1:4:4:1|A2:1:3:1|A3:7:0:2$P4:5:5:2:0|P5:8:3:1:1|P6:2:7:3:0|P7:10:6:1:1,"0,2,1,3",0.0
A0:10:1:2|A1:4:4:1|A2:1:3:1|A3:7:0:2$P4:5:5:2:0|P5:8:3:1:1|P6:2:7:3:0|P7:10:6:1:1,"0,1,0,0",0.0
A0:10:1:2|A1:4:4:1|A2:1:3:1|A3:7:0:2$P4:5:5:2:0|P5:8:3:1:1|P6:2:7:3:0|P7:10:6:1:1,"0,0,0,3",0.0
A0:10:1:2|A1:4:4:1|A2:1:3:1|A3:7:0:2$P4:5:5:2:0|P5:8:3:1:1|P6:2:7:3:0|P7:10:6:1:1,"0,1,2,2",0.0
A0:10:1:2|A1:4:4:1|A2:1:3:1|A3:7:0:2$P4:5:5:2:0|P5:8:3:1:1|P6:2:7:3:0|P7:10:6:1:1,"2,2,3,3",0.0
A0:10:1:2|A1:4:4:1|A2:1:3:1|A3:7:0:2$P4:5:5:2:0|P5:8:3:1:1|P6:2:7:3:0|P7:10:6:1:1,"2,0,0,1",0.0
A0:10:1:2|A1:4:4:1|A2:1:3:1|A3:7:0:2$P4:5:5:2:0|P5:8:3:1:1|P6:2:7:3:0|P7:10:6:1:1,"2,3,3,1",0.0
A0:10:2:2|A1:4:4:1|A2:1:4:1|A3:7:0:2$P4:5:5:2:0|P5:8:3:1:1|P6:2:7:3:0|P7:10:6:1:1,"3,3,0,2",0.0
A0:10:2:2|A1:4:5:1|A2:1:4:1|A3:8:0:2$P4:5:5:2:0|P5:8:3:1:1|P6:2:7:3:0|P7:10:6:1:1,"3,2,2,0",0.0
A0:10:2:2|A1:4:5:1|A2:1:4:1|A3:8:0:2$P4:5:5:2:0|P5:8:3:1:1|P6:2:7:3:0|P7:10:6:1:1,"3,0,1,2",0.0
A0:10:2:2|A1:4:5:1|A2:1:4:1|A3:8:0:2$P4:5:5:2:0|P5:8:3:1:1|P6:2:7:3:0|P7:10:6:1:1,"3,3,2,1",0.0
A0:10:2:2|A1:4:5:1|A2:1:4:1|A3:8:0:2$P4:5:5:2:0|P5:8:3:1:1|P6:2:7:3:0|P7:10:6:1:1,"0,1,3,1",0.0
A0:10:2:2|A1:4:5:1|A2:1:4:1|A3:8:0:2$P4:5:5:2:0|P5:8:3:1:1|P6:2:7:3:0|P7:10:6:1:1,"0,3,0,0",0.0
A0:10:2:2|A1:4:5:1|A2:1:4:1|A3:8:0:2$P4:5:5:2:0|P5:8:3:1:1|P6:2:7:3:0|P7:10:6:1:1,"0,0,3,1",0.0
A0:10:2:2|A1:4:5:1|A2:1:4:1|A3:8:0:2$P4:5:5:2:0|P5:8:3:1:1|P6:2:7:3:0|P7:10:6:1:1,"2,1,1,2",0.0
A0:10:2:2|A1:4:5:1|A2:1:4:1|A3:8:0:2$P4:5:5:2:0|P5:8:3:1:1|P6:2:7:3:0|P7:10:6:1:1,"0,1,1,2",0.0
A0:10:2:2|A1:4:5:1|A2:1:4:1|A3:8:0:2$P4:5:5:2:0|P5:8:3:1:1|P6:2:7:3:0|P7:10:6:1:1,"2,1,3,0",0.0
A0:10:2:2|A1:4:5:1|A2:1:4:1|A3:8:0:2$P4:5:5:2:0|P5:8:3:1:1|P6:2:7:3:0|P7:10:6:1:1,"0,2,3,3",0.0
A0:10:3:2|A1:4:5:1|A2:2:4:1|A3:8:0:2$P4:5:5:2:0|P5:8:3:1:1|P6:2:7:3:0|P7:10:6:1:1,"2,3,0,3",0.0
A0:10:3:2|A1:4:6:1|A2:2:4:1|A3:7:0:2$P4:5:5:2:0|P5:8:3:1:1|P6:2:7:3:0|P7:10:6:1:1,"2,2,3,0",0.0
A0:10:3:2|A1:4:6:1|A2:2:4:1|A3:7:0:2$P4:5:5:2:0|P5:8:3:1:1|P6:2:7:3:0|P7:10:6:1:1,"2,3,2,1",0.0
A0:10:3:2|A1:4:6:1|A2:2:4:1|A3:7:0:2$P4:5:5:2:0|P5:8:3:1:1|P6:2:7:3:0|P7:10:6:1:1,"3,1,0,2",0.0
A0:10:3:2|A1:4:6:1|A2:2:4:1|A3:7:0:2$P4:5:5:2:0|P5:8:3:1:1|P6:2:7:3:0|P7:10:6:1:1,"2,1,0,3",0.0
A0:10:3:2|A1:4:6:1|A2:2:4:1|A3:7:0:2$P4:5:5:2:0|P5:8:3:1:1|P6:2:7:3:0|P7:10:6:1:1,"1,3,0,0",0.0
A0:10:3:2|A1:4:6:1|A2:2:4:1|A3:7:0:2$P4:5:5:2:0|P5:8:3:1:1|P6:2:7:3:0|P7:10:6:1:1,"3,2,3,3",0.0
A0:10:3:2|A1:4:6:1|A2:2:4:1|A3:7:0:2$P4:5:5:2:0|P5:8:3:1:1|P6:2:7:3:0|P7:10:6:1:1,"2,3,3,1",0.0
A0:10:3:2|A1:4:6:1|A2:2:4:1|A3:7:0:2$P4:5:5:2:0|P5:8:3:1:1|P6:2:7:3:0|P7:10:6:1:1,"2,0,0,1",0.0
A0:10:3:2|A1:4:6:1|A2:2:4:1|A3:7:0:2$P4:5:5:2:0|P5:8:3:1:1|P6:2:7:3:0|P7:10:6:1:1,"0,3,2,1",0.0
A0:10:3:2|A1:4:6:1|A2:2:4:1|A3:7:0:2$P4:5:5:2:0|P5:8:3:1:1|P6:2:7:3:0|P7:10:6:1:1,"3,0,1,2",0.0
A0:10:3:2|A1:3:6:1|A2:3:4:1|A3:7:0:2$P4:5:5:2:0|P5:8:3:1:1|P6:2:7:3:0|P7:10:6:1:1,"2,3,0,3",0.0
A0:11:3:2|A1:3:6:1|A2:3:4:1|A3:8:0:2$P4:5:5:2:0|P5:8:3:1:1|P6:2:7:3:0|P7:10:6:1:1,"3,1,1,3",0.0
A0:11:3:2|A1:3:6:1|A2:3:4:1|A3:8:0:2$P4:5:5:2:0|P5:8:3:1:1|P6:2:7:3:0|P7:10:6:1:1,"2,1,2,1",0.0
A0:11:3:2|A1:3:6:1|A2:3:4:1|A3:8:0:2$P4:5:5:2:0|P5:8:3:1:1|P6:2:7:3:0|P7:10:6:1:1,"2,1,1,3",0.0
A0:11:3:2|A1:3:6:1|A2:3:4:1|A3:8:0:2$P4:5:5:2:0|P5:8:3:1:1|P6:2:7:3:0|P7:10:6:1:1,"2,3,2,2",0.0
A0:11:3:2|A1:3:6:1|A2:3:4:1|A3:8:0:2$P4:5:5:2:0|P5:8:3:1:1|P6:2:7:3:0|P7:10:6:1:1,"2,0,1,2",0.0
A0:11:3:2|A1:3:6:1|A2:3:4:1|A3:8:0:2$P4:5:5:2:0|P5:8:3:1:1|P6:2:7:3:0|P7:10:6:1:1,"2,0,0,0",0.0
A0:11:3:2|A1:3:6:1|A2:3:4:1|A3:8:0:2$P4:5:5:2:0|P5:8:3:1:1|P6:2:7:3:0|P7:10:6:1:1,"3,3,3,2",0.0
A0:11:3:2|A1:3:6:1|A2:3:4:1|A3:8:0:2$P4:5:5:2:0|P5:8:3:1:1|P6:2:7:3:0|P7:10:6:1:1,"0,2,2,3",0.0
A0:11:3:2|A1:3:6:1|A2:3:4:1|A3:8:0:2$P4:5:5:2:0|P5:8:3:1:1|P6:2:7:3:0|P7:10:6:1:1,"0,0,3,1",0.0
A0:11:3:2|A1:3:6:1|A2:3:4:1|A3:8:0:2$P4:5:5:2:0|P5:8:3:1:1|P6:2:7:3:0|P7:10:6:1:1,"0,3,3,2",0.0
A0:10:3:2|A1:3:7:1|A2:3:5:1|A3:8:1:2$P4:5:5:2:0|P5:8:3:1:1|P6:2:7:3:0|P7:10:6:1:1,"1,2,3,1",0.0
A0:10:3:2|A1:3:7:1|A2:3:5:1|A3:8:1:2$P4:5:5:2:0|P5:8:3:1:1|P6:2:7:3:0|P7:10:6:1:1,"2,1,2,3",0.0
A0:10:3:2|A1:3:7:1|A2:3:5:1|A3:8:1:2$P4:5:5:2:0|P5:8:3:1:1|P6:2:7:3:0|P7:10:6:1:1,"3,1,0,1",0.0
A0:10:3:2|A1:3:7:1|A2:3:5:1|A3:8:1:2$P4:5:5:2:0|P5:8:3:1:1|P6:2:7:3:0|P7:10:6:1:1,"1,2,3,2",0.0
A0:10:3:2|A1:3:7:1|A2:3:5:1|A3:8:1:2$P4:5:5:2:0|P5:8:3:1:1|P6:2:7:3:0|P7:10:6:1:1,"0,0,0,3",0.0
A0:10:3:2|A1:3:7:1|A2:3:5:1|A3:8:1:2$P4:5:5:2:0|P5:8:3:1:1|P6:2:7:3:0|P7:10:6:1:1,"1,1,3,1",0.0
A0:10:3:2|A1:3:7:1|A2:3:5:1|A3:8:1:2$P4:5:5:2:0|P5:8:3:1:1|P6:2:7:3:0|P7:10:6:1:1,"0,2,1,2",0.0
A0:10:3:2|A1:3:7:1|A2:3:5:1|A3:8:1:2$P4:5:5:2:0|P5:8:3:1:1|P6:2:7:3:0|P7:10:6:1:1,"3,0,3,1",0.0
A0:10:3:2|A1:3:7:1|A2:3:5:1|A3:8:1:2$P4:5:5:2:0|P5:8:3:1:1|P6:2:7:3:0|P7:10:6:1:1,"1,0,1,2",0.0
A0:10:3:2|A1:3:7:1|A2:3:5:1|A3:8:1:2$P4:5:5:2:0|P5:8:3:1:1|P6:2:7:3:0|P7:10:6:1:1,"0,3,3,2",0.0
A0:10:2:2|A1:3:7:1|A2:4:5:1|A3:8:1:2$P4:5:5:2:0|P5:8:3:1:1|P6:2:7:3:0|P7:10:6:1:1,"1,0,3,0",0.0
A0:10:2:2|A1:3:6:1|A2:4:5:1|A3:8:0:2$P4:5:5:2:0|P5:8:3:1:1|P6:2:7:3:0|P7:10:6:1:1,"2,1,1,3",0.0
A0:10:2:2|A1:3:6:1|A2:4:5:1|A3:8:0:2$P4:5:5:2:0|P5:8:3:1:1|P6:2:7:3:0|P7:10:6:1:1,"3,2,3,0",0.0
A0:10:2:2|A1:3:6:1|A2:4:5:1|A3:8:0:2$P4:5:5:2:0|P5:8:3:1:1|P6:2:7:3:0|P7:10:6:1:1,"2,1,0,1",0.0
A0:10:2:2|A1:3:6:1|A2:4:5:1|A3:8:0:2$P4:5:5:2:0|P5:8:3:1:1|P6:2:7:3:0|P7:10:6:1:1,"0,2,2,0",0.0
A0:10:2:2|A1:3:6:1|A2:4:5:1|A3:8:0:2$P4:5:5:2:0|P5:8:3:1:1|P6:2:7:3:0|P7:10:6:1:1,"1,1,2,2",0.0
A0:10:2:2|A1:3:6:1|A2:4:5:1|A3:8:0:2$P4:5:5:2:0|P5:8:3:1:1|P6:2:7:3:0|P7:10:6:1:1,"2,1,2,2",0.0
A0:10:2:2|A1:3:6:1|A2:4:5:1|A3:8:0:2$P4:5:5:2:0|P5:8:3:1:1|P6:2:7:3:0|P7:10:6:1:1,"0,1,0,0",0.0
A0:10:2:2|A1:3:6:1|A2:4:5:1|A3:8:0:2$P4:5:5:2:0|P5:8:3:1:1|P6:2:7:3:0|P7:10:6:1:1,"1,3,0,3",0.0
A0:10:2:2|A1:3:6:1|A2:4:5:1|A3:8:0:2$P4:5:5:2:0|P5:8:3:1:1|P6:2:7:3:0|P7:10:6:1:1,"0,2,3,3",0.0
A0:10:2:2|A1:3:6:1|A2:4:5:1|A3:8:0:2$P4:5:5:2:0|P5:8:3:1:1|P6:2:7:3:0|P7:10:6:1:1,"0,3,1,3",0.0
A0:10:2:2|A1:3:6:1|A2:4:5:1|A3:8:0:2$P4:5:5:2:0|P5:8:3:1:1|P6:2:7:3:0|P7:10:6:1:1,"0,3,3,3",0.0
A0:9:2:2|A1:3:5:1|A2:4:6:1|A3:7:0:2$P4:5:5:2:0|P5:8:3:1:1|P6:2:7:3:0|P7:10:6:1:1,"0,2,0,0",0.0
A0:9:2:2|A1:3:5:1|A2:4:6:1|A3:7:0:2$P4:5:5:2:0|P5:8:3:1:1|P6:2:7:3:0|P7:10:6:1:1,"1,3,3,3",0.0
A0:9:2:2|A1:3:5:1|A2:4:6:1|A3:7:0:2$P4:5:5:2:0|P5:8:3:1:1|P6:2:7:3:0|P7:10:6:1:1,"0,3,3,3",0.0
A0:9:2:2|A1:3:5:1|A2:4:6:1|A3:7:0:2$P4:5:5:2:0|P5:8:3:1:1|P6:2:7:3:0|P7:10:6:1:1,"3,1,1,2",0.0
A0:9:2:2|A1:3:5:1|A2:4:6:1|A3:7:0:2$P4:5:5:2:0|P5:8:3:1:1|P6:2:7:3:0|P7:10:6:1:1,"3,2,2,2",0.0
A0:9:2:2|A1:3:5:1|A2:4:6:1|A3:7:0:2$P4:5:5:2:0|P5:8:3:1:1|P6:2:7:3:0|P7:10:6:1:1,"0,3,2,2",0.0
A0:9:2:2|A1:3:5:1|A2:4:6:1|A3:7:0:2$P4:5:5:2:0|P5:8:3:1:1|P6:2:7:3:0|P7:10:6:1:1,"0,1,1,3",0.0
A0:9:2:2|A1:3:5:1|A2:4:6:1|A3:7:0:2$P4:5:5:2:0|P5:8:3:1:1|P6:2:7:3:0|P7:10:6:1:1,"1,1,0,2",0.0
A0:9:2:2|A1:3:5:1|A2:4:6:1|A3:7:0:2$P4:5:5:2:0|P5:8:3:1:1|P6:2:7:3:0|P7:10:6:1:1,"0,3,2,3",0.0
A0:9:2:2|A1:3:5:1|A2:4:6:1|A3:7:0:2$P4:5:5:2:0|P5:8:3:1:1|P6:2:7:3:0|P7:10:6:1:1,"3,0,2,0",0.0
A0:9:3:2|A1:4:5:1|A2:3:6:1|A3:7:0:2$P4:5:5:2:0|P5:8:3:1:1|P6:2:7:3:0|P7:10:6:1:1,"3,1,1,0",0.0
A0:9:3:2|A1:4:5:1|A2:3:6:1|A3:6:0:2$P4:5:5:2:0|P5:8:3:1:1|P6:2:7:3:0|P7:10:6:1:1,"1,1,3,0",0.0
A0:9:3:2|A1:4:5:1|A2:3:6:1|A3:6:0:2$P4:5:5:2:0|P5:8:3:1:1|P6:2:7:3:0|P7:10:6:1:1,"0,2,2,1",0.0
A0:9:3:2|A1:4:5:1|A2:3:6:1|A3:6:0:2$P4:5:5:2:0|P5:8:3:1:1|P6:2:7:3:0|P7:10:6:1:1,"3,1,2,0",0.0
A0:9:3:2|A1:4:5:1|A2:3:6:1|A3:6:0:2$P4:5:5:2:0|P5:8:3:1:1|P6:2:7:3:0|P7:10:6:1:1,"3,2,2,2",0.0
A0:9:3:2|A1:4:5:1|A2:3:6:1|A3:6:0:2$P4:5:5:2:0|P5:8:3:1:1|P6:2:7:3:0|P7:10:6:1:1,"1,2,1,2",0.0
A0:9:3:2|A1:4:5:1|A2:3:6:1|A3:6:0:2$P4:5:5:2:0|P5:8:3:1:1|P6:2:7:3:0|P7:10:6:1:1,"2,0,3,3",0.0
A0:9:3:2|A1:4:5:1|A2:3:6:1|A3:6:0:2$P4:5:5:2:0|P5:8:3:1:1|P6:2:7:3:0|P7:10:6:1:1,"3,0,0,1",0.0
A0:9:3:2|A1:4:5:1|A2:3:6:1|A3:6:0:2$P4:5:5:2:0|P5:8:3:1:1|P6:2:7:3:0|P7:10:6:1:1,"1,3,0,3",0.0
A0:9:3:2|A1:4:5:1|A2:3:6:1|A3:6:0:2$P4:5:5:2:0|P5:8:3:1:1|P6:2:7:3:0|P7:10:6:1:1,"3,0,1,1",0.0
A0:9:3:2|A1:4:5:1|A2:3:6:1|A3:6:0:2$P4:5:5:2:0|P5:8:3:1:1|P6:2:7:3:0|P7:10:6:1:1,"3,0,2,0",0.0
A0:9:3:2|A1:4:5:1|A2:2:6:1|A3:6:0:2$P4:5:5:2:0|P5:8:3:1:1|P6:2:7:3:0|P7:10:6:1:1,"0,3,2,2",0.0
A0:8:3:2|A1:4:6:1|A2:2:6:1|A3:7:0:2$P4:5:5:2:0|P5:8:3:1:1|P6:2:7:3:0|P7:10:6:1:1,"2,2,2,2",0.0
A0:8:3:2|A1:4:6:1|A2:2:6:1|A3:7:0:2$P4:5:5:2:0|P5:8:3:1:1|P6:2:7:3:0|P7:10:6:1:1,"2,0,3,2",0.0
A0:8:3:2|A1:4:6:1|A2:2:6:1|A3:7:0:2$P4:5:5:2:0|P5:8:3:1:1|P6:2:7:3:0|P7:10:6:1:1,"2,3,2,1",0.0
A0:8:3:2|A1:4:6:1|A2:2:6:1|A3:7:0:2$P4:5:5:2:0|P5:8:3:1:1|P6:2:7:3:0|P7:10:6:1:1,"0,1,0,3",0.0
A0:8:3:2|A1:4:6:1|A2:2:6:1|A3:7:0:2$P4:5:5:2:0|P5:8:3:1:1|P6:2:7:3:0|P7:10:6:1:1,"0,1,0,0",0.0
A0:8:3:2|A1:4:6:1|A2:2:6:1|A3:7:0:2$P4:5:5:2:0|P5:8:3:1:1|P6:2:7:3:0|P7:10:6:1:1,"0,3,3,0",0.0
A0:8:3:2|A1:4:6:1|A2:2:6:1|A3:7:0:2$P4:5:5:2:0|P5:8:3:1:1|P6:2:7:3:0|P7:10:6:1:1,"2,0,2,0",0.0
A0:8:3:2|A1:4:6:1|A2:2:6:1|A3:7:0:2$P4:5:5:2:0|P5:8:3:1:1|P6:2:7:3:0|P7:10:6:1:1,"2,1,1,0",0.0
A0:8:3:2|A1:4:6:1|A2:2:6:1|A3:7:0:2$P4:5:5:2:0|P5:8:3:1:1|P6:2:7:3:0|P7:10:6:1:1,"3,3,2,1",0.0
A0:8:3:2|A1:4:6:1|A2:2:6:1|A3:7:0:2$P4:5:5:2:0|P5:8:3:1:1|P6:2:7:3:0|P7:10:6:1:1,"2,0,0,2",0.0
A0:8:4:2|A1:4:6:1|A2:3:6:1|A3:7:0:2$P4:5:5:2:0|P5:8:3:1:1|P6:2:7:3:0|P7:10:6:1:1,"1,2,3,0",0.0
A0:8:4:2|A1:5:6:1|A2:3:6:1|A3:7:1:2$P4:5:5:2:0|P5:8:3:1:1|P6:2:7:3:0|P7:10:6:1:1,"1,2,0,1",0.0
A0:8:4:2|A1:5:6:1|A2:3:6:1|A3:7:1:2$P4:5:5:2:0|P5:8:3:1:1|P6:2:7:3:0|P7:10:6:1:1,"1,2,3,0",0.0
A0:8:4:2|A1:5:6:1|A2:3:6:1|A3:7:1:2$P4:5:5:2:0|P5:8:3:1:1|P6:2:7:3:0|P7:10:6:1:1,"0,3,2,1",0.0
A0:8:4:2|A1:5:6:1|A2:3:6:1|A3:7:1:2$P4:5:5:2:0|P5:8:3:1:1|P6:2:7:3:0|P7:10:6:1:1,"3,2,3,1",0.0
A0:8:4:2|A1:5:6:1|A2:3:6:1|A3:7:1:2$P4:5:5:2:0|P5:8:3:1:1|P6:2:7:3:0|P7:10:6:1:1,"3,1,1,1",0.0
A0:8:4:2|A1:5:6:1|A2:3:6:1|A3:7:1:2$P4:5:5:2:0|P5:8:3:1:1|P6:2:7:3:0|P7:10:6:1:1,"1,1,3,3",0.0
A0:8:4:2|A1:5:6:1|A2:3:6:1|A3:7:1:2$P4:5:5:2:0|P5:8:3:1:1|P6:2:7:3:0|P7:10:6:1:1,"3,3,3,0",0.0
A0:8:4:2|A1:5:6:1|A2:3:6:1|A3:7:1:2$P4:5:5:2:0|P5:8:3:1:1|P6:2:7:3:0|P7:10:6:1:1,"1,1,3,1",0.0
A0:8:4:2|A1:5:6:1|A2:3:6:1|A3:7:1:2$P4:5:5:2:0|P5:8:3:1:1|P6:2:7:3:0|P7:10:6:1:1,"1,0,2,3",0.0
A0:8:3:2|A1:5:6:1|A2:4:6:1|A3:7:1:2$P4:5:5:2:0|P5:8:3:1:1|P6:2:7:3:0|P7:10:6:1:1,"3,0,2,3",0.0
A0:8:3:2|A1:6:6:1|A2:4:6:1|A3:8:1:2$P4:5:5:2:0|P5:8:3:1:1|P6:2:7:3:0|P7:10:6:1:1,"1,3,2,2",0.0
A0:8:3:2|A1:6:6:1|A2:4:6:1|A3:8:1:2$P4:5:5:2:0|P5:8:3:1:1|P6:2:7:3:0|P7:10:6:1:1,"3,2,2,3",0.0
A0:8:3:2|A1:6:6:1|A2:4:6:1|A3:8:1:2$P4:5:5:2:0|P5:8:3:1:1|P6:2:7:3:0|P7:10:6:1:1,"3,1,1,1",0.0
A0:8:3:2|A1:6:6:1|A2:4:6:1|A3:8:1:2$P4:5:5:2:0|P5:8:3:1:1|P6:2:7:3:0|P7:10:6:1:1,"1,0,3,3",0.0
A0:8:3:2|A1:6:6:1|A2:4:6:1|A3:8:1:2$P4:5:5:2:0|P5:8:3:1:1|P6:2:7:3:0|P7:10:6:1:1,"3,1,3,0",0.0
A0:8:3:2|A1:6:6:1|A2:4:6:1|A3:8:1:2$P4:5:5:2:0|P5:8:3:1:1|P6:2:7:3:0|P7:10:6:1:1,"3,2,1,3",0.0
A0:8:3:2|A1:6:6:1|A2:4:6:1|A3:8:1:2$P4:5:5:2:0|P5:8:3:1:1|P6:2:7:3:0|P7:10:6:1:1,"2,2,2,1",0.0
A0:8:3:2|A1:6:6:1|A2:4:6:1|A3:8:1:2$P4:5:5:2:0|P5:8:3:1:1|P6:2:7:3:0|P7:10:6:1:1,"3,0,0,1",0.0
A0:8:3:2|A1:6:6:1|A2:4:6:1|A3:8:1:2$P4:5:5:2:0|P5:8:3:1:1|P6:2:7:3:0|P7:10:6:1:1,"3,0,0,3",0.0
A0:8:3:2|A1:6:6:1|A2:4:6:1|A3:8:1:2$P4:5:5:2:0|P5:8:3:1:1|P6:2:7:3:0|P7:10:6:1:1,"1,2,2,2",0.0
A0:8:3:2|A1:6:6:1|A2:4:6:1|A3:8:1:2$P4:5:5:2:0|P5:8:3:1:1|P6:2:7:3:0|P7:10:6:1:1,"0,0,0,0",0.0
A0:9:3:2|A1:5:6:1|A2:4:5:1|A3:9:1:2$P4:5:5:2:0|P5:8:3:1:1|P6:2:7:3:0|P7:10:6:1:1,"1,1,3,0",0.0
A0:9:3:2|A1:5:6:1|A2:4:5:1|A3:9:1:2$P4:5:5:2:0|P5:8:3:1:1|P6:2:7:3:0|P7:10:6:1:1,"1,3,3,2",0.0
A0:9:3:2|A1:5:6:1|A2:4:5:1|A3:9:1:2$P4:5:5:2:0|P5:8:3:1:1|P6:2:7:3:0|P7:10:6:1:1,"3,0,2,0",0.0
A0:9:3:2|A1:5:6:1|A2:4:5:1|A3:9:1:2$P4:5:5:2:0|P5:8:3:1:1|P6:2:7:3:0|P7:10:6:1:1,"1,2,1,1",0.0
